{"selectors":["{\"selector\":\"div[data-status-bar-color] > div[data-mcomponent=\\\"MContainer\\\"] > div[data-mcomponent=\\\"MContainer\\\"]\",\"tasks\":[[\"has\",{\"selector\":\"> div[data-mcomponent=\\\"MContainer\\\"] > div[data-mcomponent=\\\"MContainer\\\"] div[data-mcomponent=\\\"TextArea\\\"] .native-text > span\",\"tasks\":[[\"has-text\",\"/(Sponsored|Gesponsert|Sponsorlu|Sponsorowane|Ispoonsara godhameera|Geborg|Bersponsor|Ditaja|Disponsori|Giisponsoran|Sponzorováno|Sponsoreret|Publicidad|May Sponsor|Sponsorisée|Oipytyvôva|Ɗaukar Nayin|Sponzorirano|Uterwa inkunga|Sponsorizzato|Imedhaminiwa|Hirdetés|Misy Mpiantoka|Gesponsord|Sponset|Patrocinado|Patrocinado|Sponsorizat|Sponzorované|Sponsoroitu|Sponsrat|Được tài trợ|Χορηγούμενη|Спонсорирано|Спонзорирано|Ивээн тэтгэсэн|Реклама|Спонзорисано|במימון|سپانسرڈ|دارای پشتیبانی مالی|ስፖንሰር የተደረገ|प्रायोजित|ተደረገ|प|प्रायोजित|স্পনসর্ড|ਪ੍ਰਯੋਜਿਤ|પ્રાયોજિત|ପ୍ରାୟୋଜିତ|செய்யப்பட்ட செய்யப்பட்ட|చేయబడినది చేయబడినది|ಪ್ರಾಯೋಜಿಸಲಾಗಿದೆ|ചെയ്‌തത് ചെയ്‌തത്|ලද ලද ලද|สนับสนุน สนับสนุน รับ สนับสนุน สนับสนุน|ကြော်ငြာ ကြော်ငြာ|ឧបត្ថម្ភ ឧបត្ថម្ភ ឧបត្ថម្ភ|광고|贊助|赞助内容|広告|സ്‌പോൺസർ ചെയ്‌തത്)/\"]]}],[\"spath\",\":not(:has([data-tracking-duration-id]))\"]]}","{\"selector\":\"div[data-status-bar-color] > div[data-mcomponent=\\\"MContainer\\\"] > div[data-mcomponent=\\\"MContainer\\\"]\",\"tasks\":[[\"has\",{\"selector\":\"> div[data-mcomponent=\\\"MContainer\\\"] > div[data-mcomponent=\\\"MContainer\\\"] div[data-mcomponent=\\\"TextArea\\\"] .native-text > span\",\"tasks\":[[\"has-text\",\"/(Sponsored|Gesponsert|Sponsorlu|Sponsorowane|Ispoonsara godhameera|Geborg|Bersponsor|Ditaja|Disponsori|Giisponsoran|Sponzorováno|Sponsoreret|Publicidad|May Sponsor|Sponsorisée|Oipytyvôva|Ɗaukar Nayin|Sponzorirano|Uterwa inkunga|Sponsorizzato|Imedhaminiwa|Hirdetés|Misy Mpiantoka|Gesponsord|Sponset|Patrocinado|Patrocinado|Sponsorizat|Sponzorované|Sponsoroitu|Sponsrat|Được tài trợ|Χορηγούμενη|Спонсорирано|Спонзорирано|Ивээн тэтгэсэн|Реклама|Спонзорисано|במימון|سپانسرڈ|دارای پشتیبانی مالی|ስፖንሰር የተደረገ|प्रायोजित|ተደረገ|प|प्रायोजित|স্পনসর্ড|ਪ੍ਰਯੋਜਿਤ|પ્રાયોજિત|ପ୍ରାୟୋଜିତ|செய்யப்பட்ட செய்யப்பட்ட|చేయబడినది చేయబడినది|ಪ್ರಾಯೋಜಿಸಲಾಗಿದೆ|ചെയ്‌തത് ചെയ്‌തത്|ලද ලද ලද|สนับสนุน สนับสนุน รับ สนับสนุน สนับสนุน|ကြော်ငြာ ကြော်ငြာ|ឧបត្ថម្ភ ឧបត្ថម្ភ ឧបត្ថម្ភ|광고|贊助|赞助内容|広告|സ്‌പോൺസർ ചെയ്‌തത്)/\"]]}],[\"spath\",\":not(:has([data-tracking-duration-id])) + .m:is(.bg-s2, .bg-s3, .bg-s4)\"],[\"has\",{\"selector\":\"+ .m:is(.bg-s2, .bg-s3, .bg-s4) + .m:not(:has(.m:empty))\"}]]}","{\"selector\":\"div[data-status-bar-color] > div[data-mcomponent=\\\"MContainer\\\"] > div[data-mcomponent=\\\"MContainer\\\"]\",\"tasks\":[[\"has\",{\"selector\":\"> div[data-mcomponent=\\\"MContainer\\\"] > div[data-mcomponent=\\\"MContainer\\\"] div[data-mcomponent=\\\"TextArea\\\"] .native-text > span\",\"tasks\":[[\"has-text\",\"/(Sponsored|Gesponsert|Sponsorlu|Sponsorowane|Ispoonsara godhameera|Geborg|Bersponsor|Ditaja|Disponsori|Giisponsoran|Sponzorováno|Sponsoreret|Publicidad|May Sponsor|Sponsorisée|Oipytyvôva|Ɗaukar Nayin|Sponzorirano|Uterwa inkunga|Sponsorizzato|Imedhaminiwa|Hirdetés|Misy Mpiantoka|Gesponsord|Sponset|Patrocinado|Patrocinado|Sponsorizat|Sponzorované|Sponsoroitu|Sponsrat|Được tài trợ|Χορηγούμενη|Спонсорирано|Спонзорирано|Ивээн тэтгэсэн|Реклама|Спонзорисано|במימון|سپانسرڈ|دارای پشتیبانی مالی|ስፖንሰር የተደረገ|प्रायोजित|ተደረገ|प|प्रायोजित|স্পনসর্ড|ਪ੍ਰਯੋਜਿਤ|પ્રાયોજિત|ପ୍ରାୟୋଜିତ|செய்யப்பட்ட செய்யப்பட்ட|చేయబడినది చేయబడినది|ಪ್ರಾಯೋಜಿಸಲಾಗಿದೆ|ചെയ്‌തത് ചെയ്‌തത്|ලද ලද ලද|สนับสนุน สนับสนุน รับ สนับสนุน สนับสนุน|ကြော်ငြာ ကြော်ငြာ|ឧបត្ថម្ភ ឧបត្ថម្ភ ឧបត្ថម្ភ|광고|贊助|赞助内容|広告|സ്‌പോൺസർ ചെയ്‌തത്)/\"]]}],[\"spath\",\":not(:has([data-tracking-duration-id])) + .m:is(.bg-s2, .bg-s3, .bg-s4) + .m:is(.bg-s2, .bg-s3, .bg-s4)\"],[\"has\",{\"selector\":\"+ .m:not(:has(.m:empty))\"}]]}","{\"selector\":\"div[data-status-bar-color] > div[data-mcomponent=\\\"MContainer\\\"] > div[data-mcomponent=\\\"MContainer\\\"]\",\"tasks\":[[\"has\",{\"selector\":\"> div[data-mcomponent=\\\"MContainer\\\"] > div[data-mcomponent=\\\"MContainer\\\"] div[data-mcomponent=\\\"TextArea\\\"] .native-text > span\",\"tasks\":[[\"has-text\",\"/(Sponsored|Gesponsert|Sponsorlu|Sponsorowane|Ispoonsara godhameera|Geborg|Bersponsor|Ditaja|Disponsori|Giisponsoran|Sponzorováno|Sponsoreret|Publicidad|May Sponsor|Sponsorisée|Oipytyvôva|Ɗaukar Nayin|Sponzorirano|Uterwa inkunga|Sponsorizzato|Imedhaminiwa|Hirdetés|Misy Mpiantoka|Gesponsord|Sponset|Patrocinado|Patrocinado|Sponsorizat|Sponzorované|Sponsoroitu|Sponsrat|Được tài trợ|Χορηγούμενη|Спонсорирано|Спонзорирано|Ивээн тэтгэсэн|Реклама|Спонзорисано|במימון|سپانسرڈ|دارای پشتیبانی مالی|ስፖንሰር የተደረገ|प्रायोजित|ተደረገ|प|प्रायोजित|স্পনসর্ড|ਪ੍ਰਯੋਜਿਤ|પ્રાયોજિત|ପ୍ରାୟୋଜିତ|செய்யப்பட்ட செய்யப்பட்ட|చేయబడినది చేయబడినది|ಪ್ರಾಯೋಜಿಸಲಾಗಿದೆ|ചെയ്‌തത് ചെയ്‌തത്|ලද ලද ලද|สนับสนุน สนับสนุน รับ สนับสนุน สนับสนุน|ကြော်ငြာ ကြော်ငြာ|ឧបត្ថម្ភ ឧបត្ថម្ភ ឧបត្ថម្ភ|광고|贊助|赞助内容|広告|സ്‌പോൺസർ ചെയ്‌തത്)/\"]]}],[\"spath\",\":not(:has([data-tracking-duration-id])) + .m:is(.bg-s2, .bg-s3, .bg-s4) + .m:is(.bg-s2, .bg-s3, .bg-s4) + .m:not(:has(.m:empty))\"]]}","{\"selector\":\"div[data-status-bar-color] > div[data-mcomponent=\\\"MContainer\\\"] > div[data-mcomponent=\\\"MContainer\\\"]\",\"tasks\":[[\"has\",{\"selector\":\"> div[data-mcomponent=\\\"MContainer\\\"] > div[data-mcomponent=\\\"MContainer\\\"] div[data-mcomponent=\\\"TextArea\\\"] .native-text > span\",\"tasks\":[[\"has-text\",\"/(Sponsored|Gesponsert|Sponsorlu|Sponsorowane|Ispoonsara godhameera|Geborg|Bersponsor|Ditaja|Disponsori|Giisponsoran|Sponzorováno|Sponsoreret|Publicidad|May Sponsor|Sponsorisée|Oipytyvôva|Ɗaukar Nayin|Sponzorirano|Uterwa inkunga|Sponsorizzato|Imedhaminiwa|Hirdetés|Misy Mpiantoka|Gesponsord|Sponset|Patrocinado|Patrocinado|Sponsorizat|Sponzorované|Sponsoroitu|Sponsrat|Được tài trợ|Χορηγούμενη|Спонсорирано|Спонзорирано|Ивээн тэтгэсэн|Реклама|Спонзорисано|במימון|سپانسرڈ|دارای پشتیبانی مالی|ስፖንሰር የተደረገ|प्रायोजित|ተደረገ|प|प्रायोजित|স্পনসর্ড|ਪ੍ਰਯੋਜਿਤ|પ્રાયોજિત|ପ୍ରାୟୋଜିତ|செய்யப்பட்ட செய்யப்பட்ட|చేయబడినది చేయబడినది|ಪ್ರಾಯೋಜಿಸಲಾಗಿದೆ|ചെയ്‌തത് ചെയ്‌തത്|ලද ලද ලද|สนับสนุน สนับสนุน รับ สนับสนุน สนับสนุน|ကြော်ငြာ ကြော်ငြာ|ឧបត្ថម្ភ ឧបត្ថម្ភ ឧបត្ថម្ភ|광고|贊助|赞助内容|広告|സ്‌പോൺസർ ചെയ്‌തത്)/\"]]}],[\"spath\",\":not(:has([data-tracking-duration-id])) + .m:is(.bg-s2, .bg-s3, .bg-s4) + .m:is(.bg-s2, .bg-s3, .bg-s4) + .m:not(:has(.m:empty)) + .m:not(:has(.m:empty)):has(+ .m .m[data-mcomponent$=\\\"TextArea\\\"]:empty)\"]]}","{\"selector\":\"\",\"tasks\":[[\"matches-path\",\"/^\\\\/(\\\\?locale=[a-z]+_[A-Z]+)?$/\"],[\"spath\",\" #screen-root > :not(.bg-s2) .m[data-type=\\\"vscroller\\\"] > :is(.bg-s2, .bg-s3, .bg-s4):has(+ .m + :is(.bg-s2, .bg-s3, .bg-s4) > .m > .m .nb[style*=\\\"inset(0\\\"] > .m[style*=\\\"margin-top:1px;\\\"][style*=\\\"margin-left:1px;\\\"]:is([style*=\\\"height:32px;\\\"], [style*=\\\"height:35px;\\\"]) div[data-mcomponent$=\\\"TextArea\\\"]:not(:empty))\"]]}","{\"selector\":\"\",\"tasks\":[[\"matches-path\",\"/^\\\\/(\\\\?locale=[a-z]+_[A-Z]+)?$/\"],[\"spath\",\" #screen-root > :not(.bg-s2) .m[data-type=\\\"vscroller\\\"] > :is(.bg-s2, .bg-s3, .bg-s4):has(+ :is(.bg-s2, .bg-s3, .bg-s4) > .m > .m .nb[style*=\\\"inset(0\\\"] > .m[style*=\\\"margin-top:1px;\\\"][style*=\\\"margin-left:1px;\\\"]:is([style*=\\\"height:32px;\\\"], [style*=\\\"height:35px;\\\"]):not(:empty))\"]]}","{\"selector\":\"\",\"tasks\":[[\"matches-path\",\"/^\\\\/(\\\\?locale=[a-z]+_[A-Z]+)?$/\"],[\"spath\",\" #screen-root > :not(.bg-s2) .m[data-type=\\\"vscroller\\\"] > :is(.bg-s2, .bg-s3, .bg-s4):has(> .m > .m .nb[style*=\\\"inset(0\\\"] > .m[style*=\\\"margin-top:1px;\\\"][style*=\\\"margin-left:1px;\\\"]:is([style*=\\\"height:32px;\\\"], [style*=\\\"height:35px;\\\"]))\"]]}","{\"selector\":\"\",\"tasks\":[[\"matches-path\",\"/^\\\\/(\\\\?locale=[a-z]+_[A-Z]+)?$/\"],[\"spath\",\" #screen-root > :not(.bg-s2) .m[data-type=\\\"vscroller\\\"] > :is(.bg-s2, .bg-s3, .bg-s4):has(> .m > .m .nb[style*=\\\"inset(0\\\"] > .m[style*=\\\"margin-top:1px;\\\"][style*=\\\"margin-left:1px;\\\"]:is([style*=\\\"height:32px;\\\"], [style*=\\\"height:35px;\\\"])) + .m:not(:has(.m:empty))\"]]}","{\"selector\":\"\",\"tasks\":[[\"matches-path\",\"/^\\\\/(\\\\?locale=[a-z]+_[A-Z]+)?$/\"],[\"spath\",\" #screen-root > :not(.bg-s2) .m[data-type=\\\"vscroller\\\"] > :is(.bg-s2, .bg-s3, .bg-s4):has(> .m > .m .nb[style*=\\\"inset(0\\\"] > .m[style*=\\\"margin-top:1px;\\\"][style*=\\\"margin-left:1px;\\\"]:is([style*=\\\"height:32px;\\\"], [style*=\\\"height:35px;\\\"])) + .m:not(:has(.m:empty)) + .m:has(div[data-mcomponent$=\\\"TextArea\\\"]:not(:empty)):has(+ .m .m[data-mcomponent$=\\\"TextArea\\\"]:empty)\"]]}","{\"selector\":\"body.mobile-sticky-ad-is-active\",\"action\":[\"style\",\"padding: 3.125rem 0 0 0 !important;\"],\"cssable\":true}","{\"selector\":\"body.mobile-sticky-ad-is-active .main-nav\",\"action\":[\"style\",\"top: 0 !important;\"],\"cssable\":true}","{\"selector\":\"body.mobile-sticky-ad-is-active .main-nav .brand-menu\",\"action\":[\"style\",\"top: 3.125rem !important;\"],\"cssable\":true}","{\"selector\":\"html > head > meta[name=\\\"template\\\"]:not([content=\\\"cheat\\\"])\",\"tasks\":[[\"upward\",1],[\"spath\",\" > script[src*=\\\"doubleclick\\\"]\"]]}","{\"selector\":\".articleBody\",\"action\":[\"style\",\"margin-top: 80px !important;\"],\"cssable\":true}","{\"selector\":\"#app\",\"action\":[\"style\",\"margin-top: 0px !important;\"],\"cssable\":true}","{\"selector\":\"script\",\"tasks\":[[\"has-text\",\"/videoInstArea|randomImageUrl/\"]]}","{\"selector\":\".collapsible-block:not(.vm-placement)\",\"action\":[\"style\",\"display: block !important\"],\"cssable\":true}","{\"selector\":\"main > div[style] .vPfg_:has(.wOYnU) ~ *\",\"action\":[\"style\",\"transform: translateY(-80px) !important\"],\"cssable\":true}","{\"selector\":\"#manga-safe-wrapper\",\"action\":[\"style\",\"display: block !important;\"],\"cssable\":true}","{\"selector\":\"#adblock-overlay\",\"action\":[\"style\",\"display: none !important;\"],\"cssable\":true}","{\"selector\":\"html\",\"action\":[\"style\",\"overflow: auto !important;\"],\"cssable\":true}","{\"selector\":\"#search-result > li\",\"action\":[\"remove\",\"\"],\"tasks\":[[\"has\",{\"selector\":\"span\",\"tasks\":[[\"has-text\",\"/[PРeеkклaаmмaа]{7}/\"]]}]]}","{\"selector\":\"div[style^=\\\"display:\\\"]\",\"tasks\":[[\"matches-attr\",{\"attr\":\"/data[a-z0-9-]+/\",\"value\":\"/^R-A-/\"}]]}","{\"selector\":\"\",\"action\":[\"style\",\"height: 0 !important;\"],\"tasks\":[[\"matches-path\",\"/q\"],[\"spath\",\" body.page_qQuestionRoute div#page > div[class]:first-child > div[class]:first-child > section[class*=\\\" \\\"] > div[class] + div > div:not(:has(> div[id^=\\\"content-control-\\\"])):not(:has(a[class]))\"]]}","{\"selector\":\"\",\"action\":[\"style\",\"height: 0 !important;\"],\"tasks\":[[\"matches-path\",\"/q\"],[\"spath\",\" body.page_qQuestionRoute div#page > div[class]:first-child > div[class]:first-child > section[class*=\\\" \\\"] > div[class] + div + div > div[class] > div:not(:has(> div[id^=\\\"content-control-\\\"])):not(:has(a[class]))\"]]}","{\"selector\":\"\",\"action\":[\"style\",\"height: 0 !important;\"],\"tasks\":[[\"matches-path\",\"/q\"],[\"spath\",\" body.page_qArticleRoute div#page > div[class]:first-child > div[class]:first-child > section[class*=\\\" \\\"] > div[class] + div + div > span ~ div:not(:has(> div[class] button[data-role=\\\"button\\\"] > svg))\"]]}","{\"selector\":\".player-wrapper > .dailymotion-player-root + .thumbnail\",\"action\":[\"style\",\"display: none !important;\"],\"cssable\":true}","{\"selector\":\"body.jackbanner\",\"action\":[\"style\",\"margin-top: 0 !important; padding-bottom: 0 !important;\"],\"cssable\":true}","{\"selector\":\"header\",\"action\":[\"style\",\"top: 0 !important;\"],\"cssable\":true}","{\"selector\":\".dfp\",\"action\":[\"style\",\"display: none !important;\"],\"cssable\":true}","{\"selector\":\".gallery-page\",\"action\":[\"style\",\"min-height: 2630px !important;\"],\"cssable\":true}","{\"selector\":\".header-sticky\",\"action\":[\"style\",\"top: 0 !important;\"],\"cssable\":true}","{\"selector\":\"body\",\"action\":[\"style\",\"padding-top: 51px !important;\"],\"cssable\":true}","{\"selector\":\".container-headband-new\",\"action\":[\"style\",\"margin-top: 0 !important;\"],\"cssable\":true}","{\"selector\":\"a.opera-bar\",\"action\":[\"style\",\"display: none !important;\"],\"cssable\":true}","{\"selector\":\"a.opera-bar + .navbar-wrapper\",\"action\":[\"style\",\"top: 0 !important;\"],\"cssable\":true}","{\"selector\":\"#main-menu\",\"action\":[\"style\",\"margin-top: 0px !important;\"],\"cssable\":true}","{\"selector\":\".mob #header__wrapper\",\"action\":[\"style\",\"height: 50px !important;\"],\"cssable\":true}","{\"selector\":\"#content_inner\",\"action\":[\"style\",\"margin-top: 0 !important;\"],\"cssable\":true}","{\"selector\":\"#top\",\"action\":[\"style\",\"margin-top: 70px !important;\"],\"cssable\":true}","{\"selector\":\"#header\",\"action\":[\"style\",\"top: 0px !important;\"],\"cssable\":true}","{\"selector\":\".st-sidebar__container\",\"action\":[\"style\",\"margin-top: 0 !important;\"],\"cssable\":true}","{\"selector\":\".header-full\",\"action\":[\"style\",\"margin-top: 0 !important;\"],\"cssable\":true}","{\"selector\":\".hns_wrap\",\"action\":[\"style\",\"min-height: 0 !important;\"],\"cssable\":true}","{\"selector\":\".tss_spbtmnavi\",\"action\":[\"style\",\"bottom: 0 !important;\"],\"cssable\":true}","{\"selector\":\".main-container#top[style^=\\\"margin-top:\\\"]\",\"action\":[\"style\",\"margin-top: 110px !important;\"],\"cssable\":true}","{\"selector\":\"div[id^=\\\"index-module_mobile-navigation\\\"]\",\"action\":[\"style\",\"height: auto !important;\"],\"cssable\":true}","{\"selector\":\"#header-holder\",\"action\":[\"style\",\"padding-top: 0 !important;\"],\"cssable\":true}","{\"selector\":\".online-mp3 .section-one-content\",\"action\":[\"style\",\"min-height: auto !important;\"],\"cssable\":true}","{\"selector\":\"body.template-attachment:has(#gStickyAd) > .page\",\"action\":[\"style\",\"padding-top: 0 !important;\"],\"cssable\":true}","{\"selector\":\"nav:not(.fixed):not([id])\",\"action\":[\"style\",\"top: auto !important;\"],\"cssable\":true}","{\"selector\":\"#div_block-5-101336\",\"action\":[\"style\",\"height: auto !important;\"],\"cssable\":true}","{\"selector\":\"#body_contents #ad_head_wrap\",\"action\":[\"style\",\"padding-top: 0 !important;\"],\"cssable\":true}","{\"selector\":\".box320x1 .hp_header\",\"action\":[\"style\",\"top: 0 !important;\"],\"cssable\":true}","{\"selector\":\"body > .hp_320x1\",\"action\":[\"style\",\"display: none !important;\"],\"cssable\":true}","{\"selector\":\".wym-v2022__header.is-scroll-up ~ .wym-v2022__footer-fixed\",\"action\":[\"style\",\"bottom: 0 !important;\"],\"cssable\":true}","{\"selector\":\"body\",\"action\":[\"style\",\"padding-top: 0 !important;\"],\"cssable\":true}","{\"selector\":\".c-game-footer-ad\",\"action\":[\"style\",\"display: none !important;\"],\"cssable\":true}","{\"selector\":\"#game_iframe[style*=\\\"min-height: calc\\\"]\",\"action\":[\"style\",\"min-height: 100% !important;\"],\"cssable\":true}","{\"selector\":\".kinoWrapp\",\"action\":[\"style\",\"margin-top: 46px !important;\"],\"cssable\":true}","{\"selector\":\".gnt_xmst + div[data-tb-region]\",\"action\":[\"style\",\"margin: unset !important;\"],\"cssable\":true}","{\"selector\":\".ape_interstital-open\",\"action\":[\"style\",\"overflow: auto !important;\"],\"cssable\":true}","{\"selector\":\".body--mobile\",\"action\":[\"style\",\"padding-top: 4.375rem !important;\"],\"cssable\":true}","{\"selector\":\".header--mobile\",\"action\":[\"style\",\"top: 0 !important;\"],\"cssable\":true}","{\"selector\":\"ul.dNewsCards, #dNewsTops ul\",\"action\":[\"style\",\"margin: 0 !important;\"],\"cssable\":true}","{\"selector\":\"body\",\"action\":[\"style\",\"margin-top: 0 !important;\"],\"cssable\":true}","{\"selector\":\".header[style*=\\\"padding: 80px\\\"]\",\"action\":[\"style\",\"padding-top: 0 !important;\"],\"cssable\":true}","{\"selector\":\"html > body.enable-sda wu-header\",\"action\":[\"style\",\"margin-top: 0 !important;\"],\"cssable\":true}","{\"selector\":\".mobile-bottom-nav\",\"action\":[\"style\",\"bottom: 0 !important;\"],\"cssable\":true}","{\"selector\":\"#im_interstitial\",\"action\":[\"style\",\"display: none !important;\"],\"cssable\":true}","{\"selector\":\"body\",\"action\":[\"style\",\"overflow: auto !important; position: static !important;\"],\"cssable\":true}","{\"selector\":\"body[class] > div.wrapper\",\"action\":[\"style\",\"padding-top: 0 !important;\"],\"cssable\":true}","{\"selector\":\".has-brand\",\"action\":[\"style\",\"margin-top: 0 !important;\"],\"cssable\":true}","{\"selector\":\"html > body[data-app-lightbox]\",\"action\":[\"style\",\"overflow: auto !important;\"],\"cssable\":true}","{\"selector\":\"label[data-title=\\\"Объясняем.рф\\\"]\",\"action\":[\"style\",\"display: none !important;\"],\"cssable\":true}","{\"selector\":\".wp-block-group.auto-header\",\"action\":[\"style\",\"min-height: auto !important;\"],\"cssable\":true}","{\"selector\":\"#ad-full-page\",\"action\":[\"style\",\"display: none !important;\"],\"cssable\":true}","{\"selector\":\"html.show-safari-bottom_menu body\",\"action\":[\"style\",\"position: static !important;\"],\"cssable\":true}","{\"selector\":\"div.ad-leaderboard-flex\",\"action\":[\"style\",\"display: none !important;\"],\"cssable\":true}","{\"selector\":\".front-page.nav-sticking .nav__header\",\"action\":[\"style\",\"transform: unset !important;\"],\"cssable\":true}","{\"selector\":\".wrapper.articleBody > .page-content\",\"action\":[\"style\",\"margin-top: 80px !important;\"],\"cssable\":true}","{\"selector\":\"html > body\",\"action\":[\"style\",\"padding-bottom: 0 !important;\"],\"cssable\":true}","{\"selector\":\"#content-right\",\"action\":[\"style\",\"padding: 0px !important;\"],\"cssable\":true}","{\"selector\":\".footer_bottom\",\"action\":[\"style\",\"margin: 0px !important;\"],\"cssable\":true}","{\"selector\":\"main > section + div[class] + div[class]\",\"action\":[\"style\",\"min-height: auto !important;\"],\"cssable\":true}","{\"selector\":\".js-adHead\",\"action\":[\"style\",\"display: none !important;\"],\"cssable\":true}","{\"selector\":\"header.l-header\",\"action\":[\"style\",\"top: 0 !important;\"],\"cssable\":true}","{\"selector\":\"#main-content\",\"action\":[\"style\",\"margin-top: -50px !important;\"],\"cssable\":true}","{\"selector\":\"#map\",\"action\":[\"style\",\"bottom: 0 !important;\"],\"cssable\":true}","{\"selector\":\"#logobarclose\",\"action\":[\"style\",\"display: none !important;\"],\"cssable\":true}","{\"selector\":\"#logobarloop\",\"action\":[\"style\",\"display: none !important;\"],\"cssable\":true}","{\"selector\":\"body > .text-center[style=\\\"height:280px;\\\"]\",\"action\":[\"style\",\"height: 1px !important;\"],\"cssable\":true}","{\"selector\":\"body > .text-center[style=\\\"height: 280px;\\\"]\",\"action\":[\"style\",\"height: 1px !important;\"],\"cssable\":true}","{\"selector\":\".uk-navbar.ads_header_margin\",\"action\":[\"style\",\"margin-top: 0 !important;\"],\"cssable\":true}","{\"selector\":\"#ad-root\",\"action\":[\"style\",\"display: none !important;\"],\"cssable\":true}","{\"selector\":\"body > #__next[style*=\\\"padding-top:\\\"]\",\"action\":[\"style\",\"padding-top: 0 !important;\"],\"cssable\":true}","{\"selector\":\".headerTop > .inner\",\"action\":[\"style\",\"padding-top: 20px !important;\"],\"cssable\":true}","{\"selector\":\"#content\",\"action\":[\"style\",\"margin-top: 0 !important;\"],\"cssable\":true}","{\"selector\":\"body > header\",\"action\":[\"style\",\"transform: none !important;\"],\"cssable\":true}","{\"selector\":\"body[data-ad-page-type]\",\"action\":[\"style\",\"padding-bottom: 0 !important;\"],\"cssable\":true}","{\"selector\":\"#fixed_footer\",\"action\":[\"style\",\"display: none !important;\"],\"cssable\":true}","{\"selector\":\".PG_Nkeyword article .socialList\",\"action\":[\"style\",\"bottom: 0 !important;\"],\"cssable\":true}","{\"selector\":\".PG_Nkeyword #anchorTop\",\"action\":[\"style\",\"bottom: 20px !important;\"],\"cssable\":true}","{\"selector\":\".m-sponsor-masthead\",\"action\":[\"style\",\"padding-top: 0 !important;\"],\"cssable\":true}","{\"selector\":\"body[style*=\\\"margin-top:\\\"]\",\"action\":[\"style\",\"margin-top: 0 !important;\"],\"cssable\":true}","{\"selector\":\"section.st-sidebar__container\",\"action\":[\"style\",\"margin-top: 0 !important;\"],\"cssable\":true}","{\"selector\":\"#ezmob-wrapper\",\"action\":[\"style\",\"display: none !important;\"],\"cssable\":true}","{\"selector\":\"html > body\",\"action\":[\"style\",\"padding-top: 0 !important;\"],\"cssable\":true}","{\"selector\":\".top-horizontal-banner\",\"action\":[\"style\",\"height: 0 !important;\"],\"cssable\":true}","{\"selector\":\"body.q-platform--mobile\",\"action\":[\"style\",\"position: static !important;\"],\"cssable\":true}","{\"selector\":\".sticky-top\",\"action\":[\"style\",\"top: 0 !important;\"],\"cssable\":true}","{\"selector\":\"#main-pulzo-container\",\"action\":[\"style\",\"margin-top: 0 !important;\"],\"cssable\":true}","{\"selector\":\".fixedtopnative\",\"action\":[\"style\",\"top: 0 !important;\"],\"cssable\":true}","{\"selector\":\"#inviewstitial\",\"action\":[\"style\",\"display: none !important;\"],\"cssable\":true}","{\"selector\":\"body\",\"action\":[\"style\",\"overflow: auto !important;\"],\"cssable\":true}","{\"selector\":\"body.mobile.ads .mobilesticky\",\"action\":[\"style\",\"min-height: 0px !important; height: 50px !important; top: 0px !important; margin-top: 0px !important;\"],\"cssable\":true}","{\"selector\":\".fp-player > div[style^=\\\"position: absolute;\\\"][style*=\\\"z-index\\\"]\",\"action\":[\"style\",\"display: none !important;\"],\"cssable\":true}","{\"selector\":\"#mobi0-sticky\",\"action\":[\"style\",\"display: none !important;\"],\"cssable\":true}","{\"selector\":\"#mobi0-sticky + #custom-menu\",\"action\":[\"style\",\"top: 0 !important;\"],\"cssable\":true}","{\"selector\":\"#_popIn_recommend\",\"action\":[\"style\",\"min-height: auto !important;\"],\"cssable\":true}","{\"selector\":\"body > div.topnav\",\"action\":[\"style\",\"top: 0 !important;\"],\"cssable\":true}","{\"selector\":\"#map\",\"action\":[\"style\",\"position: unset !important;\"],\"cssable\":true}","{\"selector\":\".container-adm1\",\"action\":[\"style\",\"height: 0!important;\"],\"cssable\":true}","{\"selector\":\"#cb-outer-container\",\"action\":[\"style\",\"margin-top: 0 !important;\"],\"cssable\":true}","{\"selector\":\"#header\",\"action\":[\"style\",\"height: auto!important;\"],\"cssable\":true}","{\"selector\":\"#top-sticky\",\"action\":[\"style\",\"display: none!important;\"],\"cssable\":true}","{\"selector\":\".header-top-sticky\",\"action\":[\"style\",\"top: 0!important;\"],\"cssable\":true}","{\"selector\":\"body[style^=\\\"position: fixed\\\"]\",\"action\":[\"style\",\"position: static !important;\"],\"cssable\":true}","{\"selector\":\".c-tab-bar-controller.with-overlay\",\"action\":[\"style\",\"padding-bottom: 0 !important;\"],\"cssable\":true}","{\"selector\":\"#is_w_area\",\"action\":[\"style\",\"display: none!important;\"],\"cssable\":true}","{\"selector\":\"html\",\"action\":[\"style\",\"overflow: visible!important;\"],\"cssable\":true}","{\"selector\":\".site-header__show-nav__3po5A .site-header__inner-sticky__1fm3o\",\"action\":[\"style\",\"top: 0px !important;\"],\"cssable\":true}","{\"selector\":\".header .brand\",\"action\":[\"style\",\"padding-top: 0 !important;\"],\"cssable\":true}","{\"selector\":\".video-block > .headline.mobile-device\",\"action\":[\"style\",\"padding-top: 0 !important;\"],\"cssable\":true}","{\"selector\":\".adBillBordNone\",\"action\":[\"style\",\"min-height: 42px !important;\"],\"cssable\":true}","{\"selector\":\".header-GlobalHeader\",\"action\":[\"style\",\"top: 0 !important;\"],\"cssable\":true}","{\"selector\":\".brn-fscreen\",\"action\":[\"style\",\"display: none!important;\"],\"cssable\":true}","{\"selector\":\"body\",\"action\":[\"style\",\"overflow: auto!important;\"],\"cssable\":true}","{\"selector\":\".mobile_full #bo_gmap.bo_map_realtime\",\"action\":[\"style\",\"height: 100% !important;\"],\"cssable\":true}","{\"selector\":\"#interstitial\",\"action\":[\"style\",\"display: none!important;\"],\"cssable\":true}","{\"selector\":\".ad-area_pr_top\",\"action\":[\"style\",\"height: 0 !important; min-height: 0 !important; padding: 0 !important;\"],\"cssable\":true}","{\"selector\":\"#header-menu-top\",\"action\":[\"style\",\"top: 0 !important;\"],\"cssable\":true}","{\"selector\":\"body .menu-top_mobile\",\"action\":[\"style\",\"top: 50px !important;\"],\"cssable\":true}","{\"selector\":\".headroom--banner-top\",\"action\":[\"style\",\"top: 0 !important;\"],\"cssable\":true}","{\"selector\":\"#sp_article_header\",\"action\":[\"style\",\"height: auto !important;\"],\"cssable\":true}","{\"selector\":\"body.no-ad-bannerClass-body\",\"action\":[\"style\",\"padding-top: 100px !important;\"],\"cssable\":true}","{\"selector\":\"header.has-topbanner .header-in\",\"action\":[\"style\",\"height: auto !important;\"],\"cssable\":true}","{\"selector\":\"body div.subCtsArea\",\"action\":[\"style\",\"display: none!important;\"],\"cssable\":true}","{\"selector\":\"#articleDetail.collapse .btnCollapseOpen\",\"action\":[\"style\",\"bottom: 0 !important;\"],\"cssable\":true}","{\"selector\":\"#articleDetail.collapse .btnCollapseOpen::before\",\"action\":[\"style\",\"bottom: -15vmin !important;\"],\"cssable\":true}","{\"selector\":\".jack-content\",\"action\":[\"style\",\"display: none !important;\"],\"cssable\":true}","{\"selector\":\"body.jack\",\"action\":[\"style\",\"padding-top: 12% !important;\"],\"cssable\":true}","{\"selector\":\".post-tab-bar__wrapper.fixed[style*=\\\"top:\\\"]\",\"action\":[\"style\",\"top: 48px !important;\"],\"cssable\":true}","{\"selector\":\".post-tab-bar__container.sticky[style*=\\\"top:\\\"]\",\"action\":[\"style\",\"top: 48px !important;\"],\"cssable\":true}","{\"selector\":\"#jsid-app .drawer-layout > .content-wrap > .tag-interest-view__header-container[style*=\\\"top:\\\"]\",\"action\":[\"style\",\"top: 0 !important;\"],\"cssable\":true}","{\"selector\":\"#jsid-app > div[style=\\\"padding-top: 50px;\\\"]\",\"action\":[\"style\",\"padding-top: 0 !important;\"],\"cssable\":true}","{\"selector\":\"#jsid-app > div[style^=\\\"position: fixed; width:\\\"][style*=\\\"top: 50px\\\"]\",\"action\":[\"style\",\"top: 0 !important;\"],\"cssable\":true}","{\"selector\":\"#jsid-app > div[style^=\\\"padding-top:\\\"][style*=\\\"padding-top: 146px\\\"]\",\"action\":[\"style\",\"padding-top: 100px !important;\"],\"cssable\":true}","{\"selector\":\"#jsid-app > div[style^=\\\"padding-top:\\\"][style*=\\\"padding-top: 98px\\\"]\",\"action\":[\"style\",\"padding-top: 50px !important;\"],\"cssable\":true}","{\"selector\":\".must-header-fixed-sticky\",\"action\":[\"style\",\"margin-top: 0 !important;\"],\"cssable\":true}","{\"selector\":\".flo_head\",\"action\":[\"style\",\"display: none !important;\"],\"cssable\":true}","{\"selector\":\"div.uniqset div#Header\",\"action\":[\"style\",\"padding-top: 0 !important;\"],\"cssable\":true}","{\"selector\":\"#iframeContent\",\"action\":[\"style\",\"display: none !important;\"],\"cssable\":true}","{\"selector\":\"[style=\\\"overflow: hidden;\\\"]\",\"action\":[\"style\",\"overflow: auto !important;\"],\"cssable\":true}","{\"selector\":\".p-fixed-menu__button-post-movie[href^=\\\"https://t.afi-b.com\\\"]\",\"action\":[\"style\",\"display: none !important;\"],\"cssable\":true}","{\"selector\":\".p-fixed-menu__menu-wrapper--post-movie\",\"action\":[\"style\",\"background-color: #0f0e0e !important;\"],\"cssable\":true}","{\"selector\":\".header-placeholder-de\",\"action\":[\"style\",\"height: 60px !important;\"],\"cssable\":true}","{\"selector\":\"div#NR-wrapper-in.cx\",\"action\":[\"style\",\"min-height: auto !important;\"],\"cssable\":true}","{\"selector\":\"#AdvHeader\",\"action\":[\"style\",\"height: 0 !important;\"],\"cssable\":true}","{\"selector\":\"#wb_contents\",\"action\":[\"style\",\"margin-top: 0!important;\"],\"cssable\":true}","{\"selector\":\".content-page\",\"action\":[\"style\",\"padding-top: 0!important;\"],\"cssable\":true}","{\"selector\":\"#page\",\"action\":[\"style\",\"padding-top: 0!important;\"],\"cssable\":true}","{\"selector\":\"#sp_container > div#main_panel.container[style^=\\\"height:\\\"]\",\"action\":[\"style\",\"height: 0!important;\"],\"cssable\":true}","{\"selector\":\"#AdvHeader\",\"action\":[\"style\",\"height: 0!important;\"],\"cssable\":true}","{\"selector\":\"#im_interstitial_panel\",\"action\":[\"style\",\"display: none!important;\"],\"cssable\":true}","{\"selector\":\"body\",\"action\":[\"style\",\"overflow: auto!important; position: static!important;\"],\"cssable\":true}","{\"selector\":\".adnetwork.article-interstitial.overlay\",\"action\":[\"style\",\"display: none!important;\"],\"cssable\":true}","{\"selector\":\"html[style=\\\"overflow: hidden;\\\"]\",\"action\":[\"style\",\"overflow: auto!important;\"],\"cssable\":true}","{\"selector\":\".message-inner\",\"action\":[\"style\",\"display: flex !important;\"],\"cssable\":true}","{\"selector\":\".inv_scroll_cancel\",\"action\":[\"style\",\"overflow: auto !important; height: auto !important;\"],\"cssable\":true}","{\"selector\":\"div[class^=\\\"ProductFooter__root-\\\"]\",\"action\":[\"style\",\"height: 0 !important;\"],\"cssable\":true}","{\"selector\":\"body.main-r7mobile\",\"action\":[\"style\",\"margin-top: 50px !important;\"],\"cssable\":true}","{\"selector\":\"body.main-r7mobile .wrapper-mobile-header\",\"action\":[\"style\",\"height: 50px !important;\"],\"cssable\":true}","{\"selector\":\".ad-online-afc\",\"action\":[\"style\",\"position: absolute !important; left: -3000px !important;\"],\"cssable\":true}","{\"selector\":\".articleList-along\",\"action\":[\"style\",\"min-height: 0 !important;\"],\"cssable\":true}","{\"selector\":\".articleList-related-article\",\"action\":[\"style\",\"min-height: 0 !important;\"],\"cssable\":true}","{\"selector\":\".p-overlay--upper-ad\",\"action\":[\"style\",\"bottom: 0!important;\"],\"cssable\":true}","{\"selector\":\".parallax-non\",\"action\":[\"style\",\"top: 0 !important;\"],\"cssable\":true}","{\"selector\":\"#news-share-block-top\",\"action\":[\"style\",\"top: 0px !important;\"],\"cssable\":true}","{\"selector\":\".l-dict-searchbar\",\"action\":[\"style\",\"top: 0 !important;\"],\"cssable\":true}","{\"selector\":\".wgt > .wgt-header\",\"action\":[\"style\",\"display: none !important;\"],\"cssable\":true}","{\"selector\":\"div[class^=\\\"yt-w amp-wp-inline-\\\"]\",\"action\":[\"style\",\"padding-top: inherit !important;\"],\"cssable\":true}","{\"selector\":\"#btmNav\",\"action\":[\"style\",\"min-height: unset !important;\"],\"cssable\":true}","{\"selector\":\"#main-content > .home-page--slide-up\",\"action\":[\"style\",\"transform: none !important;\"],\"cssable\":true}","{\"selector\":\"footer\",\"action\":[\"style\",\"margin-bottom: -50px !important;\"],\"cssable\":true}","{\"selector\":\".adaptive_ads\",\"action\":[\"style\",\"position: absolute!important; left: -3000px!important;\"],\"cssable\":true}","{\"selector\":\".stickyHeader + #loginFormMobileWrapper + .navigation + main\",\"action\":[\"style\",\"margin-top: 5.5rem !important;\"],\"cssable\":true}","{\"selector\":\".mainmenu__container a.menu\",\"action\":[\"style\",\"margin-top: 0 !important;\"],\"cssable\":true}","{\"selector\":\".video-view-ads\",\"action\":[\"style\",\"display: none!important;\"],\"cssable\":true}","{\"selector\":\"body\",\"action\":[\"style\",\"overflow: visible!important; position: static!important;\"],\"cssable\":true}","{\"selector\":\"html > body.modal-open div#mobile-banner.modal.mobile-banner\",\"action\":[\"style\",\"display: none !important;\"],\"cssable\":true}","{\"selector\":\".modal-backdrop\",\"action\":[\"style\",\"display: none !important;\"],\"cssable\":true}","{\"selector\":\".top-ad\",\"action\":[\"style\",\"display: none !important;\"],\"cssable\":true}","{\"selector\":\"div[class*=\\\"page-outer--slide-up\\\"]\",\"action\":[\"style\",\"-webkit-transform: none !important; -ms-transform: none !important; transform: none !important;\"],\"cssable\":true}","{\"selector\":\"#count-container\",\"action\":[\"style\",\"bottom: 0 !important;\"],\"cssable\":true}","{\"selector\":\".holder-rich-media\",\"action\":[\"style\",\"display: none!important;\"],\"cssable\":true}","{\"selector\":\"body\",\"action\":[\"style\",\"position: inherit!important;\"],\"cssable\":true}","{\"selector\":\"body[style^=\\\"overflow:\\\"]\",\"action\":[\"style\",\"overflow: auto!important; height: auto!important;\"],\"cssable\":true}","{\"selector\":\"html[style^=\\\"overflow:\\\"]\",\"action\":[\"style\",\"overflow: auto!important; height: auto!important;\"],\"cssable\":true}","{\"selector\":\"#backgroundform\",\"action\":[\"style\",\"display: none!important;\"],\"cssable\":true}","{\"selector\":\"#openwindow\",\"action\":[\"style\",\"display: none!important;\"],\"cssable\":true}","{\"selector\":\"body\",\"action\":[\"style\",\"overflow: visible!important;\"],\"cssable\":true}","{\"selector\":\".div_landing\",\"action\":[\"style\",\"display: block!important;\"],\"cssable\":true}","{\"selector\":\"#div_landing_safe.show\",\"action\":[\"style\",\"display: none!important;\"],\"cssable\":true}","{\"selector\":\".prma-close\",\"action\":[\"style\",\"display: none!important;\"],\"cssable\":true}","{\"selector\":\"#mobil_modal_ad\",\"action\":[\"style\",\"display: none!important;\"],\"cssable\":true}","{\"selector\":\".modal-backdrop\",\"action\":[\"style\",\"display: none!important;\"],\"cssable\":true}","{\"selector\":\".play-wrap > .game\",\"action\":[\"style\",\"height: 100%!important;\"],\"cssable\":true}","{\"selector\":\".bmobile\",\"action\":[\"style\",\"display: none !important;\"],\"cssable\":true}","{\"selector\":\"body.mob > .wrapper > .header__wrapper\",\"action\":[\"style\",\"height: 0!important;\"],\"cssable\":true}","{\"selector\":\"div[class^=\\\"banners__mobile\\\"]\",\"action\":[\"style\",\"display: none!important;\"],\"cssable\":true}","{\"selector\":\"body.g-lockscroll\",\"action\":[\"style\",\"overflow: visible!important;\"],\"cssable\":true}","{\"selector\":\"html.g-lockscroll\",\"action\":[\"style\",\"overflow: visible!important;\"],\"cssable\":true}","{\"selector\":\".article-thumb\",\"action\":[\"style\",\"padding-bottom: 0!important;\"],\"cssable\":true}","{\"selector\":\"#page\",\"action\":[\"style\",\"top: 0!important;\"],\"cssable\":true}","{\"selector\":\"header\",\"action\":[\"style\",\"margin-top: 0!important;\"],\"cssable\":true}","{\"selector\":\"#sougo_rss\",\"action\":[\"style\",\"margin-bottom:280px!important;\"],\"cssable\":true}","{\"selector\":\"body > .g-29 + section.content\",\"action\":[\"style\",\"margin-top: 0!important;\"],\"cssable\":true}","{\"selector\":\"body > #home-slider + section.content\",\"action\":[\"style\",\"margin-top: 0!important;\"],\"cssable\":true}","{\"selector\":\".mobile-header-nav\",\"action\":[\"style\",\"top: 0!important;\"],\"cssable\":true}","{\"selector\":\".mobile-ads-zone\",\"action\":[\"style\",\"position: absolute!important; left: -3000px!important;\"],\"cssable\":true}","{\"selector\":\".banner_list_container\",\"action\":[\"style\",\"height:1px!important; margin:0!important; padding: 0!important;\"],\"cssable\":true}","{\"selector\":\"header > .top-banner\",\"action\":[\"style\",\"display: block!important; height: 60px!important;\"],\"cssable\":true}","{\"selector\":\"#flixPlayer > video\",\"action\":[\"style\",\"display: block !important;\"],\"cssable\":true}","{\"selector\":\"body.mobile\",\"action\":[\"style\",\"padding-top: 0!important;\"],\"cssable\":true}","{\"selector\":\"body > div[class*=\\\"has-ad-\\\"] div.base-page__content\",\"action\":[\"style\",\"bottom: 0!important;\"],\"cssable\":true}","{\"selector\":\".ui-mobile-viewport\",\"action\":[\"style\",\"padding-bottom: 0!important;\"],\"cssable\":true}","{\"selector\":\".ads\",\"action\":[\"style\",\"position: absolute!important; left: -3000px!important;\"],\"cssable\":true}","{\"selector\":\".mobile-pop-direct\",\"action\":[\"style\",\"display: none!important; height: 0!important;\"],\"cssable\":true}","{\"selector\":\"div[class*=\\\"dp-ad-\\\"]\",\"action\":[\"style\",\"height: 0!important; width: 0!important;\"],\"cssable\":true}","{\"selector\":\"\",\"tasks\":[[\"matches-path\",\"/marketplace/\"],[\"spath\",\" div[data-status-bar-color] > div[data-mcomponent=\\\"MContainer\\\"] > div[data-mcomponent=\\\"MContainer\\\"]\"],[\"has\",{\"selector\":\"> div[data-mcomponent=\\\"MContainer\\\"] > div[data-mcomponent=\\\"MContainer\\\"] div[data-mcomponent=\\\"TextArea\\\"] .native-text > span\",\"tasks\":[[\"has-text\",\"/(Sponsored|Gesponsert|Sponsorlu|Sponsorowane|Ispoonsara godhameera|Geborg|Bersponsor|Ditaja|Disponsori|Giisponsoran|Sponzorováno|Sponsoreret|Publicidad|May Sponsor|Sponsorisée|Oipytyvôva|Ɗaukar Nayin|Sponzorirano|Uterwa inkunga|Sponsorizzato|Imedhaminiwa|Hirdetés|Misy Mpiantoka|Gesponsord|Sponset|Patrocinado|Patrocinado|Sponsorizat|Sponzorované|Sponsoroitu|Sponsrat|Được tài trợ|Χορηγούμενη|Спонсорирано|Спонзорирано|Ивээн тэтгэсэн|Реклама|Спонзорисано|במימון|سپانسرڈ|دارای پشتیبانی مالی|ስፖንሰር የተደረገ|प्रायोजित|ተደረገ|प|प्रायोजित|স্পনসর্ড|ਪ੍ਰਯੋਜਿਤ|પ્રાયોજિત|ପ୍ରାୟୋଜିତ|செய்யப்பட்ட செய்யப்பட்ட|చేయబడినది చేయబడినది|ಪ್ರಾಯೋಜಿಸಲಾಗಿದೆ|ചെയ്‌തത് ചെയ്‌തത്|ලද ලද ලද|สนับสนุน สนับสนุน รับ สนับสนุน สนับสนุน|ကြော်ငြာ ကြော်ငြာ|ឧបត្ថម្ភ ឧបត្ថម្ភ ឧបត្ថម្ភ|광고|贊助|赞助内容|広告|സ്‌പോൺസർ ചെയ്‌തത്)/\"]]}]]}","{\"selector\":\"div[data-type=\\\"vscroller\\\"] div[data-tracking-duration-id]\",\"action\":[\"style\",\"position: absolute !important; left: -3000px !important;\"],\"tasks\":[[\"has\",{\"selector\":\"> div[data-focusable=\\\"true\\\"] div[data-mcomponent*=\\\"TextArea\\\"] .native-text > span\",\"tasks\":[[\"has-text\",\"/(^Ad|Sponsored|Gesponsert|Sponsorlu|Sponsorowane|Ispoonsara godhameera|Geborg|Bersponsor|Ditaja|Disponsori|Giisponsoran|Sponzorováno|Sponsoreret|Publicidad|May Sponsor|Sponsorisée|Oipytyvôva|Ɗaukar Nayin|Sponzorirano|Uterwa inkunga|Sponsorizzato|Imedhaminiwa|Hirdetés|Misy Mpiantoka|Gesponsord|Sponset|Patrocinado|Patrocinado|Sponsorizat|Sponzorované|Sponsoroitu|Sponsrat|Được tài trợ|Χορηγούμενη|Спонсорирано|Спонзорирано|Ивээн тэтгэсэн|Реклама|Спонзорисано|במימון|سپانسرڈ|دارای پشتیبانی مالی|ስፖንሰር የተደረገ|प्रायोजित|ተደረገ|प|प्रायोजित|স্পনসর্ড|ਪ੍ਰਯੋਜਿਤ|પ્રાયોજિત|ପ୍ରାୟୋଜିତ|செய்யப்பட்ட செய்யப்பட்ட|చేయబడినది చేయబడినది|ಪ್ರಾಯೋಜಿಸಲಾಗಿದೆ|ചെയ്‌തത് ചെയ്‌തത്|ලද ලද ලද|สนับสนุน สนับสนุน รับ สนับสนุน สนับสนุน|ကြော်ငြာ ကြော်ငြာ|ឧបត្ថម្ភ ឧបត្ថម្ភ ឧបត្ថម្ភ|광고|贊助|赞助内容|広告|സ്‌പോൺസർ ചെയ്‌തത്)/\"]]}]]}","{\"selector\":\"\",\"tasks\":[[\"matches-path\",\"/search/top\"],[\"spath\",\" div[data-mcomponent=\\\"MContainer\\\"]:has(> .intersection-observer:first-child + div[data-mcomponent=\\\"MContainer\\\"] + div[data-mcomponent=\\\"MContainer\\\"][style*=\\\"display: none !important;\\\"]:not([data-actual-height=\\\"26\\\"]) + div[data-mcomponent=\\\"MContainer\\\"]:not([data-actual-height=\\\"2\\\"]) + div[data-mcomponent=\\\"MContainer\\\"] + div[data-mcomponent=\\\"MContainer\\\"]:not([data-actual-height=\\\"2\\\"]) + div[data-mcomponent=\\\"MContainer\\\"]:not([data-actual-height=\\\"2\\\"]):not([data-actual-height=\\\"65\\\"]):last-child)\"]]}","{\"selector\":\"\",\"tasks\":[[\"matches-path\",\"/search/top\"],[\"spath\",\" div[data-mcomponent=\\\"MContainer\\\"] > div[data-mcomponent=\\\"MContainer\\\"][style*=\\\"display: none !important;\\\"]:not([data-actual-height=\\\"26\\\"]) + div[data-mcomponent=\\\"MContainer\\\"]:not([data-actual-height=\\\"2\\\"])\"]]}","{\"selector\":\"\",\"tasks\":[[\"matches-path\",\"/search/top\"],[\"spath\",\" div[data-mcomponent=\\\"MContainer\\\"] > div[data-mcomponent=\\\"MContainer\\\"][style*=\\\"display: none !important;\\\"]:not([data-actual-height=\\\"26\\\"]) + div[data-mcomponent=\\\"MContainer\\\"]:not([data-actual-height=\\\"2\\\"]) + div[data-mcomponent=\\\"MContainer\\\"]\"]]}","{\"selector\":\"\",\"tasks\":[[\"matches-path\",\"/search/top\"],[\"spath\",\" div[data-mcomponent=\\\"MContainer\\\"] > div[data-mcomponent=\\\"MContainer\\\"][style*=\\\"display: none !important;\\\"]:not([data-actual-height=\\\"26\\\"]) + div[data-mcomponent=\\\"MContainer\\\"]:not([data-actual-height=\\\"2\\\"]) + div[data-mcomponent=\\\"MContainer\\\"] + div[data-mcomponent=\\\"MContainer\\\"]:not([data-actual-height=\\\"2\\\"])\"]]}","{\"selector\":\"\",\"tasks\":[[\"matches-path\",\"/search/top\"],[\"spath\",\" div[data-mcomponent=\\\"MContainer\\\"] > div[data-mcomponent=\\\"MContainer\\\"][style*=\\\"display: none !important;\\\"]:not([data-actual-height=\\\"26\\\"]) + div[data-mcomponent=\\\"MContainer\\\"]:not([data-actual-height=\\\"2\\\"]) + div[data-mcomponent=\\\"MContainer\\\"] + div[data-mcomponent=\\\"MContainer\\\"]:not([data-actual-height=\\\"2\\\"]) + div[data-mcomponent=\\\"MContainer\\\"]:not([data-actual-height=\\\"2\\\"]):not([data-actual-height=\\\"65\\\"])\"]]}","{\"selector\":\"\",\"tasks\":[[\"matches-path\",\"/search/top\"],[\"spath\",\" div[data-mcomponent=\\\"MContainer\\\"] > div[data-mcomponent=\\\"MContainer\\\"][style*=\\\"display: none !important;\\\"]:not([data-actual-height=\\\"26\\\"]) + div[data-mcomponent=\\\"MContainer\\\"]:not([data-actual-height=\\\"2\\\"]) + div[data-mcomponent=\\\"MContainer\\\"] + div[data-mcomponent=\\\"MContainer\\\"]:not([data-actual-height=\\\"2\\\"]) + div[data-mcomponent=\\\"MContainer\\\"]:not([data-actual-height=\\\"2\\\"]):not([data-actual-height=\\\"65\\\"]) + div[data-mcomponent=\\\"MContainer\\\"]:not([data-actual-height=\\\"2\\\"]):not([data-actual-height=\\\"65\\\"])\"]]}","{\"selector\":\"article[data-store*=\\\"encrypted_tracking_data\\\"]\",\"tasks\":[[\"has\",{\"selector\":\".story_body_container div[data-sigil=\\\"m-feed-voice-subtitle\\\"] > span\",\"tasks\":[[\"has-text\",\"/(Sponsored|Gesponsert|Sponsorlu|Sponsorowane|Ispoonsara godhameera|Geborg|Bersponsor|Ditaja|Disponsori|Giisponsoran|Sponzorováno|Sponsoreret|Publicidad|May Sponsor|Sponsorisée|Oipytyvôva|Ɗaukar Nayin|Sponzorirano|Uterwa inkunga|Sponsorizzato|Imedhaminiwa|Hirdetés|Misy Mpiantoka|Gesponsord|Sponset|Patrocinado|Patrocinado|Sponsorizat|Sponzorované|Sponsoroitu|Sponsrat|Được tài trợ|Χορηγούμενη|Спонсорирано|Спонзорирано|Ивээн тэтгэсэн|Реклама|Спонзорисано|במימון|سپانسرڈ|دارای پشتیبانی مالی|ስፖንሰር የተደረገ|प्रायोजित|ተደረገ|प|प्रायोजित|স্পনসর্ড|ਪ੍ਰਯੋਜਿਤ|પ્રાયોજિત|ପ୍ରାୟୋଜିତ|செய்யப்பட்ட செய்யப்பட்ட|చేయబడినది చేయబడినది|ಪ್ರಾಯೋಜಿಸಲಾಗಿದೆ|ചെയ്‌തത് ചെയ്‌തത്|ලද ලද ලද|สนับสนุน สนับสนุน รับ สนับสนุน สนับสนุน|ကြော်ငြာ ကြော်ငြာ|ឧបត្ថម្ភ ឧបត្ថម្ភ ឧបត្ថម្ភ|광고|贊助|赞助内容|広告|സ്‌പോൺസർ ചെയ്‌തത്)/\"]]}]]}","{\"selector\":\"div[class^=\\\"adBlock\\\"]\",\"action\":[\"style\",\"min-height: 0 !important;\"],\"cssable\":true}","{\"selector\":\"header > div > .in-view\",\"action\":[\"style\",\"display: none !important;\"],\"cssable\":true}","{\"selector\":\".with-adv-padding\",\"action\":[\"style\",\"padding-top: 0 !important;\"],\"cssable\":true}","{\"selector\":\".page__mainWrapper\",\"action\":[\"style\",\"padding-bottom: 0 !important;\"],\"cssable\":true}","{\"selector\":\".amp-wp-header\",\"action\":[\"style\",\"margin-top: 0px !important;\"],\"cssable\":true}","{\"selector\":\"body\",\"action\":[\"style\",\"margin-top: 0 !important; margin-bottom: 275px !important;\"],\"cssable\":true}","{\"selector\":\"header.sticky-top\",\"action\":[\"style\",\"top: 0 !important;\"],\"cssable\":true}","{\"selector\":\"amp-ad\",\"action\":[\"remove\",\"\"]}","{\"selector\":\".topadv\",\"action\":[\"style\",\"display: none !important;\"],\"cssable\":true}","{\"selector\":\".topadv + .breadcrumb\",\"action\":[\"style\",\"margin-top: 20px !important;\"],\"cssable\":true}","{\"selector\":\".timeline[data-parts-element=\\\"timeline-summary\\\"]\",\"action\":[\"style\",\"min-height: fit-content !important;\"],\"cssable\":true}","{\"selector\":\".widget-area > div#tag-page-content\",\"tasks\":[[\"has\",{\"selector\":\"> div.wcp-item-content > div#tag-page-content:not(:has(*))\"}]]}","{\"selector\":\"body\",\"action\":[\"style\",\"margin-top: 0px !important;\"],\"cssable\":true}","{\"selector\":\"#topBannerMobileDiv\",\"action\":[\"style\",\"display: none !important;\"],\"cssable\":true}","{\"selector\":\".header-container > .q-mb-sm\",\"action\":[\"style\",\"display: none !important;\"],\"cssable\":true}","{\"selector\":\"header.header-helper\",\"action\":[\"style\",\"min-height: 84px !important;\"],\"cssable\":true}","{\"selector\":\"#headerId > .container-sticky\",\"action\":[\"style\",\"top: 0 !important;\"],\"cssable\":true}","{\"selector\":\".flx-sticky\",\"action\":[\"style\",\"display: none !important;\"],\"cssable\":true}","{\"selector\":\".promo-bar\",\"action\":[\"style\",\"display: none !important;\"],\"cssable\":true}","{\"selector\":\".promo-bar + .container\",\"action\":[\"style\",\"padding-top: 0 !important;\"],\"cssable\":true}","{\"selector\":\".header-sticky-ad-test\",\"action\":[\"style\",\"top: 0 !important;\"],\"cssable\":true}","{\"selector\":\"#summary ~ div\",\"tasks\":[[\"has-text\",\"Продолжение истории после рекламы\"]]}","{\"selector\":\"html\",\"action\":[\"style\",\"margin-top: 0 !important;\"],\"cssable\":true}","{\"selector\":\"body.smartBann header\",\"action\":[\"style\",\"top: 0 !important;\"],\"cssable\":true}","{\"selector\":\".iminterstitial\",\"action\":[\"style\",\"display: none !important;\"],\"cssable\":true}","{\"selector\":\"body .gnt_n_w_w\",\"action\":[\"style\",\"height: 81px !important;\"],\"cssable\":true}","{\"selector\":\".js-gallery-body\",\"action\":[\"style\",\"min-height: auto !important;\"],\"cssable\":true}","{\"selector\":\"div[class=\\\"i4It-mod-pointers\\\"]\",\"action\":[\"style\",\"display: none !important;\"],\"cssable\":true}","{\"selector\":\".ad-online-afc\",\"action\":[\"remove\",\"\"]}","{\"selector\":\"body:not(.mbanner-is-fixed) #mapToolWetterAppWrap[data-fullscreen=\\\"true\\\"]\",\"action\":[\"style\",\"padding-bottom: 0px !important;\"],\"cssable\":true}","{\"selector\":\".mobileonly:has(> div[data-fuse])\",\"action\":[\"style\",\"display: none !important;\"],\"cssable\":true}","{\"selector\":\"#dSpace\",\"action\":[\"style\",\"display: none !important;\"],\"cssable\":true}","{\"selector\":\"#topbar\",\"action\":[\"style\",\"top: 0 !important;\"],\"cssable\":true}","{\"selector\":\"footer > div.copy\",\"action\":[\"style\",\"padding-bottom: 40px !important;\"],\"cssable\":true}","{\"selector\":\"#header.paid-tabs-panel\",\"action\":[\"style\",\"height: 60px !important;\"],\"cssable\":true}","{\"selector\":\"div[id][style^=\\\"left:\\\"][style*=\\\"height:\\\"]\",\"action\":[\"style\",\"height: auto !important;\"],\"cssable\":true}","{\"selector\":\".block-player\",\"action\":[\"style\",\"padding-top: 0 !important;\"],\"cssable\":true}","{\"selector\":\".article_footer > div[style^=\\\"margin-top:-30px\\\"]\",\"action\":[\"style\",\"margin-bottom: 30px !important;\"],\"cssable\":true}","{\"selector\":\".adv-spacer\",\"action\":[\"style\",\"padding-top: 0 !important;\"],\"cssable\":true}","{\"selector\":\".mobile-sticky-ad\",\"action\":[\"style\",\"display: none !important;\"],\"cssable\":true}","{\"selector\":\".mobile-sticky-ad ~ #main-nav\",\"action\":[\"style\",\"top: 0 !important;\"],\"cssable\":true}","{\"selector\":\".mobile-sticky-ad ~ #wiki-nav\",\"action\":[\"style\",\"top: 3.125rem !important;\"],\"cssable\":true}","{\"selector\":\"body:has(> .mobile-sticky-ad)\",\"action\":[\"style\",\"padding-top: 5.375rem !important;\"],\"cssable\":true}","{\"selector\":\".text-center:has(> a[href=\\\"/directory/staff-pick\\\"])\",\"action\":[\"style\",\"position: unset !important;\"],\"cssable\":true}","{\"selector\":\"html[style^=\\\"padding-top\\\"]\",\"action\":[\"style\",\"padding-top: 0px !important;\"],\"cssable\":true}","{\"selector\":\"#entry > div.block > b\",\"tasks\":[[\"has-text\",\"/^《広告の下に記事が続きます》$/\"]]}","{\"selector\":\".wrapper > section\",\"tasks\":[[\"has\",{\"selector\":\"> div > span\",\"tasks\":[[\"matches-css\",{\"name\":\"content\",\"pseudo\":\"after\",\"value\":\"^AD$\"}]]}]]}","{\"selector\":\".wrapper > div[class]\",\"tasks\":[[\"has\",{\"selector\":\"> div > div > span\",\"tasks\":[[\"matches-css\",{\"name\":\"content\",\"pseudo\":\"after\",\"value\":\"^Advertisement$\"}]]}]]}","{\"selector\":\"section[style^=\\\"min-height:\\\"]\",\"action\":[\"style\",\"min-height: auto !important;\"],\"cssable\":true}","{\"selector\":\".fixed-container[style^=\\\"min-height:\\\"]\",\"action\":[\"style\",\"min-height: auto !important;\"],\"cssable\":true}","{\"selector\":\".mobile .dl-btn-cont\",\"action\":[\"style\",\"margin-top: 100px !important;\"],\"cssable\":true}","{\"selector\":\"#articleBody > b\",\"tasks\":[[\"has-text\",\"Spartipp\"]]}","{\"selector\":\".tdc-row:has(img[title*=\\\"_digital_ad_mobile\\\"])\",\"action\":[\"style\",\"display: none !important;\"],\"cssable\":true}","{\"selector\":\"body #ContentsArea\",\"action\":[\"style\",\"padding-top: 0 !important;\"],\"cssable\":true}","{\"selector\":\"#area-footer\",\"action\":[\"style\",\"bottom: 0 !important;\"],\"cssable\":true}","{\"selector\":\"#gigafilefly-slot-ol\",\"action\":[\"style\",\"display: none !important;\"],\"cssable\":true}","{\"selector\":\".fxs_header_sponsor\",\"action\":[\"style\",\"display: none !important;\"],\"cssable\":true}","{\"selector\":\".fxs_bgHeader\",\"action\":[\"style\",\"top: 0 !important;\"],\"cssable\":true}","{\"selector\":\".bg-adContainerHeaderMobile\",\"action\":[\"style\",\"display: none !important;\"],\"cssable\":true}","{\"selector\":\".bg-adContainerHeaderMobile ~ header[class*=\\\"top-\\\"][class*=\\\"px\\\"]\",\"action\":[\"style\",\"top: 0 !important;\"],\"cssable\":true}","{\"selector\":\"div[data-test-id=\\\"article-content\\\"] > div[class*=\\\" \\\"]\",\"tasks\":[[\"has\",{\"selector\":\"> aside[style*=\\\"min-height:\\\"]:only-child > div[class]\",\"tasks\":[[\"has-text\",\"/^Advertisement$/\"]]}]]}","{\"selector\":\"#wrapper > .head\",\"tasks\":[[\"has-text\",\"特価品 情報\"]]}","{\"selector\":\".ads_sp_image_slider\",\"action\":[\"remove\",\"\"]}","{\"selector\":\".wrapper > section[style]\",\"tasks\":[[\"has\",{\"selector\":\"> div > span\",\"tasks\":[[\"matches-css\",{\"name\":\"content\",\"pseudo\":\"after\",\"value\":\"^AD$\"}]]}]]}","{\"selector\":\".video-page > div[class]\",\"tasks\":[[\"has\",{\"selector\":\"> div > span\",\"tasks\":[[\"has-text\",\"/^AD/\"]]}]]}","{\"selector\":\".manualcenter\",\"action\":[\"style\",\"min-height: auto !important;\"],\"cssable\":true}","{\"selector\":\".pie-pagina\",\"action\":[\"style\",\"margin-bottom: 0 !important;\"],\"cssable\":true}","{\"selector\":\".device-phone .header--sticky\",\"action\":[\"style\",\"top: 0 !important;\"],\"cssable\":true}","{\"selector\":\"#masthead-ad\",\"action\":[\"style\",\"position: absolute !important; left: -3000px !important;\"],\"cssable\":true}","{\"selector\":\"#container-text\",\"tasks\":[[\"has-text\",\"ADVERTISEMENT\"]]}","{\"selector\":\"#awt_popup_landing\",\"action\":[\"style\",\"display: none !important;\"],\"cssable\":true}","{\"selector\":\".ad_300x250\",\"action\":[\"style\",\"position: absolute !important; left: -3000px !important;\"],\"cssable\":true}","{\"selector\":\"div[class^=\\\"video-conten\\\"] > div[class] > div > div[class]\",\"tasks\":[[\"has\",{\"selector\":\"span\",\"tasks\":[[\"has-text\",\"AD\"]]}]]}","{\"selector\":\"#native_masthead_mobil\",\"action\":[\"style\",\"height: 0 !important;\"],\"cssable\":true}","{\"selector\":\"#inf_mid\",\"action\":[\"style\",\"border-bottom: unset !important;\"],\"cssable\":true}","{\"selector\":\"main > div.itd-head\",\"tasks\":[[\"has\",{\"selector\":\"> h3\",\"tasks\":[[\"has-text\",\"[PR]\"]]}]]}","{\"selector\":\"body\",\"action\":[\"style\",\"padding-bottom: 0 !important;\"],\"cssable\":true}","{\"selector\":\"#c1\",\"action\":[\"remove\",\"\"]}","{\"selector\":\".container > div.fixed\",\"tasks\":[[\"has\",{\"selector\":\"> button\",\"tasks\":[[\"has-text\",\"Interessante Produkte für Sie\"]]}]]}","{\"selector\":\"div[style=\\\"min-height:100px;\\\"]\",\"action\":[\"style\",\"min-height: 0 !important;\"],\"cssable\":true}","{\"selector\":\".navbar-header-estadao.--not-subscriber\",\"action\":[\"style\",\"top: 0 !important;\"],\"cssable\":true}","{\"selector\":\".nav-bar-reserved-area\",\"action\":[\"style\",\"height: 48px !important;\"],\"cssable\":true}","{\"selector\":\"div[style=\\\"min-height: 1000px;\\\"]\",\"action\":[\"style\",\"min-height: auto !important;\"],\"cssable\":true}","{\"selector\":\".hr-content > section[class^=\\\"hr-modCommon01\\\"] #im_low_ad\",\"tasks\":[[\"upward\",2]]}","{\"selector\":\".bottom-\\\\[100px\\\\][class^=\\\"jsx-\\\"]\",\"action\":[\"style\",\"bottom: 0 !important;\"],\"cssable\":true}","{\"selector\":\".article_list .w100\",\"tasks\":[[\"has\",{\"selector\":\"a[target=\\\"_blank\\\"]\",\"tasks\":[[\"has-text\",\"PR\"]]}]]}","{\"selector\":\"iframe[src^=\\\"/a/pagead/\\\"]\",\"tasks\":[[\"upward\",1]]}","{\"selector\":\"iframe[src^=\\\"https://pokoran.com/ad/\\\"]\",\"tasks\":[[\"upward\",1]]}","{\"selector\":\"body span[data-ez-ph-id]\",\"action\":[\"style\",\"display: none !impotrant;\"],\"cssable\":true}","{\"selector\":\"body #page > span.humix-universal-js-insert\",\"action\":[\"style\",\"display: none !impotrant;\"],\"cssable\":true}","{\"selector\":\"amp-embed[type=\\\"taboola\\\"]\",\"action\":[\"style\",\"display: block !important; height: 50px !important;\"],\"cssable\":true}","{\"selector\":\"#articleBody > .summary_box ~ b\",\"tasks\":[[\"has-text\",\"Vergleich\"]]}","{\"selector\":\"body\",\"action\":[\"style\",\"padding-top: 9rem !important;\"],\"cssable\":true}","{\"selector\":\".schiebeleiste > .content\",\"tasks\":[[\"has\",{\"selector\":\"> h2 > a\",\"tasks\":[[\"has-text\",\"/Deal|MwSt|tark reduziert|Cashback|Nur diese Woche|Black-Friday|(Media Markt)[\\\\s\\\\S]*Gratis-Geschenk|Bestpreis|Sale|Nur (noch heute|heute|für [0-9] Tage)/\"]]}]]}","{\"selector\":\"div[class^=\\\"video-conten\\\"] > div > div\",\"tasks\":[[\"has\",{\"selector\":\"> div > a[href]\",\"tasks\":[[\"has-text\",\"Advertising\"]]}]]}","{\"selector\":\".short_discription + div[style] > span\",\"tasks\":[[\"has-text\",\"advertisement\"],[\"upward\",1]]}","{\"selector\":\".top > center\",\"tasks\":[[\"has-text\",\"Advertisement\"]]}","{\"selector\":\".video-page div[class]:not([style]):not([class*=\\\" \\\"]):not([class*=\\\"-\\\"]):is(:has(> div[id][class]), :has(> div[class] > div[id][class]))\",\"action\":[\"remove\",\"\"],\"tasks\":[[\"has-text\",\"Advertisement\"]]}","{\"selector\":\"body.index .top_anc\",\"action\":[\"style\",\"margin-bottom: 0px !important;\"],\"cssable\":true}","{\"selector\":\".advertisement\",\"action\":[\"remove\",\"\"]}","{\"selector\":\"div[data-widget=\\\"advVideoBannerMobile\\\"]\",\"action\":[\"remove\",\"\"]}","{\"selector\":\"div[style*=\\\"display\\\"] > div[style*=\\\"text-align:\\\"]\",\"tasks\":[[\"has\",{\"selector\":\"> div[style*=\\\"position\\\"] > div[style*=\\\"display\\\"]\",\"tasks\":[[\"has-text\",\"/^ADVERTISEMENT$/\"]]}]]}","{\"selector\":\"div[style*=\\\"display: none;\\\"].tabletSkinBlock\",\"action\":[\"remove\",\"\"]}","{\"selector\":\"#topbar > div[class]\",\"tasks\":[[\"has\",{\"selector\":\"> div[class] > div[class] > span\",\"tasks\":[[\"has-text\",\"ADVERTISEMENT\"]]}]]}","{\"selector\":\"article > .adminh:has(> amp-ad)\",\"action\":[\"remove\",\"\"]}","{\"selector\":\".b-mem-post--ads\",\"action\":[\"remove\",\"\"]}","{\"selector\":\"div[data-test-id=\\\"article\\\"] div[class]\",\"tasks\":[[\"has\",{\"selector\":\"> aside[style=\\\"min-height: 310px;\\\"] > div\",\"tasks\":[[\"has-text\",\"Advertisement\"]]}]]}","{\"selector\":\".content_blocks > .itemslist > li\",\"tasks\":[[\"has\",{\"selector\":\"> .mtitle > span\",\"tasks\":[[\"has-text\",\"Advertisement\"]]}]]}","{\"selector\":\"\",\"tasks\":[[\"matches-path\",\"/vtmc49533\"],[\"spath\",\" #article-contents > img[src^=\\\"https://images-na.ssl-images-amazon.com/images/I/\\\"]\"]]}","{\"selector\":\".free .map-container\",\"action\":[\"style\",\"top: 0 !important;\"],\"cssable\":true}","{\"selector\":\".promo\",\"action\":[\"style\",\"display: none !important;\"],\"cssable\":true}","{\"selector\":\".infgaleritrend .frame > .modal-closing > .topDetail > .article-header\",\"action\":[\"style\",\"margin-top: 60px !important;\"],\"cssable\":true}","{\"selector\":\".article-body > div[class] > div[class]\",\"tasks\":[[\"has\",{\"selector\":\"> span\",\"tasks\":[[\"has-text\",\"/^Anzeige:$/\"]]}]]}","{\"selector\":\".content__body > div.content__info\",\"tasks\":[[\"has\",{\"selector\":\"> ul.info__list > li.info__item > h3.info__title.info__title\",\"tasks\":[[\"has-text\",\"Sponsored by\"]]}]]}","{\"selector\":\"span[data-ez-ph-id]\",\"action\":[\"style\",\"display: none !important;\"],\"cssable\":true}","{\"selector\":\"article > div.flex\",\"tasks\":[[\"has\",{\"selector\":\"> div\",\"tasks\":[[\"has-text\",\"Article continues after ad\"]]}]]}","{\"selector\":\"body > div[role=\\\"dialog\\\"]:has(> div[class]:only-child > div[data-role=\\\"ad\\\"])\",\"action\":[\"remove\",\"\"]}","{\"selector\":\"#topbar > .hide-desktop + div[class] > div[class]:only-child\",\"tasks\":[[\"has\",{\"selector\":\"> div[class] > span\",\"tasks\":[[\"has-text\",\"/^ADVERTISEMENT$/\"]]}]]}","{\"selector\":\"div[data-test-id=\\\"article-content\\\"] div[class]\",\"tasks\":[[\"has\",{\"selector\":\"> aside div\",\"tasks\":[[\"has-text\",\"Advertisement\"]]}]]}","{\"selector\":\"iframe[src*=\\\"usrfiles.com/\\\"]\",\"tasks\":[[\"upward\",1]]}","{\"selector\":\".mbanner-is-fixed\",\"action\":[\"style\",\"top: 0px !important; padding-top: 0px !important;\"],\"cssable\":true}","{\"selector\":\"#main-header-fixable\",\"action\":[\"style\",\"top: 0px !important;\"],\"cssable\":true}","{\"selector\":\"body > header > div\",\"action\":[\"style\",\"padding-top: 0px !important\"],\"cssable\":true}","{\"selector\":\"body > header > div > div\",\"action\":[\"style\",\"top: 0px !important; padding-top: 0px !important\"],\"cssable\":true}","{\"selector\":\"#taboola-mid-article-thumbnails-outstream\",\"action\":[\"remove\",\"\"]}","{\"selector\":\"div[data-type=\\\"article-body\\\"] .text-description > div\",\"action\":[\"remove\",\"\"]}","{\"selector\":\"pre > button[type]\",\"tasks\":[[\"has-text\",\"Remover anúncio\"]]}","{\"selector\":\".articleList > li > div.amazon-ranking\",\"tasks\":[[\"upward\",1]]}","{\"selector\":\"center\",\"tasks\":[[\"has\",{\"selector\":\"> div.nat-mb-head\",\"tasks\":[[\"has-text\",\"ADVERTISEMENT\"]]}]]}","{\"selector\":\".video-content > div[class] > div:not([class])\",\"tasks\":[[\"has\",{\"selector\":\"> div[class] > div:not([class]) > div.text > a\",\"tasks\":[[\"has-text\",\"Advertisement\"]]}]]}","{\"selector\":\"#ad_header + center > ins.widget-banner\",\"tasks\":[[\"upward\",1]]}","{\"selector\":\".entory_more > center > ins.widget-banner\",\"tasks\":[[\"upward\",1]]}","{\"selector\":\".attention > ul.box > li.large > script\",\"tasks\":[[\"upward\",1]]}","{\"selector\":\".c-glo-section > div[id^=\\\"sp-disease-advertisement-\\\"]\",\"tasks\":[[\"upward\",1]]}","{\"selector\":\".c-glo-section > div.p-diseases-pickup > div[id^=\\\"logly-\\\"]\",\"tasks\":[[\"upward\",2]]}","{\"selector\":\"#news > li > div.inner\",\"tasks\":[[\"upward\",1]]}","{\"selector\":\".modaal-inline:has(a[href*=\\\"/jackbnr_\\\"])\",\"action\":[\"style\",\"display: none !important;\"],\"cssable\":true}","{\"selector\":\".modaal-overlay\",\"action\":[\"style\",\"display: none !important;\"],\"cssable\":true}","{\"selector\":\".modaal-noscroll\",\"action\":[\"style\",\"overflow: auto !important;\"],\"cssable\":true}","{\"selector\":\".contentsWrapper > div.title-card-wrapper > div#MB_3_SP > div.OB-REACT-WRAPPER > div.OUTBRAIN\",\"tasks\":[[\"upward\",4]]}","{\"selector\":\"li.teaserModul\",\"tasks\":[[\"has\",{\"selector\":\"> div > .item > .textFrame > .articleInfo > .autorName\",\"tasks\":[[\"has-text\",\"Anzeige\"]]}]]}","{\"selector\":\".main > section\",\"tasks\":[[\"has\",{\"selector\":\"> div.heading > div.heading_title\",\"tasks\":[[\"has-text\",\"/PR$/\"]]}]]}","{\"selector\":\".newslist__item > div[data-rfp-adspot-id]\",\"tasks\":[[\"upward\",1]]}","{\"selector\":\"main > .topic > .post--0\",\"tasks\":[[\"has\",{\"selector\":\"> .post-head > .post-info > .post-details\",\"tasks\":[[\"has-text\",\"/^by Sponsored content$/\"]]}]]}","{\"selector\":\"div[class^=\\\"sc-\\\"] > div > div#rectangle_main_sp\",\"tasks\":[[\"upward\",2]]}","{\"selector\":\"aside[class^=\\\"_\\\"] > div[class^=\\\"_\\\"] > div[id^=\\\"ad-banner\\\"]\",\"tasks\":[[\"upward\",1]]}","{\"selector\":\"main > section + div[class^=\\\"_\\\"] > div[id^=\\\"ad_\\\"]:empty:only-child\",\"tasks\":[[\"upward\",1]]}","{\"selector\":\".article > section.l-block > h3.c-sub-headline\",\"tasks\":[[\"has-text\",\"PR\"]]}","{\"selector\":\".m-aside-headline\",\"tasks\":[[\"has\",{\"selector\":\"> b.title\",\"tasks\":[[\"has-text\",\"AD\"]]}]]}","{\"selector\":\".uk-text-center.uk-margin-bottom > div[id^=\\\"div-gpt-\\\"]\",\"tasks\":[[\"upward\",1]]}","{\"selector\":\".contentWrapper > p.cp-ttl--tag.mb20\",\"tasks\":[[\"has-text\",\"PR\"]]}","{\"selector\":\".section > div.section__body > div.prarea\",\"tasks\":[[\"upward\",2]]}","{\"selector\":\"section > div[class^=\\\"emotion-\\\"]\",\"tasks\":[[\"has\",{\"selector\":\"> div[class^=\\\"emotion-\\\"] > span\",\"tasks\":[[\"has-text\",\"Куда доставить продукты?\"]]}]]}","{\"selector\":\"div[aria-live=\\\"polite\\\"] > ul > li > div > div#MMON\",\"tasks\":[[\"upward\",2]]}","{\"selector\":\"div[aria-live=\\\"polite\\\"] > ul > li > div[id^=\\\"infeedAd\\\"]\",\"tasks\":[[\"upward\",1]]}","{\"selector\":\"main > section#artcldtl + div[class^=\\\"_\\\"] > div[id^=\\\"ad_\\\"]\",\"tasks\":[[\"upward\",1]]}","{\"selector\":\".page-content .js_recommendations-container\",\"tasks\":[[\"has\",{\"selector\":\"> div > header > span > span\",\"tasks\":[[\"has-text\",\"/^Reklama$/\"]]}]]}","{\"selector\":\".page-content .js_recommendations-container\",\"tasks\":[[\"has\",{\"selector\":\"> div > header > span > span\",\"tasks\":[[\"has-text\",\"/^Reklama$/\"]]}],[\"spath\",\" + .js_analytics-promotedItems[data-event-category=\\\"adbox\\\"]\"]]}","{\"selector\":\".contentsWrapper > div > div.OB-REACT-WRAPPER\",\"tasks\":[[\"upward\",2]]}","{\"selector\":\".iListNitem > li.header\",\"tasks\":[[\"has-text\",\"ピックアップ\"]]}","{\"selector\":\".main-content > div > div[data-dfp-display]\",\"tasks\":[[\"upward\",1]]}","{\"selector\":\"aside > div[class^=\\\"mod-ads-area\\\"]\",\"tasks\":[[\"upward\",1]]}","{\"selector\":\"#blogMegaPanelGeneral:empty\",\"tasks\":[[\"upward\",1]]}","{\"selector\":\"li[class^=\\\"_\\\"] > div[class^=\\\"_\\\"] > img[alt=\\\"PR\\\"]\",\"tasks\":[[\"upward\",2]]}","{\"selector\":\"li[class^=\\\"_\\\"] > div:not([class]):only-child:empty\",\"tasks\":[[\"upward\",1]]}","{\"selector\":\"div[class^=\\\"_\\\"] > aside[class^=\\\"_\\\"] section > div[class^=\\\"_\\\"] > a[href^=\\\"https://dokusho-ojikan.jp/ameba_manga_login\\\"]:only-child\",\"tasks\":[[\"upward\",1]]}","{\"selector\":\".related\",\"tasks\":[[\"has-text\",\"PR\"]]}","{\"selector\":\".related\",\"tasks\":[[\"has-text\",\"PR\"],[\"spath\",\" + div.top_new_menu_ul\"]]}","{\"selector\":\".erase_space-ad ~ div.c-heading\",\"tasks\":[[\"has\",{\"selector\":\"> p[class^=\\\"c-heading_\\\"]\",\"tasks\":[[\"has-text\",\"RECOMMEND\"]]}]]}","{\"selector\":\".m-backnumber-list-item > div[id^=\\\"div-gpt-\\\"]\",\"tasks\":[[\"upward\",1]]}","{\"selector\":\".out_single_under > div.img > a[href=\\\"\\\"]\",\"tasks\":[[\"upward\",2]]}","{\"selector\":\".stream-article > div[id^=\\\"div-gpt-\\\"]\",\"tasks\":[[\"upward\",1]]}","{\"selector\":\".fp_list_each.mobile_only > div.mobile_only_ad\",\"tasks\":[[\"upward\",1]]}","{\"selector\":\".foot-banner > div[id^=\\\"300X250_\\\"]\",\"tasks\":[[\"upward\",1]]}","{\"selector\":\".section_common > article.entryad\",\"tasks\":[[\"upward\",1]]}","{\"selector\":\".hTag2 > span[class^=\\\"icon-list\\\"]\",\"tasks\":[[\"has-text\",\"/Ads|おすすめ記事（一部広告/\"],[\"upward\",1]]}","{\"selector\":\".bd_bd > div[class^=\\\"text-top-tab1-\\\"] > div.bd > div.bd_left[name]\",\"tasks\":[[\"has-text\",\"PR\"],[\"upward\",2]]}","{\"selector\":\".articlepage > .center_block\",\"tasks\":[[\"has\",{\"selector\":\"> p\",\"tasks\":[[\"has-text\",\"- - Advertisement - -\"]]}]]}","{\"selector\":\".spView > div[style^=\\\"margin\\\"] > div[id^=\\\"div-gpt-ad\\\"]\",\"tasks\":[[\"upward\",1]]}","{\"selector\":\".uk-margin-bottom > div[id^=\\\"div-gpt-\\\"]\",\"tasks\":[[\"upward\",1]]}","{\"selector\":\".uk-text-center > ins.adsbygoogle\",\"tasks\":[[\"upward\",1]]}","{\"selector\":\"li > div[id^=\\\"ad-rellink\\\"]\",\"tasks\":[[\"upward\",1]]}","{\"selector\":\".free-area script[src^=\\\"https://js.ad-\\\"]\",\"tasks\":[[\"upward\",\".free-area\"]]}","{\"selector\":\".recently-list2 > ul[style=\\\"overflow-x: auto; white-space: nowrap;\\\"]\",\"tasks\":[[\"upward\",1]]}","{\"selector\":\".recently-list2 > div#taboola-below-article-thumbnail-sp\",\"tasks\":[[\"upward\",1]]}","{\"selector\":\".recently-list2 > script[src^=\\\"https://js.ad-stir.com/\\\"]\",\"tasks\":[[\"upward\",1]]}","{\"selector\":\".article__content > div > span.list__header\",\"tasks\":[[\"has-text\",\"/^Sponsored$/\"]]}","{\"selector\":\".c-bnr span.c-global_pr\",\"tasks\":[[\"upward\",\".c-bnr\"]]}","{\"selector\":\"li.unit > a[href*=\\\"/jump.asp?\\\"][onclick^=\\\"onclickcatalysttopcs\\\"]\",\"tasks\":[[\"upward\",1]]}","{\"selector\":\"div[data-testid=\\\"RAD_NET_M_Search_Middle\\\"] > div#RAD_NET_M_Search_Middle\",\"tasks\":[[\"upward\",2]]}","{\"selector\":\".linked-block > div.card-wrapper\",\"tasks\":[[\"has\",{\"selector\":\"> div.c-card > div.c-card__subinfo > div.c-card-label\",\"tasks\":[[\"has-text\",\"Реклама\"]]}]]}","{\"selector\":\"#article-contents > span\",\"tasks\":[[\"has-text\",\"スポンサードリンク\"]]}","{\"selector\":\".lattice-interres-standby > span\",\"tasks\":[[\"has-text\",\"スポンサードリンク\"]]}","{\"selector\":\".main > div.container-fluid > div > div.float-right\",\"tasks\":[[\"has-text\",\"/^\\\\s{8} $/\"]]}","{\"selector\":\".news_section > ul > li > div.adcloud_frame\",\"tasks\":[[\"upward\",1]]}","{\"selector\":\".shelf-text script[src^=\\\"https://img.ad-nex.com/\\\"]\",\"tasks\":[[\"upward\",\".shelf-text\"]]}","{\"selector\":\"div > div[class^=\\\"_\\\"] > aside[class^=\\\"_\\\"]:first-child > div[class^=\\\"_\\\"] > aside[class^=\\\"_\\\"]:only-child > div[class^=\\\"_\\\"][class$=\\\"_\\\"]:only-child > div:only-child:empty\",\"tasks\":[[\"upward\",3]]}","{\"selector\":\"main + aside[class^=\\\"_\\\"] > div[class^=\\\"_\\\"]:only-child > div[class^=\\\"_\\\"]:only-child > div:only-child\",\"tasks\":[[\"upward\",1]]}","{\"selector\":\"div[class^=\\\"_\\\"] > aside[class^=\\\"_\\\"] > div[class^=\\\"_\\\"] > div[id*=\\\"adFooterMegaPanel\\\"]\",\"tasks\":[[\"upward\",3]]}","{\"selector\":\"#blogMegaPanelOfficial:empty\",\"tasks\":[[\"upward\",1]]}","{\"selector\":\"div[style=\\\"overflow:hidden\\\"] > div[class^=\\\"_\\\"] > aside[class^=\\\"_\\\"] > div[class^=\\\"_\\\"] > aside[class^=\\\"_\\\"] > div[class^=\\\"_\\\"] > div[id$=\\\"adFooterMegaPanel\\\"]\",\"tasks\":[[\"upward\",3]]}","{\"selector\":\"div[style=\\\"overflow: hidden;\\\"] > div[class^=\\\"_\\\"]:last-of-type > aside[class^=\\\"_\\\"]:only-child > div[class^=\\\"_\\\"] > aside[class^=\\\"_\\\"]:only-child > div > div:empty\",\"tasks\":[[\"upward\",3]]}","{\"selector\":\".article_main > div[class^=\\\"jsx-\\\"][style*=\\\"height\\\"] > .nw18-dfp-ad\",\"tasks\":[[\"upward\",1]]}","{\"selector\":\".news-list-area li > script[src^=\\\"https://js.mediams\\\"]\",\"tasks\":[[\"upward\",1]]}","{\"selector\":\"article > div[class^=\\\"css-\\\"] > div[id^=\\\"iqad\\\"]\",\"tasks\":[[\"upward\",1]]}","{\"selector\":\"li > #sp_article_infeed_1st\",\"tasks\":[[\"upward\",1]]}","{\"selector\":\".wrapperMobileHome div[class][style]:not([data-videomsid]) > .ad_text\",\"tasks\":[[\"upward\",1]]}","{\"selector\":\".wrapperMobileHome div[class][style]:not([data-videomsid]) > .ctn-workaround-div\",\"tasks\":[[\"upward\",1]]}","{\"selector\":\"body > h2\",\"tasks\":[[\"has\",{\"selector\":\"> a\",\"tasks\":[[\"has-text\",\"/Nur heute\\\\:|Nur diese Woche\\\\:|Nur für [0-9]{1,} Tage|Jetzt reduziert\\\\:|Nur noch heute|tark reduziert|eals des Tages|Knaller-Tarif|Top-Preis|kurze Zeit|vorbestellen|Günstige Deals|startet[\\\\s\\\\S]*Launch bei/\"]]}]]}","{\"selector\":\".article div[data-ad]\",\"tasks\":[[\"upward\",1]]}","{\"selector\":\".b-news-list__container > article.b-news-list__item\",\"tasks\":[[\"has\",{\"selector\":\"> div.b-news-list__item-content > span\",\"tasks\":[[\"has-text\",\"Реклама\"]]}]]}","{\"selector\":\".b-material-list__container > article\",\"tasks\":[[\"has\",{\"selector\":\"> div.b-material-list__item-content > div.b-material-list__item-content-details > span\",\"tasks\":[[\"has-text\",\"Реклама\"]]}]]}","{\"selector\":\"#ad-list > li\",\"tasks\":[[\"has\",{\"selector\":\"> div[class] > div\",\"tasks\":[[\"has-text\",\"PUBLICIDADE\"]]}]]}","{\"selector\":\".article_main > div[class^=\\\"jsx-\\\"][style*=\\\"min-height:\\\"] > .OUTBRAIN\",\"tasks\":[[\"upward\",1]]}","{\"selector\":\".disrupter-Color-OrangeReview > a\",\"tasks\":[[\"has\",{\"selector\":\"> .textFrame > .articleInfo > .autorName\",\"tasks\":[[\"has-text\",\"Anzeige\"]]}]]}","{\"selector\":\".ui-li > iframe[src*=\\\"//dec.2chan.net/bin/\\\"]\",\"tasks\":[[\"upward\",1]]}","{\"selector\":\"#common-header > #adbanner_spheader\",\"tasks\":[[\"upward\",1]]}","{\"selector\":\".p-items_main > div > div > div > div > div#dfp-slot-article-after-body-for-mobile\",\"tasks\":[[\"upward\",4]]}","{\"selector\":\".p-items_main > div > div > div > div > div#dfp-slot-article-after-reference\",\"tasks\":[[\"upward\",3]]}","{\"selector\":\".p-items_main > div > div > div > div#dfp-slot-article-after-reference\",\"tasks\":[[\"upward\",3]]}","{\"selector\":\"div[class^=\\\"css-\\\"] > div > div[class^=\\\"it-Ads_\\\"]\",\"tasks\":[[\"upward\",2]]}","{\"selector\":\"div[class^=\\\"css-\\\"] > div[class^=\\\"css-\\\"] > div[id^=\\\"logly-\\\"]\",\"tasks\":[[\"upward\",2]]}","{\"selector\":\".textBlock > .caption\",\"tasks\":[[\"has\",{\"selector\":\"> .source\",\"tasks\":[[\"has-text\",\"ANZEIGE\"]]}]]}","{\"selector\":\"article > div.in-row > iframe[src^=\\\"/_ad#\\\"]\",\"tasks\":[[\"upward\",2]]}","{\"selector\":\"#container > div.free-area > div[align=\\\"center\\\"] > script[src*=\\\"adingo.jp\\\"]\",\"tasks\":[[\"upward\",2]]}","{\"selector\":\"#banner_overlay-postitial-content\",\"action\":[\"remove\",\"\"]}","{\"selector\":\"#banner_overlay-postitial-video\",\"action\":[\"remove\",\"\"]}","{\"selector\":\"#announcementBar ~ aside[class] button.icon-hl-close-thick\",\"tasks\":[[\"upward\",2]]}","{\"selector\":\"div[class^=\\\"_\\\"] > .mrecasadscode ~ div[class^=\\\"_\\\"] > div[class*=\\\"_\\\"] > h3\",\"tasks\":[[\"has-text\",\"/^Promoted$/\"],[\"spath\",\" + ul > li > a[href^=\\\"https://www.gadgetsnow.com/affiliate_amazon.cms?\\\"]\"],[\"upward\",3]]}","{\"selector\":\"body > .text-center.MT20\",\"tasks\":[[\"has-text\",\"/^Advertisements$/\"]]}","{\"selector\":\".entry-content > .caption.text-center\",\"tasks\":[[\"has-text\",\"/^ADVERTISING$/\"]]}","{\"selector\":\"#mvp-content-main > .code-block > .ai-attributes\",\"tasks\":[[\"upward\",1]]}","{\"selector\":\"#mvp-content-main > .code-block > div > .ai-attributes\",\"tasks\":[[\"upward\",2]]}","{\"selector\":\".pulse-lenta div[id^=\\\"_pcard_\\\"]:has(> a[href^=\\\"https://t.mail.ru/redir/\\\"])\",\"action\":[\"remove\",\"\"]}","{\"selector\":\"footer > div[class^=\\\"sc-\\\"] > div[class^=\\\"sc-\\\"] > div#mobile-bottom-sticky-undefined\",\"tasks\":[[\"upward\",1]]}","{\"selector\":\".content div.divAppend\",\"tasks\":[[\"has\",{\"selector\":\"> div p[style]\",\"tasks\":[[\"has-text\",\"Advertiserment\"]]}]]}","{\"selector\":\".bg-whites > div.container div[style]\",\"tasks\":[[\"has\",{\"selector\":\"> p[style]\",\"tasks\":[[\"has-text\",\"Advertiserment\"]]}]]}","{\"selector\":\".messagelist > div:not([cid])\",\"tasks\":[[\"has\",{\"selector\":\"span.js-href + div\",\"tasks\":[[\"has-text\",\"Реклама\"]]}]]}","{\"selector\":\".messagelist > div[style^=\\\"width:100%; height:\\\"] + div\",\"tasks\":[[\"has\",{\"selector\":\"span.js-href + div\",\"tasks\":[[\"has-text\",\"Реклама\"]]}]]}","{\"selector\":\".messagelist > div[style^=\\\"width: 100%; height:\\\"] + div\",\"tasks\":[[\"has\",{\"selector\":\"span.js-href + div\",\"tasks\":[[\"has-text\",\"Реклама\"]]}]]}","{\"selector\":\"#views div[style^=\\\"min-height:\\\"] > form ~ div[class][style]\",\"tasks\":[[\"has\",{\"selector\":\"> div[class] > div[class][id] > div[class] > div[class]\",\"tasks\":[[\"has-text\",\"Ad\"]]}]]}","{\"selector\":\".clearfix > br.id-r-component + div[class^=\\\"_\\\"]\",\"tasks\":[[\"matches-css\",{\"name\":\"content\",\"pseudo\":\"before\",\"value\":\"^ADVERTISEMENT$\"}]]}","{\"selector\":\"#content-bottom > #mobile_text-11\",\"tasks\":[[\"upward\",1]]}","{\"selector\":\".amp-flying-carpet-text-border\",\"tasks\":[[\"has-text\",\"Werbung\"]]}","{\"selector\":\".materialLst > li[class^=\\\"material clear\\\"]:has(> script[src^=\\\"//md.tvzhe.\\\"])\",\"action\":[\"remove\",\"\"]}","{\"selector\":\".materialLst > li[class=\\\"material clear \\\"][style=\\\"display: list-item;\\\"]:has(> a[rel=\\\"nofollow\\\"][b_l]:not([href^=\\\"/\\\"]))\",\"action\":[\"remove\",\"\"]}","{\"selector\":\"div[style=\\\"visibility:visible\\\"] > div[class*=\\\" \\\"] > div[class*=\\\" \\\"]:not([class^=\\\"sc-\\\"])\",\"tasks\":[[\"matches-css\",{\"name\":\"background-image\",\"value\":\"^url\\\\(https:\\\\/\\\\/v\\\\.wpimg\\\\.pl\\\\/\"}],[\"spath\",\":has(> div[class]:only-child:empty)\"]]}","{\"selector\":\"div[style=\\\"visibility:visible\\\"] > div[class*=\\\" \\\"] > div[class*=\\\" \\\"] > div[class]:not([class^=\\\"sc-\\\"])\",\"tasks\":[[\"matches-css\",{\"name\":\"background-image\",\"value\":\"^url\\\\(https:\\\\/\\\\/v\\\\.wpimg\\\\.pl\\\\/\"}],[\"spath\",\":has(> div[class]:only-child:empty)\"]]}","{\"selector\":\"div[style=\\\"visibility:visible\\\"] > div[class*=\\\" \\\"] > div[class*=\\\" \\\"] > div[class^=\\\"sc-\\\"] > div[class*=\\\" \\\"]\",\"tasks\":[[\"matches-css\",{\"name\":\"background-image\",\"value\":\"^url\\\\(https:\\\\/\\\\/v\\\\.wpimg\\\\.pl\\\\/\"}],[\"spath\",\":has(> div[class]:only-child:empty)\"]]}","{\"selector\":\".article-column > div.read-also\",\"tasks\":[[\"has-text\",\"Новости партнеров\"]]}","{\"selector\":\".mobileNewsList__section > .mobileNewsList__container\",\"tasks\":[[\"has\",{\"selector\":\"> .mobileNewsList__right > a.postItem__category\",\"tasks\":[[\"has-text\",\"/^REKLAMA$/\"]]}]]}","{\"selector\":\".sub-top > div > div.netnews-item\",\"tasks\":[[\"has\",{\"selector\":\"> div.nn-item-top > p > a\",\"tasks\":[[\"has-text\",\"Tin tài trợ\"]]}]]}","{\"selector\":\"body[class^=\\\"amp-mode\\\"] > article > small\",\"tasks\":[[\"has-text\",\"/^reklama$/\"]]}","{\"selector\":\".article__content__footer > div[class] > div[id]\",\"tasks\":[[\"has-text\",\"загрузка\"]]}","{\"selector\":\".CommentsPage > article[class][id]\",\"tasks\":[[\"has\",{\"selector\":\"> div[class] > a > div[class]\",\"tasks\":[[\"has-text\",\"Promoted\"]]}]]}","{\"selector\":\".mobil_bugun > li\",\"tasks\":[[\"has\",{\"selector\":\"> a[href^=\\\"http://bit.ly/\\\"][rel=\\\"nofollow\\\"] + b[style=\\\"color: #a09f9f;\\\"]\",\"tasks\":[[\"has-text\",\"reklam\"]]}]]}","{\"selector\":\".player-spot__title\",\"tasks\":[[\"has-text\",\"Advertisement\"]]}","{\"selector\":\".search-items-container__tab-panel > .item-card-list > .item-card-list__item-card-wrapper\",\"tasks\":[[\"has\",{\"selector\":\"> a[href] > div[class] > div[class]:not([class^=\\\"_\\\"]) > div[class]:last-child\",\"tasks\":[[\"has-text\",\"/^Iklan$/\"]]}]]}","{\"selector\":\"section#update.list > .block-box\",\"action\":[\"style\",\"visibility: hidden!important;\"],\"tasks\":[[\"has\",{\"selector\":\"> h2\",\"tasks\":[[\"has-text\",\"/^Baca Juga$/\"],[\"spath\",\" + div:last-child > .adsbygoogle\"]]}]]}","{\"selector\":\"div[style^=\\\"text-align: center;\\\"]\",\"tasks\":[[\"has\",{\"selector\":\"> em\",\"tasks\":[[\"has-text\",\"ADVERTISEMENT\"]]}]]}","{\"selector\":\"#flixPlayer > div[id=\\\"inttt\\\"][style*=\\\"z-index:\\\"]\",\"action\":[\"remove\",\"\"]}","{\"selector\":\".news-list > article\",\"tasks\":[[\"has\",{\"selector\":\"> div.after-head\",\"tasks\":[[\"has-text\",\"Реклама\"]]}]]}","{\"selector\":\"#im_interstitial_panel\",\"action\":[\"remove\",\"\"]}","{\"selector\":\"aside[role=\\\"complementary\\\"] > .block > .block-header > span.title\",\"tasks\":[[\"has-text\",\"/^SPECIAL$/\"]]}","{\"selector\":\"#sidebar > #section\",\"tasks\":[[\"has-text\",\"Advertisement\"]]}","{\"selector\":\".content > div.card > div[class*=\\\"_type_card\\\"]:not([data-bem])\",\"tasks\":[[\"has\",{\"selector\":\"> div > div[class$=\\\"__badge\\\"]\",\"tasks\":[[\"has-text\",\"/^Реклама/\"]]}]]}","{\"selector\":\"div[data-id-module=\\\"col-width-watcher\\\"] > div.id-Container--hasNoHeadline\",\"tasks\":[[\"matches-css\",{\"name\":\"content\",\"pseudo\":\"before\",\"value\":\"^\\\\*- Reklame$\"}]]}","{\"selector\":\"div[data-id-module=\\\"col-width-watcher\\\"] > div.id-Container--hasHeadline\",\"tasks\":[[\"has\",{\"selector\":\"> h3 > span\",\"tasks\":[[\"has-text\",\"Auch interessant\"]]}]]}","{\"selector\":\".content-scroll > div#ng-view > section.headline_list\",\"tasks\":[[\"has\",{\"selector\":\"> div.section_header\",\"tasks\":[[\"has-text\",\"Partner Offers\"]]}]]}","{\"selector\":\"body > .list__header\",\"tasks\":[[\"has-text\",\"Sponsored Section\"]]}","{\"selector\":\".top-ad-padding\",\"action\":[\"style\",\"padding-top: 15px !important;\"],\"cssable\":true}","{\"selector\":\"iframe[src^=\\\"//a.magsrv.com/\\\"]\",\"action\":[\"style\",\"height: 100px !important; width: 0 !important; visibility: hidden !important;\"],\"cssable\":true}","{\"selector\":\".mobile-sims-grid-card-view div.a-section > span[class*=\\\"_sponsored_\\\"]\",\"tasks\":[[\"upward\",\".mobile-sims-grid-card-view\"]]}","{\"selector\":\"#similarities_feature_div span.threepsl-sponsored\",\"tasks\":[[\"upward\",\"#similarities_feature_div\"]]}","{\"selector\":\"body > div.serp_js_inited.main .serp-list > .serp-item:has(a[href^=\\\"http://yabs.yandex.\\\"] > div > div[class*=\\\"organic__path\\\"])\",\"action\":[\"remove\",\"\"]}","{\"selector\":\"body > div.serp_js_inited.main .serp-list > .serp-item:has(a[href^=\\\"http://yabs.yandex.\\\"] > div > div.label_theme_direct)\",\"action\":[\"remove\",\"\"]}","{\"selector\":\"\",\"tasks\":[[\"matches-path\",\"/metro\"],[\"spath\",\" div[data-chunk=\\\"promo-chunk\\\"]\"]]}","{\"selector\":\".feed-item article\",\"tasks\":[[\"matches-attr\",{\"attr\":\"/data[a-z-]+/\",\"value\":\"/^card-[a-zA-Z]{3,}/\"}]]}","{\"selector\":\"\",\"tasks\":[[\"matches-path\",\"/media\"],[\"spath\",\" div[class^=\\\"article-render-mobile\\\"][class$=\\\"type_yandex-direct\\\"]\"]]}","{\"selector\":\"\",\"tasks\":[[\"matches-path\",\"/pogoda\"],[\"spath\",\" div[class^=\\\"Card_container\\\"][class*=\\\"Advert\\\"]\"]]}","{\"selector\":\"main > div[class] ~ div[class] > div[class] div[class] > a[href^=\\\"https://prime.rambler.ru/promo\\\"][data-cerber*=\\\"mobile\\\"]\",\"tasks\":[[\"upward\",2]]}","{\"selector\":\".upanel > div.wall_item\",\"tasks\":[[\"has\",{\"selector\":\"> div.wi_body\",\"tasks\":[[\"has-text\",\"/Реклама.*erid:/i\"]]}]]}","{\"selector\":\".wall_item > div.wi_head > div[class^=\\\"PostHeader\\\"] span[class^=\\\"PostHeader\\\"] > span\",\"tasks\":[[\"has-text\",\"/^Реклама( в сообществе)?/\"],[\"upward\",\".wall_item\"]]}","{\"selector\":\".page > section.section_rss\",\"tasks\":[[\"has\",{\"selector\":\"> a:not([href])\",\"tasks\":[[\"has-text\",\"/Новости партнёра|Новини партнера/\"]]}]]}","{\"selector\":\".page > section.section_rss\",\"tasks\":[[\"has\",{\"selector\":\"> a\",\"tasks\":[[\"has-text\",\"15min.lt\"]]}]]}","{\"selector\":\".page > section.section_rss\",\"tasks\":[[\"has\",{\"selector\":\"> a\",\"tasks\":[[\"has-text\",\"Аргументы и факты\"]]}]]}","{\"selector\":\"div[data-test-id=\\\"article-content\\\"] > div[class*=\\\" \\\"]:not([tabindex]) > div > div\",\"tasks\":[[\"has-text\",\"/^Реклама$/\"],[\"upward\",2]]}","{\"selector\":\"div[data-test-id=\\\"article-content\\\"] > div\",\"tasks\":[[\"has\",{\"selector\":\"> div > aside > div\",\"tasks\":[[\"has-text\",\"Реклама\"]]}]]}","{\"selector\":\"div\",\"tasks\":[[\"matches-css\",{\"name\":\"content\",\"pseudo\":\"before\",\"value\":\"^Реклама\"}],[\"matches-css\",{\"name\":\"max-height\",\"value\":\"^100px$\"}]]}","{\"selector\":\"body > #main\",\"action\":[\"style\",\"bottom: 0 !important;\"],\"cssable\":true}","{\"selector\":\".header-placeholder.has-adhesion\",\"action\":[\"style\",\"height: 44px !important;\"],\"cssable\":true}","{\"selector\":\"li[data-wf-native-da-id^=\\\"ntk-native-ad-\\\"]\",\"action\":[\"remove\",\"\"]}"],"selectorLists":["0,1,2,241,242,3,4","-1,-2,-3,-4,-5,243,244,245,246,247,248,249,5,6,7,8,9","5,6,7,8,9","10,11,12,289,290,291,292","13","14","15","16","17","18","19,20","21","22","22,24,25,26,526","23","27","28","29","30,31","32,33","112,113,34","35,36","37","38","39,40,41","42,43","44,45","46","47","48","49","50","51","52","336,53","54,55","56","57","58,59","60","61","62","63,64","65","66","267,66","115,274,66","67","68","69","70,71","72","73","366,74","75","76","77,78","79,80","81","82","83,84","279,370,371,372,373,85","86,87,88","89,90,91","92,93","429,430,94","95,96","97","98","99","100","101,102,103","104","105","106","107,108","109","110","111","114,115","115,140","115,201,202","115,320","116","117","118,119","120,412,413,414,415,446,447,448,449,450,451","121","122","123","124","125","126,127,308,309","128","129","130,131","130,180","132","133","134","135","136","137,138","139","141,453","142,143","144","145,146,147","-147","148,437","149,150","151,152","153,154,155,156,157,158,159","160","161,162","163,164,185,186","165,166","167","168","169","170","171,172","173,304,305","174","175,176","177,178","179","181","182,183","184","187","188","189","190,191","192","193","194,203,204","195","196","197,390,464","198","199,200","205","206,207,506","208,209","210,211,212","212,216,217","212,219","213,214","215","218","220","221,222,223","224,225","226","227","228,229","230","231","232","233","234,510","235,342","236","237","238","239","240","250","251,252","253","254","255","256","257","258,259","260,466","261","262","263,264,265","266","268,269","270","271","272,273","275","276","277","278","280,281,282","283","284","285","286","287","288","293","294","295","296,297","298,299","300","301,341,343,458","302","303","306,307","310","311","312","313","314","315","316","317","318","319,353,367","321","322","323","324","325","326","327","328","329","330,331","332,392","333","334","335","337","338,339","340","344","345","346","347","348","349","350","351","352","354,424","355","356,368","357","358","359","360,361","362","363","364","365","369","374,375","376","377","378","379","380,381","382","383,384","385","386,387,388","389,408","391","393","394","395","396,403,404,405","397","398","399","400,401","402","406,407","409","410","411","416,417","418","419","420","421","422","423","425","426","427","428","431","432","433,434,435","436,519","438","439","440","441,442","443","444","445","452,463","454","455","456,457,491","459,499","460,461","462","465","467,468,469,470,471","472","473","474","475,476","476","477","478","479","480","481,482","483","484","485,486","487,488,489","490","492","493","494,495","496,497,498","500","501","502","503","504","505","507","508","509","511","512","513","514","515","516,517","518","520","521","522,523","524,525","-525,-526","527,528,529","530","531,532","533","534","535","536,537","538","539","540","541"],"selectorListRefs":[332,12,274,292,127,21,128,152,249,322,19,350,162,163,58,94,133,352,320,170,239,349,165,112,347,81,317,230,250,311,43,352,328,106,136,336,212,217,178,358,236,13,308,41,86,290,27,25,252,40,278,82,159,35,342,314,209,199,20,309,77,295,200,17,177,28,212,191,45,305,258,360,348,348,348,348,143,356,340,180,300,124,329,235,346,226,37,96,95,318,44,105,270,275,314,83,212,312,168,301,307,80,139,298,351,333,276,212,5,61,138,348,296,288,92,345,44,166,207,205,337,100,233,341,122,354,355,54,353,159,210,38,52,272,144,306,327,65,15,90,6,97,263,222,148,150,287,330,149,191,310,184,84,297,49,78,126,59,0,205,257,315,237,57,36,187,110,160,132,338,153,147,175,123,325,192,95,169,107,63,181,213,230,31,109,335,145,67,26,349,349,349,7,88,24,40,214,202,140,141,155,30,75,185,193,244,343,91,87,242,339,79,254,280,69,216,314,161,313,10,211,211,119,201,89,344,182,291,357,286,220,156,218,289,76,197,243,23,323,101,60,39,34,73,141,348,321,68,349,349,259,240,198,267,167,51,349,349,349,349,62,85,225,121,316,196,230,3,104,1,172,53,248,130,349,349,349,71,211,261,118,115,264,229,120,349,349,349,183,66,208,194,179,157,93,212,186,98,64,359,14,142,299,271,228,74,349,46,283,251,205,279,56,113,102,37,137,324,349,189,154,72,349,349,349,221,96,349,349,349,241,302,203,151,293,349,349,349,262,246,319,29,215,331,111,70,50,232,219,204,40,9,349,349,349,349,349,349,349,334,99,48,2,260,42,282,284,173,277,265,174,57,103,245,18,116,190,158,164,134,4,171,212,268,117,146,22,349,238,349,281,224,255,304,349,125,303,273,195,227,349,47,349,349,349,349,269,16,135,11,124,176,131,32,8,114,349,55,253,266,247,40,33,285,188,17,294,349,241,108,256,206,223,231,326,129,234,333],"hostnames":["nv.ua","ya.ru","eda.ru","h1g.jp","izi.ua","ppe.pl","r7.com","rbc.ru","rtl.de","yan.vn","c5n.com","dzen.ru","giga.de","gmx.net","ign.com","jmty.jp","leo.org","m.vk.ru","mail.ru","news.jp","ozon.ru","yadi.sk","15min.lt","9gag.com","amazon.*","cnews.ru","digit.in","erry.one","hog.mobi","lxax.com","m.stv.jp","m.vk.com","money.pl","quoka.de","scmp.com","tempo.co","tempo.pt","txxx.com","uspms.it","vimm.net","vxxx.com","yandex.*","2chan.net","amazon.in","ameblo.jp","asahi.com","balarm.it","depor.com","dexerto.*","freep.com","grapee.jp","gulte.com","hdblog.it","libero.it","m.auto.ru","m.nuvid.*","ooxxx.com","pornl.com","pulzo.com","qiita.com","quora.com","radio.net","redd.tube","redgol.cl","space.com","subito.it","tempo.com","tube8.com","tvblog.it","unian.net","upornia.*","yahoo.com","yandex.by","yandex.fr","yandex.kz","yandex.ru","zmovs.com","adme.media","bunshun.jp","clarin.com","cuebic.biz","dailynk.jp","epoznan.pl","faptor.com","hanime1.me","hochi.news","imginn.com","jav.direct","javfan.one","kincir.com","kinogo.biz","lepoint.fr","limo.media","m.ceneo.pl","m.hd21.com","maclife.de","meteored.*","mildch.com","monomax.jp","news18.com","olx.com.br","openers.jp","pcgames.de","profile.ru","rambler.ru","reddit.com","sp.mbga.jp","tiempo.com","tr.ign.com","wetter.com","wtftime.ru","yandex.com","0629.com.ua","abplive.com","bolavip.com","contexto.me","corriere.it","factroom.ru","figsoku.net","fxstreet.es","game735.com","gamer.ne.jp","gaytxxx.com","gematsu.com","gigafile.nu","gismeteo.lt","gismeteo.md","gismeteo.ru","gismeteo.ua","hdmotori.it","hotmovs.com","kantan.game","kinobar.vip","ladytopi.jp","m.detik.com","m.sports.ru","m.tvmao.com","matomame.jp","mein-mmo.de","mtb-news.de","okezone.com","reuters.com","surfsnow.jp","totaaltv.nl","trashbox.ru","up.ymgt.xyz","viet-jo.com","vip.tiin.vn","winda10.com","youporn.com","amp.focus.de","aspor.com.tr","bogmedia.org","chansoku.com","cnbctv18.com","colombia.com","coolaler.com","emulsive.org","facebook.com","fxstreet.com","gosexpod.com","greatist.com","hostlove.com","huffpost.com","jikayosha.jp","kayak.com.tr","kisspress.jp","m.fanfox.net","m.formel1.de","m.iguides.ru","m.saostar.vn","magcity74.ru","mashable.com","matomehub.jp","momoniji.com","nuipogoda.ru","nyahentai.re","olympics.com","phileweb.com","pogomap.info","pornhits.com","postimees.ee","poyopara.com","realsound.jp","s.kakaku.com","shopee.co.id","superomsk.ru","tokai-tv.com","tss-tv.co.jp","tv.yandex.by","tv.yandex.kz","tv.yandex.ru","twivideo.net","twpkinfo.com","unseki.co.jp","usatoday.com","webtekno.com","winfuture.de","www.ixbt.com","xhamster.com","9ketsuki.info","amoyshare.com","apkmirror.com","azcentral.com","babesource.tv","brightside.me","chiemgau24.de","ciudad.com.ar","comicbook.com","cyzowoman.com","dailynkjp.com","ddd-smart.net","express.co.uk","full-count.jp","gamesisart.ru","itest.5ch.net","m.drtuber.com","m.empflix.com","m.proporn.com","mangalivre.tv","manualslib.de","manualslib.es","matomedane.jp","mediafire.com","moe-online.ru","money.cnn.com","moovitapp.com","news4wide.net","otvet.mail.ru","s.dietclub.jp","s.response.jp","sammobile.com","sondakika.com","sp.m.jiji.com","techlusive.in","temp-mail.org","themanual.com","timeanddate.*","touch.mail.ru","trilltrill.jp","tweaktown.com","ua-cinema.com","video.fc2.com","withonline.jp","xhamster2.com","yandex.com.tr","yourstory.com","9to5google.com","avia.yandex.by","avia.yandex.kz","blog47.fc2.com","cbs6albany.com","chunichi.co.jp","d.hatena.ne.jp","deviantart.com","dictionary.com","disk.yandex.by","disk.yandex.fr","disk.yandex.kz","disk.yandex.ru","driveplaza.com","eatwell101.com","estadao.com.br","eurasia.expert","gadgetsnow.com","hentaihere.com","hikaritube.com","liquipedia.net","m.crank-in.net","m.facebook.com","m.gsmarena.com","m.hkgolden.com","m.sabah.com.tr","mag.app-liv.jp","mail.yandex.by","mail.yandex.kz","mail.yandex.ru","mangapedia.com","manualslib.com","medicalnote.jp","news.goo.ne.jp","news.mynavi.jp","news.ntv.co.jp","nukistream.com","purepeople.com","rasp.yandex.by","rasp.yandex.kz","rasp.yandex.ru","sci.rambler.ru","slideshare.net","smart-flash.jp","sponichi.co.jp","sporekrani.com","techcrunch.com","techinsight.jp","theweather.net","times.abema.tv","trailrunner.jp","windowsfaq.net","accuweather.com","afisha.yandex.*","amazingribs.com","app.famitsu.com","beautynation.jp","comic.pixiv.net","diariocorreo.pe","disk.yandex.com","fitnesslove.net","forbesjapan.com","fujixweekly.com","fxstreet-id.com","iphone-mania.jp","jeremyfoodie.tw","kalerkantho.com","kaluga-poisk.ru","m.biqiugexx.com","m.investing.com","mail.google.com","mail.yandex.com","miniwebtool.com","mobiltelefon.ru","mundoxiaomi.com","music.yandex.by","music.yandex.kz","music.yandex.ru","namaeuranai.biz","openloadpro.com","radio.yandex.by","radio.yandex.kz","radio.yandex.ru","smsfadviser.com","sueddeutsche.de","therepublic.com","timeanddate.com","womenshealth.de","afisha.yandex.by","afisha.yandex.kz","afisha.yandex.ru","bbs.animanch.com","blog.livedoor.jp","charlieintel.com","climate-data.org","deccanherald.com","dobreprogramy.pl","games.app-liv.jp","knowyourmeme.com","monamona2525.com","moneycontrol.com","news.yahoo.co.jp","nikkansports.com","onlineathens.com","outlook.live.com","rabota.yandex.by","rabota.yandex.kz","rabota.yandex.ru","realty.yandex.by","realty.yandex.kz","realty.yandex.ru","travel.yandex.ru","uludagsozluk.com","veryfreeporn.com","wunderground.com","www.facebook.com","blog.livedoor.com","connect-living.de","eromanga-kong.com","fashion-press.net","futbolperuano.com","hobbyconsolas.com","hokkaido-np.co.jp","house.ettoday.net","huffingtonpost.jp","lightningmaps.org","m.greatandhra.com","m.yeniakit.com.tr","movie.digle.tokyo","nikkan-gendai.com","realthaisluts.com","skymetweather.com","teleprogramma.pro","thedailybeast.com","tvfoco.uai.com.br","yourweather.co.uk","anime.nicovideo.jp","businessinsider.de","cukurovaexpres.com","cultura.uol.com.br","disk.yandex.com.tr","elcorreogallego.es","flights.yandex.com","jbpress.ismedia.jp","juken.oricon.co.jp","m.cifraclub.com.br","m.timesofindia.com","mail.yandex.com.tr","news.owata-net.com","okinawatimes.co.jp","rakuten-card.co.jp","serial.everyeye.it","sports.yahoo.co.jp","bilet.yandex.com.tr","crosswordsolver.org","docviewer.yandex.by","docviewer.yandex.fr","docviewer.yandex.kz","docviewer.yandex.ru","finance.yahoo.co.jp","financial-field.com","m.economictimes.com","m.livehindustan.com","mudainodocument.com","news.tv-asahi.co.jp","sains.sindonews.com","wealthadvisor.co.jp","wh40k.lexicanum.com","brandkagu-outlet.net","docviewer.yandex.com","financialexpress.com","thebrighterside.news","codecs.forumotion.net","flightconnections.com","greatfallstribune.com","hometheaterreview.com","minkara.carview.co.jp","world.hatenastaff.com","lapaginamillonaria.com","waterserver.kakaku.com","docviewer.yandex.com.tr","mortgagebusiness.com.au","hometheater.phileweb.com","news.denfaminicogamer.jp","nowiveseeneverything.club","zentrum-der-gesundheit.de","ajournalofmusicalthings.com","www-fr-de.cdn.ampproject.org","miurayoshitaka.hatenablog.com","www-news18-com.cdn.ampproject.org","reddittorjg6rue252oqsxryoxengawnmo46qy4kyii5wtqnwfj4ooad.onion"],"hasEntities":true,"fromRegexes":[]}