{"selectors":["{\"selector\":\".bottom.fixed-container.m\",\"tasks\":[[\"has-text\",\"Get the best experience\"]]}","{\"selector\":\".mui-style-fyvzvi\",\"tasks\":[[\"has-text\",\"Uutta! Lataa ilmainen Etuovi.com-sovellus!\"]]}","{\"selector\":\".px-10\",\"tasks\":[[\"has-text\",\"Download it now\"]]}","{\"selector\":\".r-13qz1uu.r-1xcajam\",\"tasks\":[[\"has-text\",\"See more on\"]]}","{\"selector\":\".top-level-modal-container\",\"tasks\":[[\"has-text\",\"Get the full app experience\"]]}","{\"selector\":\"[role=\\\"dialog\\\"]\",\"tasks\":[[\"has-text\",\"See this post in the app\"]]}","{\"selector\":\"section[data-lazy-id*=\\\"P0-\\\"]\",\"tasks\":[[\"has-text\",\"Cooking is easier on the app.\"]]}","{\"selector\":\".e1s06mna1\",\"tasks\":[[\"has-text\",\"Know the news\"]]}","{\"selector\":\"[data-component=\\\"RelatedCard\\\"]\",\"tasks\":[[\"has-text\",\"Stream your favourite shows\"]]}","{\"selector\":\".z-20.bottom-full\",\"tasks\":[[\"has-text\",\"Get Extension\"]]}","{\"selector\":\".gb-button\",\"tasks\":[[\"has-text\",\"Open App\"]]}","{\"selector\":\"strong\",\"tasks\":[[\"has-text\",\"GET THE FOX NEWS APP\"]]}","{\"selector\":\".gkz0-toast\",\"tasks\":[[\"has-text\",\"Get Price Alerts\"]]}","{\"selector\":\"div#public_post_contextual-sign-in\",\"tasks\":[[\"has-text\",\"Sign in to view more content\"]]}","{\"selector\":\"[aria-label=\\\"Notification\\\"]\",\"tasks\":[[\"has-text\",\"app\"]]}","{\"selector\":\".cwDafx\",\"tasks\":[[\"has-text\",\"Continue in the Bitcoin.com App\"]]}","{\"selector\":\".noVerticalPad\",\"tasks\":[[\"has-text\",\"Download the TPG App\"]]}","{\"selector\":\"body\",\"action\":[\"style\",\"overflow: auto !important\"],\"cssable\":true}","{\"selector\":\"body, html\",\"action\":[\"style\",\"height: auto !important; overflow: auto !important\"],\"cssable\":true}","{\"selector\":\"body\",\"action\":[\"style\",\"overflow: auto !important; position: initial !important;\"],\"cssable\":true}","{\"selector\":\"body.scroll-disabled\",\"action\":[\"style\",\"overflow: visible!important; position: static!important;\"],\"cssable\":true}","{\"selector\":\"body\",\"action\":[\"style\",\"pointer-events:auto !important;\"],\"cssable\":true}","{\"selector\":\"shreddit-async-loader[bundlename=\\\"app_selector\\\"]\",\"action\":[\"remove\",\"\"]}","{\"selector\":\"html\",\"action\":[\"style\",\"overflow: auto !important;\"],\"cssable\":true}","{\"selector\":\"body\",\"action\":[\"style\",\"margin-top:0px !important\"],\"cssable\":true}","{\"selector\":\"body, html\",\"action\":[\"style\",\"overflow: auto !important; position: initial !important;\"],\"cssable\":true}","{\"selector\":\"body\",\"action\":[\"style\",\"height: auto !important; overflow: auto !important\"],\"cssable\":true}","{\"selector\":\"body\",\"action\":[\"style\",\"overflow: auto !important;\"],\"cssable\":true}","{\"selector\":\".MuiModal-root.MuiDialog-root\",\"tasks\":[[\"has-text\",\"Open in Bambu Handy\"]]}","{\"selector\":\"html\",\"action\":[\"style\",\"overflow: auto !important; position: initial !important;\"],\"cssable\":true}","{\"selector\":\"body\",\"action\":[\"style\",\"overflow: scroll !important\"],\"cssable\":true}","{\"selector\":\"body\",\"action\":[\"style\",\"overflow: unset !important\"],\"cssable\":true}","{\"selector\":\"html\",\"action\":[\"style\",\"--g-header-top-pos: 0vw !important;\"],\"cssable\":true}","{\"selector\":\"#pfs-upsell\",\"action\":[\"remove\",\"\"]}","{\"selector\":\".exposed-filters\",\"action\":[\"style\",\"top:0 !important\"],\"cssable\":true}","{\"selector\":\".hsnyER.sc-fEpuOf\",\"action\":[\"style\",\"top:0 !important\"],\"cssable\":true}","{\"selector\":\".shadow-xl\",\"tasks\":[[\"has-text\",\"Would you like to be notified\"]]}","{\"selector\":\".sticky-2vWAY\",\"action\":[\"style\",\"top: 0px; transform: translate(-50%, 0rem) !important\"],\"cssable\":true}","{\"selector\":\".app-header\",\"action\":[\"style\",\"top:0 !important\"],\"cssable\":true}","{\"selector\":\"#s_header[style=\\\"top: 84px;\\\"]\",\"action\":[\"style\",\"top: 0 !important;\"],\"cssable\":true}","{\"selector\":\"html[data-smartbanner-original-margin-top=\\\"0\\\"][style=\\\"margin-top: 84px;\\\"]\",\"action\":[\"style\",\"margin-top: 0 !important;\"],\"cssable\":true}","{\"selector\":\".smartbanner-show\",\"action\":[\"style\",\"margin-top: 0 !important;\"],\"cssable\":true}","{\"selector\":\"body, html\",\"action\":[\"style\",\"overflow-y: auto !important;\"],\"cssable\":true}","{\"selector\":\".header-app-remind\",\"action\":[\"remove-class\",\"header-app-remind\"]}"],"selectorLists":["0","1","2","3,5","13,19,4","6","7","8","9","10","11","12","14","15,35","16","17","18","19","19,28","20,21,22","23","24","25","26","27","29","30","31","32","33,34","36","37","38","39,40","41","42","43"],"selectorListRefs":[3,15,24,23,25,17,33,31,17,26,17,22,11,22,22,22,22,22,22,22,22,22,22,22,22,22,22,22,15,22,7,5,1,22,22,22,22,22,22,22,22,22,22,22,17,22,28,19,29,22,21,8,22,10,17,23,22,6,30,34,4,22,22,22,17,22,22,22,22,22,22,22,23,22,22,22,22,22,23,24,35,22,9,22,22,22,22,22,0,12,27,18,34,17,32,17,23,23,17,2,22,36,13,23,23,14,0,16,22,17,20,22,22],"hostnames":["x.com","ask.fm","9gag.com","cnet.com","ebay.com","imgur.io","izumi.jp","temu.com","trip.com","audius.co","canva.com","ifunny.co","kayak.com","m.yelp.be","m.yelp.ca","m.yelp.cz","m.yelp.de","m.yelp.dk","m.yelp.es","m.yelp.fi","m.yelp.fr","m.yelp.ie","m.yelp.it","m.yelp.nl","m.yelp.no","m.yelp.pt","m.yelp.se","player.fm","puuilo.fi","thedp.com","abc.net.au","delish.com","etuovi.com","expedia.at","expedia.de","expedia.dk","expedia.es","expedia.fi","expedia.fr","expedia.it","expedia.nl","expedia.no","expedia.se","hotels.com","levels.fyi","m.yelp.com","miravia.es","reddit.com","zillow.com","behance.net","bestbuy.com","chatgpt.com","expedia.com","foxnews.com","insider.com","rappler.com","thestar.com","7news.com.au","benzinga.com","cecile.co.jp","linkedin.com","m.yelp.co.jp","m.yelp.co.nz","m.yelp.co.uk","nextdoor.com","expedia.co.id","expedia.co.in","expedia.co.jp","expedia.co.kr","expedia.co.nz","expedia.co.th","expedia.co.uk","instacart.com","m.yelp.com.au","m.yelp.com.br","m.yelp.com.mx","m.yelp.com.tr","m.yelp.com.tw","newsbreak.com","opentable.com","s.tabelog.com","simpleswap.io","dailynews24.in","eksisozluk.com","expedia.com.ar","expedia.com.au","expedia.com.hk","expedia.com.sg","m.facebook.com","mail.proton.me","makemytrip.com","makerworld.com","nola-novel.com","phonearena.com","similarweb.com","slickdeals.net","asia.nikkei.com","businesspost.ie","coinpaprika.com","safeswim.org.nz","sports.ndtv.com","trial-net.co.jp","news.bitcoin.com","realestate.co.nz","sprintmedical.in","thepointsguy.com","www.facebook.com","autoevolution.com","thedesignlove.com","businessinsider.com","lightnovelworld.com","m.economictimes.com","copilot.microsoft.com"],"hasEntities":false,"fromRegexes":[]}