{"selectors":["{\"selector\":\"#Odp5De\",\"tasks\":[[\"has-text\",\"AI Overview\"]]}","{\"selector\":\"#flexible-item-buttons > .ytd-menu-renderer > .ytd-menu-renderer\",\"tasks\":[[\"has-text\",\"Ask\"]]}","{\"selector\":\"#header > .ytd-expandable-metadata-renderer\",\"tasks\":[[\"has-text\",\"Summary\"]]}","{\"selector\":\"#llm-link\",\"tasks\":[[\"has-text\",\"Summarise these results\"]]}","{\"selector\":\"#main > [data-ved]\",\"tasks\":[[\"has-text\",\"AI Overview\"]]}","{\"selector\":\"#react-duckbar li\",\"tasks\":[[\"has-text\",\"Search Assist\"]]}","{\"selector\":\".VwJg8d\",\"tasks\":[[\"has-text\",\"AI Shopping\"]]}","{\"selector\":\".X8zPMb\",\"tasks\":[[\"has-text\",\"flight deals with AI\"]]}","{\"selector\":\".as-start.fd-column\",\"tasks\":[[\"has-text\",\"Get instant answers\"]]}","{\"selector\":\".autoSummaryCard__UEStF\",\"tasks\":[[\"has-text\",\"AI thread summaries\"]]}","{\"selector\":\".bg-white.wmx7\",\"tasks\":[[\"has-text\",\"AI Assist\"]]}","{\"selector\":\".chip-select_isSelected__RpaRr\",\"tasks\":[[\"has-text\",\"Duck.ai\"]]}","{\"selector\":\".desktop\\\\:my-4\",\"tasks\":[[\"has-text\",\"Show Quick Read\"]]}","{\"selector\":\".helpPanelContainerRoot\",\"tasks\":[[\"has-text\",\"Help guide\"]]}","{\"selector\":\".llm.suggestion\",\"tasks\":[[\"has-text\",\"Answer with AI\"]]}","{\"selector\":\".search-answers-preview-section\",\"tasks\":[[\"has-text\",\"Answers\"]]}","{\"selector\":\".tab--icon\",\"tasks\":[[\"has-text\",\"AI Search\"]]}","{\"selector\":\".w-\\\\[110vw\\\\]\",\"tasks\":[[\"has-text\",\"Hello!\"]]}","{\"selector\":\"[data-hveid=\\\"CAIQAQ\\\"]\",\"tasks\":[[\"has-text\",\"Gemini, an AI assistant\"]]}","{\"selector\":\"section\",\"tasks\":[[\"has-text\",\"AI Chatbot\"]]}"],"selectorLists":["0,18,4,6,7","1,2","3","11,5","10,8","9","12","13","14","15","16","17","19"],"selectorListRefs":[12,11,10,2,5,3,0,9,1,8,6,4,7],"hostnames":["op.gg","pcmag.com","ecosia.org","mojeek.com","app.slack.com","duckduckgo.com","www.google.com","www.reddit.com","www.youtube.com","search.brave.com","republicworld.com","stackoverflow.com","support.google.com"],"hasEntities":false,"fromRegexes":[]}