{"selectors":["{\"selector\":\".vbmenu_popup + br + [id^=\\\"post\\\"]\",\"tasks\":[[\"has\",{\"selector\":\".thead\",\"tasks\":[[\"has-text\",\"اعلان\"]]}]]}","{\"selector\":\".et_full_width_block_wrapper\",\"tasks\":[[\"has\",{\"selector\":\".et_full_width_title\",\"tasks\":[[\"has-text\",\"Sponsored\"]]}]]}","{\"selector\":\".aCard\",\"tasks\":[[\"has\",{\"selector\":\"a\",\"tasks\":[[\"has-text\",\"/أمازون|البطن|تخسيس|خصم إلى/\"]]}]]}","{\"selector\":\".multimedia\",\"tasks\":[[\"has\",{\"selector\":\"a\",\"tasks\":[[\"has\",{\"selector\":\"h2\",\"tasks\":[[\"has-text\",\"التسوق الرياضي\"]]}]]}]]}","{\"selector\":\"a\",\"tasks\":[[\"has-text\",\"التسوق الرياضي\"]]}","{\"selector\":\"li\",\"tasks\":[[\"has\",{\"selector\":\"a\",\"tasks\":[[\"has-text\",\"/أمازون|البطن|تخسيس|خصم إلى/\"]]}]]}","{\"selector\":\".v-container\",\"tasks\":[[\"has\",{\"selector\":\".o-section-heading\",\"tasks\":[[\"has-text\",\"/إعلان|إعلانات في المقدمة|متاجر في المقدمة/\"]]}]]}"],"selectorLists":["0","1","2,3,4,5","6"],"selectorListRefs":[2,0,1,3],"hostnames":["kooora.com","ce4arab.com","foorshop.com","ouedkniss.com"],"hasEntities":false,"fromRegexes":[]}