{"selectors":["{\"selector\":\".sliderItem.active\",\"tasks\":[[\"has\",{\"selector\":\"span.news-item:has(img[alt=\\\"Anzeige\\\"])\"}]]}","{\"selector\":\".csc-frame.csc-frame-default\",\"tasks\":[[\"has-text\",\"Anzeige\"]]}","{\"selector\":\"tr\",\"tasks\":[[\"has\",{\"selector\":\"td.right:has(img[alt=\\\"Anzeige\\\"])\"}]]}","{\"selector\":\"#ContainerFull\",\"tasks\":[[\"has\",{\"selector\":\"a\",\"tasks\":[[\"has-text\",\"Anzeige\"]]}]]}","{\"selector\":\".elementor-section\",\"tasks\":[[\"has\",{\"selector\":\"h2.elementor-heading-title\",\"tasks\":[[\"has-text\",\"Werbung\"]]}]]}","{\"selector\":\"article.message--post\",\"tasks\":[[\"has\",{\"selector\":\"span.username\",\"tasks\":[[\"has-text\",\"Anzeige\"]]}]]}","{\"selector\":\"div.wpb_text_column\",\"tasks\":[[\"has-text\",\"Werbung\"]]}","{\"selector\":\".avgrid_1_of_1.viewlet-bottom\",\"tasks\":[[\"has\",{\"selector\":\"h2\",\"tasks\":[[\"has-text\",\"Advertorials\"]]}]]}","{\"selector\":\".gridteaser.gridteaser-m\",\"tasks\":[[\"has\",{\"selector\":\"h4\",\"tasks\":[[\"has-text\",\"Sponsored Post\"]]}]]}","{\"selector\":\".cm-post-widget-three.cm-post-widget-section\",\"tasks\":[[\"has\",{\"selector\":\".section-title\",\"tasks\":[[\"has-text\",\"Partner\"]]}]]}","{\"selector\":\"div[data-testid=\\\"card\\\"]\",\"tasks\":[[\"has\",{\"selector\":\"span.MuiCardHeader-title\",\"tasks\":[[\"has-text\",\"Gesponserte Artikel\"]]}]]}","{\"selector\":\"div[data-testid=\\\"reco-wrapper\\\"]\",\"tasks\":[[\"has\",{\"selector\":\"div[class^=\\\"indexesm__HeadlineElement-fragment-product-master__\\\"]\",\"tasks\":[[\"has-text\",\"Gesponserte Artikel\"]]}]]}","{\"selector\":\"span\",\"tasks\":[[\"has-text\",\"Gesponserte Artikel\"]]}","{\"selector\":\".eight.columns.alpha.content\",\"tasks\":[[\"has\",{\"selector\":\"span\",\"tasks\":[[\"has-text\",\"Advertorial\"]]}]]}","{\"selector\":\".m-teaser\",\"tasks\":[[\"has\",{\"selector\":\"span\",\"tasks\":[[\"has-text\",\"Sponsored\"]]}]]}","{\"selector\":\".m-article-teaser\",\"tasks\":[[\"has\",{\"selector\":\"div\",\"tasks\":[[\"has-text\",\"Anzeige\"]]}]]}","{\"selector\":\".row.block03\",\"tasks\":[[\"has\",{\"selector\":\"p\",\"tasks\":[[\"has-text\",\"ANZEIGE\"]]}]]}","{\"selector\":\".post-overview\",\"tasks\":[[\"has\",{\"selector\":\"div\",\"tasks\":[[\"has-text\",\"Anzeige\"]]}]]}","{\"selector\":\"div.YzqVVZ\",\"tasks\":[[\"has\",{\"selector\":\"span.wixui-rich-text__text\",\"tasks\":[[\"has-text\",\"Anzeigen\"]]}]]}","{\"selector\":\"div.text-asset.text-width\",\"tasks\":[[\"has\",{\"selector\":\"p.text-width\",\"tasks\":[[\"has-text\",\"Anzeige\"]]}]]}","{\"selector\":\"article.gridArea__teaserM\",\"tasks\":[[\"has\",{\"selector\":\"div.teaserBlock__label\",\"tasks\":[[\"has-text\",\"Anzeige\"]]}]]}","{\"selector\":\"p\",\"tasks\":[[\"has-text\",\"Anzeige\"],[\"spath\",\" > strong > a[target=\\\"_blank\\\"][rel=\\\"noopener\\\"] > picture\"]]}","{\"selector\":\".node.teaser\",\"tasks\":[[\"has\",{\"selector\":\"a\",\"tasks\":[[\"has-text\",\"Anzeige\"]]}]]}","{\"selector\":\".b-module\",\"tasks\":[[\"has\",{\"selector\":\"h2\",\"tasks\":[[\"has-text\",\"Anzeigen\"]]}]]}","{\"selector\":\".mfe-lex\",\"tasks\":[[\"has\",{\"selector\":\"h2\",\"tasks\":[[\"has-text\",\"Anzeigen\"]]}]]}","{\"selector\":\".node--article\",\"tasks\":[[\"has\",{\"selector\":\"span\",\"tasks\":[[\"has-text\",\"Anzeige\"]]}]]}","{\"selector\":\"h4\",\"tasks\":[[\"has\",{\"selector\":\"span\",\"tasks\":[[\"has-text\",\"ANZEIGEN\"]]}]]}","{\"selector\":\".mleft-10.small-font.light-grey\",\"tasks\":[[\"has-text\",\"Werbung\"],[\"spath\",\" + .box + .border-blue-2\"]]}","{\"selector\":\".mleft-10\",\"tasks\":[[\"has-text\",\"Werbung\"],[\"spath\",\" + .box\"]]}","{\"selector\":\".component\",\"tasks\":[[\"has\",{\"selector\":\"div.disclaimer-text\",\"tasks\":[[\"has-text\",\"Anzeige\"]]}]]}","{\"selector\":\"article[id^=\\\"teaser-\\\"][data-placement]\",\"tasks\":[[\"has-text\",\"Anzeige\"]]}","{\"selector\":\".col4\",\"tasks\":[[\"has\",{\"selector\":\"h3\",\"tasks\":[[\"has-text\",\"Unterstützt durch:\"]]}]]}","{\"selector\":\".content-item-medium\",\"tasks\":[[\"has\",{\"selector\":\"data\",\"tasks\":[[\"has-text\",\"Anzeige\"]]}]]}","{\"selector\":\".content-item-small\",\"tasks\":[[\"has\",{\"selector\":\"h3\",\"tasks\":[[\"has-text\",\"Anzeige\"]]}]]}","{\"selector\":\".contentnewsitem-box .box-reload .news-list\",\"tasks\":[[\"has\",{\"selector\":\"span.media-heading\",\"tasks\":[[\"has-text\",\"[Anzeige]\"]]}]]}","{\"selector\":\".contentnewsitem-box .box-reload > div\",\"tasks\":[[\"has\",{\"selector\":\".news-list span.media-heading\",\"tasks\":[[\"has-text\",\"[Anzeige]\"]]}],[\"spath\",\" + hr\"]]}","{\"selector\":\".alice-teaser-list-item\",\"tasks\":[[\"has\",{\"selector\":\".alice-teaser-meta-text\",\"tasks\":[[\"has-text\",\"Anzeige\"]]}]]}","{\"selector\":\".af-block-native\",\"tasks\":[[\"has-text\",\"Anzeige\"]]}","{\"selector\":\".af-block-native\",\"tasks\":[[\"has-text\",\"Sponsored Post\"]]}","{\"selector\":\".teaser-m-default\",\"tasks\":[[\"has-text\",\"Native Advertising\"]]}","{\"selector\":\".teaser-m-default\",\"tasks\":[[\"has-text\",\"Publireportage\"]]}","{\"selector\":\".bg-gray-light\",\"tasks\":[[\"has\",{\"selector\":\"div.text-right\",\"tasks\":[[\"has-text\",\"Werbung\"]]}]]}","{\"selector\":\".px-4.md\\\\:px-6.py-3.h-full.bg-gray-50\",\"tasks\":[[\"has\",{\"selector\":\".mb-3.text-xs.leading-none.text-center\",\"tasks\":[[\"has-text\",\"Anzeige\"]]}]]}","{\"selector\":\"p\",\"tasks\":[[\"has-text\",\"=== Anzeige / Sponsorenhinweis ===\"]]}","{\"selector\":\"p\",\"tasks\":[[\"has-text\",\"=== Anzeige / Sponsorenhinweis ===\"],[\"spath\",\" + p\"]]}","{\"selector\":\"p\",\"tasks\":[[\"has-text\",\"=== Anzeige / Sponsorenhinweis ===\"],[\"spath\",\" + p + p\"]]}","{\"selector\":\"p\",\"tasks\":[[\"has-text\",\"=== Anzeige / Sponsorenhinweis ende===\"]]}","{\"selector\":\"form\",\"tasks\":[[\"has\",{\"selector\":\"button\",\"tasks\":[[\"has-text\",\"Download\"]]}]]}","{\"selector\":\".swiper\",\"tasks\":[[\"has\",{\"selector\":\".headline\",\"tasks\":[[\"has-text\",\"Partner\"]]}]]}","{\"selector\":\".custom\",\"tasks\":[[\"has\",{\"selector\":\"span\",\"tasks\":[[\"has-text\",\"Anzeige\"]]}]]}","{\"selector\":\"div[data-test=\\\"whisperer-product-wrapper\\\"]\",\"tasks\":[[\"has-text\",\"Gesponsert\"]]}","{\"selector\":\".gb-container\",\"tasks\":[[\"has-text\",\"Anzeige\"]]}","{\"selector\":\".gridContainer\",\"tasks\":[[\"has-text\",\"Sponsored Content\"]]}","{\"selector\":\"article[class^=\\\"dvs-ad-tyblqtres-uno\\\"]\",\"tasks\":[[\"has\",{\"selector\":\"div\",\"tasks\":[[\"has-text\",\"AD\"]]}]]}","{\"selector\":\"div[class^=\\\"dvbloqbasic\\\"]\",\"tasks\":[[\"has\",{\"selector\":\"div\",\"tasks\":[[\"has-text\",\"Ad\"]]}]]}","{\"selector\":\".small-12.column\",\"tasks\":[[\"has-text\",\"Anzeige\"]]}","{\"selector\":\"div\",\"tasks\":[[\"has\",{\"selector\":\"+ span\",\"tasks\":[[\"has-text\",\"Werbung\"]]}]]}","{\"selector\":\".core-rail > div > div[id^=\\\"ember\\\"]\",\"tasks\":[[\"has\",{\"selector\":\"span\",\"tasks\":[[\"has-text\",\"Gesponsert\"]]}]]}","{\"selector\":\".appetizer\",\"tasks\":[[\"has-text\",\"Anzeige\"]]}","{\"selector\":\"li\",\"tasks\":[[\"has\",{\"selector\":\"div[data-test=\\\"mms-product-card\\\"]\",\"tasks\":[[\"has\",{\"selector\":\"span\",\"tasks\":[[\"has-text\",\"Gesponsert\"]]}]]}]]}","{\"selector\":\"[data-test=\\\"mms-base-teaser\\\"]\",\"tasks\":[[\"has-text\",\"Gesponsert\"]]}","{\"selector\":\"[data-test=\\\"mms-search-flagship-sba\\\"]\",\"tasks\":[[\"has-text\",\"Gesponsert\"]]}","{\"selector\":\"[data-test=\\\"mms-search-showcase\\\"] + div\",\"tasks\":[[\"has-text\",\"Gesponsert\"]]}","{\"selector\":\".text-center\",\"tasks\":[[\"has-text\",\"- Werbung -\"]]}","{\"selector\":\".sp-module\",\"tasks\":[[\"has\",{\"selector\":\"span\",\"tasks\":[[\"has-text\",\"Kleinanzeigen\"]]}]]}","{\"selector\":\"[data-testid=\\\"home-brand-portal-section-container\\\"]\",\"tasks\":[[\"has-text\",\"Gesponsert\"]]}","{\"selector\":\".teaser_container.teaser-htmlcode.relative.row\",\"tasks\":[[\"has\",{\"selector\":\".f1de-container-title\",\"tasks\":[[\"has-text\",\"Die besten Leasing-Deals\"]]}]]}","{\"selector\":\".introa_news\",\"tasks\":[[\"has-text\",\"Anzeige\"]]}","{\"selector\":\".moduletable.text-center\",\"tasks\":[[\"has\",{\"selector\":\".bildunterschrift\",\"tasks\":[[\"has-text\",\"Anzeige\"]]}]]}","{\"selector\":\".card-body\",\"tasks\":[[\"has-text\",\"Sponsoren\"]]}","{\"selector\":\".outer-spacing--xxlarge-top\",\"tasks\":[[\"has-text\",\"Werbung von\"]]}","{\"selector\":\".ov-carousel__item\",\"tasks\":[[\"has-text\",\"/Werbung|gnubreW/\"]]}","{\"selector\":\"a[class*=\\\"ArticleTeaserBox\\\"]\",\"tasks\":[[\"has\",{\"selector\":\"div.ov-subline\",\"tasks\":[[\"has-text\",\"Werbung\"]]}]]}","{\"selector\":\"div[class=\\\"bg-neutral-2 p-0 shadow-md rounded-2xl border-1 border-neutral-4 mb-4\\\"]\",\"tasks\":[[\"has-text\",\"/Werbung|gnubreW/\"]]}","{\"selector\":\"div[class=\\\"col col--md-3 col--sm-4 col--lg-4 col--xl-4\\\"]\",\"tasks\":[[\"has-text\",\"Werbung\"]]}","{\"selector\":\"div[class=\\\"col py-0\\\"]\",\"tasks\":[[\"has-text\",\"/Werbung|gnubreW/\"]]}","{\"selector\":\"div[class=\\\"flex justify-between mb-4 border-b-1 border-b-grey-100 pb-2 dark:border-b-grey-700\\\"]\",\"tasks\":[[\"has-text\",\"Werbung\"]]}","{\"selector\":\".list_item\",\"tasks\":[[\"has\",{\"selector\":\".dachzeile\",\"tasks\":[[\"has-text\",\"Partnerzone\"]]}]]}","{\"selector\":\"div.box\",\"tasks\":[[\"has\",{\"selector\":\"span.banner-text + h4\",\"tasks\":[[\"has-text\",\"/Partner-Angebot|Angebote/\"]]}]]}","{\"selector\":\".services-item\",\"tasks\":[[\"has-text\",\"bei Amazon\"]]}","{\"selector\":\".pd-teaser\",\"tasks\":[[\"has\",{\"selector\":\"div.teaser-subtitle\",\"tasks\":[[\"has-text\",\"Anzeige\"]]}]]}","{\"selector\":\".postlist-item\",\"tasks\":[[\"has\",{\"selector\":\".label\",\"tasks\":[[\"has-text\",\"Gesponsert\"]]}]]}","{\"selector\":\".content-view-containerbox\",\"tasks\":[[\"has-text\",\"SONDER-VERÖFFENTLICHUNG\"]]}","{\"selector\":\".fc_bloglist_item\",\"tasks\":[[\"has\",{\"selector\":\"a\",\"tasks\":[[\"has-text\",\"Advertorial\"]]}]]}","{\"selector\":\".mod_flexicontent_standard_wrapper\",\"tasks\":[[\"has\",{\"selector\":\"span\",\"tasks\":[[\"has-text\",\"Advertorial\"]]}]]}","{\"selector\":\".moduletable\",\"tasks\":[[\"has\",{\"selector\":\"span\",\"tasks\":[[\"has-text\",\"Anzeige\"]]}]]}","{\"selector\":\"[data-qa-id=\\\"result-list-entry\\\"]\",\"tasks\":[[\"has-text\",\"Gesponsert\"]]}","{\"selector\":\"article.message--post\",\"tasks\":[[\"has\",{\"selector\":\"a\",\"tasks\":[[\"has-text\",\"Anzeige\"]]}]]}","{\"selector\":\".td_module_wrap\",\"tasks\":[[\"has\",{\"selector\":\".td-post-author-name\",\"tasks\":[[\"has-text\",\"Werbung\"]]}]]}","{\"selector\":\".jeg_post.jeg_pl_md_2.pr.format-standard\",\"tasks\":[[\"has\",{\"selector\":\"span\",\"tasks\":[[\"has-text\",\"PR-INFO\"]]}]]}","{\"selector\":\".afl-widget-root\",\"tasks\":[[\"has\",{\"selector\":\"span\",\"tasks\":[[\"has-text\",\"Beliebt bei t-online\"]]}]]}","{\"selector\":\"div[id^=\\\"T-\\\"][onfocus^=\\\"A('zid=\\\"]\",\"tasks\":[[\"has\",{\"selector\":\"a\",\"tasks\":[[\"has-text\",\"Anzeige\"]]}]]}","{\"selector\":\"article.article-tile\",\"tasks\":[[\"has\",{\"selector\":\"span.article-tile__badge2\",\"tasks\":[[\"has-text\",\"ANZEIGE\"]]}]]}","{\"selector\":\"div[id^=\\\"gridSuche_panRecord_\\\"]\",\"tasks\":[[\"has\",{\"selector\":\"[id^=\\\"gridSuche_lblUrl_\\\"]\",\"tasks\":[[\"has-text\",\"Anzeige\"]]}]]}","{\"selector\":\".td_block_wrap\",\"tasks\":[[\"has\",{\"selector\":\"a\",\"tasks\":[[\"has-text\",\"Anzeige\"]]}]]}","{\"selector\":\".small-12.column.space\",\"tasks\":[[\"has\",{\"selector\":\"p\",\"tasks\":[[\"has-text\",\"--Anzeige--\"]]}]]}","{\"selector\":\".artikel-preview-content\",\"tasks\":[[\"has\",{\"selector\":\"p\",\"tasks\":[[\"has-text\",\"-ANZEIGE-\"]]}]]}","{\"selector\":\".footnote\",\"tasks\":[[\"has\",{\"selector\":\".headline-box\",\"tasks\":[[\"has-text\",\"Werbung\"]]}]]}","{\"selector\":\".module.c1.hidden-xs\",\"tasks\":[[\"has\",{\"selector\":\"span.issuerPromotionHint\",\"tasks\":[[\"has-text\",\"Werbung\"]]}]]}","{\"selector\":\".newsflash\",\"tasks\":[[\"has\",{\"selector\":\"span.suffix.wo-inline-block.pull-right\",\"tasks\":[[\"has-text\",\"Anzeige\"]]}]]}","{\"selector\":\".newsflash\",\"tasks\":[[\"has\",{\"selector\":\"span.wo-inline-block\",\"tasks\":[[\"has-text\",\"Anzeige\"]]}]]}","{\"selector\":\".kg-card\",\"tasks\":[[\"has-text\",\"Herzlichen Dank an unsere Partner!\"]]}","{\"selector\":\"div[id][data-qa]\",\"tasks\":[[\"has\",{\"selector\":\".c-buelent-linkbox__label\",\"tasks\":[[\"has-text\",\"Anzeige\"]]}]]}","{\"selector\":\"div.ExtraPostBlock\",\"tasks\":[[\"has\",{\"selector\":\"div.post_block\",\"tasks\":[[\"has-text\",\"Anzeige\"]]}],[\"spath\",\":not(.with_rep)\"]]}","{\"selector\":\"span\",\"tasks\":[[\"has-text\",\"/ANZ|EIGE/\"],[\"spath\",\" + button\"]]}","{\"selector\":\"span\",\"tasks\":[[\"has-text\",\"/ANZ|EIGE/\"],[\"spath\",\" + div\"]]}","{\"selector\":\".ft-charts-main > div:not(.List):not(.caps)\",\"action\":[\"remove\",\"\"]}"],"selectorLists":["0,100,2,97,98,99","1","3","4","5","6","7,8","9","10,11,12","13","14","15","16","17","18","19","20","21","22","23,24","25","26","27,28","29","30","31","32,33,34,35","36","37,38","39,40","41","42,43,44,45,46","47","48","49","50","51","52","53,54","55","56","57","58","59","59,60,61,62","63","64","65","66","67","68","69","70,71,72,73,74,75,76","77","78","79","80","81","82","83,84","85","86","87","88","89","90,91","91","92","93","94","95","96","101","102","103","104,105","106"],"selectorListRefs":[64,8,76,19,27,56,2,73,24,25,31,36,67,68,70,32,35,37,46,47,53,54,43,71,6,18,20,21,51,52,69,26,33,1,58,65,5,22,28,41,59,14,39,40,43,44,55,57,7,9,13,23,15,16,30,38,60,4,61,63,29,34,49,62,3,10,17,74,11,42,45,48,0,72,12,75,50,66],"hostnames":["swz.it","baur.de","chip.de","ebay.de","giga.de","prad.de","stol.it","welt.de","focus.de","games.ch","heise.de","koeln.de","tag24.de","tiger.ch","um-tv.de","ibooks.to","knuspr.de","kurier.at","mmnews.de","mobile.de","pctipp.ch","pcwelt.de","saturn.de","unicum.de","avguide.ch","dkamera.de","emotion.de","fazemag.de","o-sport.de","onvista.de","tonight.de","gamestar.de","imsueden.de","radiowaf.de","report-d.de","t-online.de","apfeltalk.de","finanzen.net","gofeminin.de","linkedin.com","satvision.de","celleheute.de","lausitz-tv.de","lessentiel.lu","mediamarkt.at","mediamarkt.de","pollenflug.de","produktion.de","back-intern.de","bergsteiger.de","carpediem.life","finanzfluss.de","computerbase.de","computerbild.de","hardwareluxx.de","la-palma24.info","seo-suedwest.de","android-hilfe.de","shop-apotheke.at","smartphonemag.de","handelszeitung.ch","kajak-magazin.com","notebookcheck.com","skodacommunity.de","alles-mahlsdorf.de","berliner-kurier.de","cyclingmagazine.de","winfuture-forum.de","berliner-zeitung.de","marbacher-zeitung.de","meissen-fernsehen.de","motorsport-total.com","wallstreet-online.de","wasbitcoinbringt.com","berlinstadtservice.de","zentrum-der-gesundheit.de","nur-positive-nachrichten.de","www-t--online-de.cdn.ampproject.org"],"hasEntities":false,"fromRegexes":[]}