{"selectors":["{\"selector\":\".widget\",\"tasks\":[[\"has\",{\"selector\":\"h3w\",\"tasks\":[[\"has-text\",\"Támogatóink\"]]}]]}","{\"selector\":\"[class*=\\\"item_container\\\"]\",\"tasks\":[[\"has\",{\"selector\":\"[class*=\\\"_tag\\\"]\",\"tasks\":[[\"has-text\",\"hirdetés\"]]}]]}","{\"selector\":\"div[class*=\\\"widget\\\"]\",\"tasks\":[[\"has\",{\"selector\":\"> .widgettitle\",\"tasks\":[[\"has-text\",\"Állásajánlat\"]]}]]}","{\"selector\":\"div[class*=\\\"widget\\\"]\",\"tasks\":[[\"has\",{\"selector\":\"> .widgettitle\",\"tasks\":[[\"has-text\",\"Hirdetés\"]]}]]}","{\"selector\":\".sb-widget\",\"tasks\":[[\"has\",{\"selector\":\"> h4\",\"tasks\":[[\"has-text\",\"Hirdetés\"]]}]]}","{\"selector\":\".wrapRectangle\",\"tasks\":[[\"has\",{\"selector\":\"> div > span\",\"tasks\":[[\"has-text\",\"Hirdetés\"]]}]]}","{\"selector\":\".ik\",\"tasks\":[[\"has-text\",\"/^[Hh]irdetés$/\"]]}","{\"selector\":\"div[style*=\\\"margin-bottom:10px\\\"]\",\"tasks\":[[\"has\",{\"selector\":\"> div\",\"tasks\":[[\"has-text\",\"HIRDETÉS\"]]}]]}","{\"selector\":\"div.ct-div-block\",\"tasks\":[[\"has\",{\"selector\":\"> div.ct-div-block > div.ct-text-block\",\"tasks\":[[\"has-text\",\"Hirdetés\"]]}]]}","{\"selector\":\".sub-text\",\"tasks\":[[\"has-text\",\"Hirdetés\"]]}","{\"selector\":\"div:not(.priv-thread-owner)\",\"tasks\":[[\"has\",{\"selector\":\"> h4\",\"tasks\":[[\"has-text\",\"/(Hirdetés|[Hh].*i.*r.*d.*e.*t.*é.*s)/\"],[\"spath\",\" + div[class]\"]]}]]}","{\"selector\":\".modal\",\"tasks\":[[\"has\",{\"selector\":\"h3\",\"tasks\":[[\"has-text\",\"Sütik használata\"]]}],[\"has\",{\"selector\":\"button\",\"tasks\":[[\"has-text\",\"Elfogadás\"]]}]]}","{\"selector\":\"._bannerTop1\",\"action\":[\"style\",\"background-color: transparent !important;\"],\"cssable\":true}","{\"selector\":\"div.container.banner-container.wide\",\"action\":[\"style\",\"min-height: 0 !important; height: auto !important;\"],\"cssable\":true}","{\"selector\":\"#popupFrontPageBanner-modal\",\"action\":[\"style\",\"display: none !important;\"],\"cssable\":true}","{\"selector\":\"body\",\"action\":[\"style\",\"overflow: auto !important;\"],\"cssable\":true}","{\"selector\":\"main\",\"action\":[\"style\",\"background-image: none !important;\"],\"cssable\":true}","{\"selector\":\"script\",\"tasks\":[[\"has-text\",\"fbmodal-title\"]]}","{\"selector\":\".oh-holder.open\",\"action\":[\"style\",\"z-index: 9999!important;\"],\"cssable\":true}","{\"selector\":\".js-appAdv\",\"action\":[\"style\",\"display: none !important;\"],\"cssable\":true}","{\"selector\":\".cover-slider-cont\",\"action\":[\"style\",\"display: block !important;\"],\"cssable\":true}","{\"selector\":\".leavingPopupLayer\",\"action\":[\"style\",\"display: none !important;\"],\"cssable\":true}","{\"selector\":\"style\",\"tasks\":[[\"has-text\",\"eu-cookie-withdraw-banner\"]]}","{\"selector\":\"script\",\"tasks\":[[\"has-text\",\"Quantcast Choice\"]]}","{\"selector\":\"script\",\"tasks\":[[\"has-text\",\"cli_cookiebar_\"]]}","{\"selector\":\"body\",\"action\":[\"style\",\"position: static !important;\"],\"cssable\":true}","{\"selector\":\"html\",\"action\":[\"style\",\"position: static !important;\"],\"cssable\":true}","{\"selector\":\"script\",\"tasks\":[[\"has-text\",\"a2blckLayer\"]]}","{\"selector\":\"script\",\"tasks\":[[\"has-text\",\"window.onload = window.onfocus\"]]}","{\"selector\":\"script\",\"tasks\":[[\"has-text\",\"adblocker\"]]}","{\"selector\":\"script\",\"tasks\":[[\"has-text\",\"ai_run_\"]]}","{\"selector\":\"script\",\"tasks\":[[\"has-text\",\"testadblock\"]]}","{\"selector\":\"script\",\"tasks\":[[\"has-text\",\"popUpBannerBox Ad300 hirdetes_box\"]]}","{\"selector\":\"script\",\"tasks\":[[\"has-text\",\"window.atob\"]]}","{\"selector\":\"[id^=\\\"elementor-adblock-detection-\\\"][aria-hidden=\\\"true\\\"]\",\"action\":[\"style\",\"display: block !important;\"],\"cssable\":true}","{\"selector\":\".results_body\",\"action\":[\"style\",\"height: auto !important;\"],\"cssable\":true}","{\"selector\":\"body:has(> .background.height) .notation\",\"action\":[\"style\",\"display: block !important;\"],\"cssable\":true}","{\"selector\":\"body:has(> [class=\\\"background\\\"]) footer\",\"action\":[\"style\",\"margin-top: 610px !important;\"],\"cssable\":true}","{\"selector\":\"header\",\"action\":[\"style\",\"height: auto !important;\"],\"cssable\":true}","{\"selector\":\"#_cikk_tartalom_rb1\",\"action\":[\"style\",\"margin-top: 0 !important;\"],\"cssable\":true}","{\"selector\":\"div.layoutContent\",\"action\":[\"style\",\"margin-top: 0 !important;\"],\"cssable\":true}","{\"selector\":\"div.postContent\",\"action\":[\"style\",\"margin-top: 0 !important;\"],\"cssable\":true}","{\"selector\":\"body\",\"action\":[\"style\",\"padding-top: 0 !important;\"],\"cssable\":true}","{\"selector\":\"div.article-headline\",\"action\":[\"style\",\"margin-top: 44px !important;\"],\"cssable\":true}","{\"selector\":\".has-gate-banner\",\"action\":[\"style\",\"top: 30px !important;\"],\"cssable\":true}","{\"selector\":\"body\",\"action\":[\"style\",\"overflow: auto !important\"],\"cssable\":true}","{\"selector\":\"#page-content\",\"action\":[\"style\",\"margin-top: 0px !important;\"],\"cssable\":true}","{\"selector\":\"body\",\"action\":[\"style\",\"overflow: auto!important;\"],\"cssable\":true}","{\"selector\":\"div#search_container\",\"action\":[\"style\",\"margin-bottom: 0 !important;\"],\"cssable\":true}","{\"selector\":\"section[id=\\\"content_left\\\"][class=\\\"content_content\\\"]\",\"action\":[\"style\",\"width: auto !important; padding: 0 45px 0 46px !important;\"],\"cssable\":true}","{\"selector\":\"section[id=\\\"content_left\\\"][class=\\\"content_start\\\"]\",\"action\":[\"style\",\"padding-top: 80px !important;\"],\"cssable\":true}","{\"selector\":\"header .container\",\"action\":[\"style\",\"padding: 10px 10px 0 10px !important;\"],\"cssable\":true}","{\"selector\":\".raw-html-embed\",\"action\":[\"style\",\"min-height: auto !important;\"],\"cssable\":true}","{\"selector\":\"html, body\",\"action\":[\"style\",\"overflow:auto !important\"],\"cssable\":true}","{\"selector\":\".isSubPage._bannerTop1\",\"action\":[\"style\",\"height: 90px !important;\"],\"tasks\":[[\"matches-media\",\"(min-width: 1200px)\"]],\"cssable\":true}","{\"selector\":\".first-section\",\"action\":[\"style\",\"margin-top: 0 !important;\"],\"cssable\":true}","{\"selector\":\"[class=\\\"container main single-article\\\"]\",\"action\":[\"style\",\"margin-top: 65px !important;\"],\"tasks\":[[\"matches-media\",\"(max-width: 768px)\"]],\"cssable\":true}"],"selectorLists":["0,1","2,3,42","4","23,5","6","7","8","52,9","10,16","10","11","12,19,20,54","13","14,15","15,21","16","17","18,55","22","24","25","26","27","28,45","29","30","31","32","33","34","35,36,37","38","39,40,41","42","43","44","45","46","47","48,49,50","51","53","56"],"selectorListRefs":[22,31,18,41,25,35,39,27,13,19,36,14,17,23,42,4,9,29,18,36,34,37,38,21,42,7,12,23,32,15,5,6,16,23,0,2,20,33,9,8,9,22,30,40,11,3,24,26,10,1,28],"hostnames":["24.hu","atv.hu","bme.hu","mkb.hu","hang.hu","hwsw.hu","keol.hu","port.hu","dehir.hu","gamer.hu","index.hu","noizz.hu","origo.hu","divany.hu","gsplus.hu","idokep.hu","logout.hu","media1.hu","unideb.hu","velvet.hu","hu.ign.com","jofogas.hu","kektura.hu","otpbank.hu","pcwplus.hu","mandiner.hu","startlap.hu","totalcar.hu","automotor.hu","fototrend.hu","kezilabda.hu","kiszamolo.hu","portfolio.hu","totalbike.hu","bpiautosok.hu","cyberpress.hu","kaveverzum.hu","kekvillogo.hu","mobilarena.hu","prohardver.hu","hardverapro.hu","hazipatika.com","menetrendek.hu","magyarhirlap.hu","myonlineradio.hu","egeszsegkalauz.hu","hungliaonline.com","openspeedtest.com","help.semmelweis.hu","budapestkornyeke.hu","szeretlekmagyarorszag.hu"],"hasEntities":false,"fromRegexes":[]}