{"selectors":["{\"selector\":\"[data-test=\\\"mms-router-link\\\"]\",\"tasks\":[[\"has-text\",\"Sponsorizzati\"]]}","{\"selector\":\".col-xs-12.col-md-6.col-lg-4.mb-4\",\"tasks\":[[\"has-text\",\"Contenuto Pubblicitario\"]]}","{\"selector\":\".cont-ev-list\",\"tasks\":[[\"has\",{\"selector\":\".title-channel\",\"tasks\":[[\"has-text\",\"in Evidenza\"]]}]]}","{\"selector\":\".agi-article-card\",\"tasks\":[[\"has\",{\"selector\":\".article-category\",\"tasks\":[[\"has-text\",\"BRANDED CONTENT\"]]}]]}","{\"selector\":\".td_block_template_1\",\"tasks\":[[\"has\",{\"selector\":\".td-block-title-wrap\",\"tasks\":[[\"has-text\",\"Banner\"]]}]]}","{\"selector\":\".box\",\"tasks\":[[\"has\",{\"selector\":\".box-head\",\"tasks\":[[\"has-text\",\"WM Sponsor\"]]}]]}","{\"selector\":\".grid.divide-gray-20.lg\\\\:divide-none\",\"tasks\":[[\"has-text\",\"SPONSORIZZATO\"]]}","{\"selector\":\"center\",\"tasks\":[[\"has\",{\"selector\":\"a\",\"tasks\":[[\"has-text\",\"Esponi i tuoi banner sul forum\"]]}]]}","{\"selector\":\".article\",\"tasks\":[[\"has\",{\"selector\":\"div.categories\",\"tasks\":[[\"has-text\",\"pubbliredazionale\"]]}]]}","{\"selector\":\".td_block_wrap\",\"tasks\":[[\"has\",{\"selector\":\"span\",\"tasks\":[[\"has-text\",\"Contenuti sponsorizzati\"]]}]]}","{\"selector\":\".boxAnnunci\",\"tasks\":[[\"has\",{\"selector\":\"h4\",\"tasks\":[[\"has-text\",\"Annuncio pubblicitario\"]]}]]}","{\"selector\":\".container-fluid.py-3.bg-white-color.pl-5.pr-5\",\"tasks\":[[\"has\",{\"selector\":\".text-black.weight-400.mb-0\",\"tasks\":[[\"has-text\",\"I Nostri Partners\"]]}]]}","{\"selector\":\".testo > div\",\"tasks\":[[\"has\",{\"selector\":\"b\",\"tasks\":[[\"has-text\",\"PARTNERS COMMERCIALI\"]]}]]}","{\"selector\":\".cl-amp-important-information\",\"tasks\":[[\"has\",{\"selector\":\"div\",\"tasks\":[[\"has-text\",\"Annuncio pubblicitario\"]]}]]}","{\"selector\":\".custom-html\",\"tasks\":[[\"has\",{\"selector\":\"div\",\"tasks\":[[\"has-text\",\"Annuncio pubblicitario\"]]}]]}","{\"selector\":\".td_block_wrap\",\"tasks\":[[\"has\",{\"selector\":\"a\",\"tasks\":[[\"has-text\",\"Contenuti sponsorizzati\"]]}]]}","{\"selector\":\".article-blog-default\",\"tasks\":[[\"has\",{\"selector\":\"span\",\"tasks\":[[\"has-text\",\"CONTENUTO SPONSORIZZATO\"]]}]]}","{\"selector\":\"li[data-index-number]\",\"tasks\":[[\"has\",{\"selector\":\"[data-test=\\\"mms-product-card\\\"]\",\"tasks\":[[\"has-text\",\"Sponsorizzati\"]]}]]}","{\"selector\":\".search-itm\",\"tasks\":[[\"has\",{\"selector\":\".search-itm__label\",\"tasks\":[[\"has-text\",\"annuncio\"]]}]]}","{\"selector\":\".similar-post-holder\",\"tasks\":[[\"has\",{\"selector\":\".categoria\",\"tasks\":[[\"has-text\",\"Post sponsorizzato\"]]}]]}","{\"selector\":\".feat-widget-wrap\",\"tasks\":[[\"has\",{\"selector\":\"div\",\"tasks\":[[\"has-text\",\"INFORMAZIONE REDAZIONALE\"]]}]]}","{\"selector\":\".block.is-postit\",\"tasks\":[[\"has\",{\"selector\":\".block__overtitle\",\"tasks\":[[\"has-text\",\"Contenuti promozionali\"]]}]]}","{\"selector\":\".td_block_wrap\",\"tasks\":[[\"has\",{\"selector\":\"span\",\"tasks\":[[\"has-text\",\"Advertorial\"]]}]]}","{\"selector\":\"div[data-testid=\\\"section\\\"]\",\"tasks\":[[\"has\",{\"selector\":\"span\",\"tasks\":[[\"has-text\",\"Contenuto sponsorizzato\"]]}]]}","{\"selector\":\".card.dark\",\"tasks\":[[\"has\",{\"selector\":\"span\",\"tasks\":[[\"has-text\",\"Adv\"]]}]]}"],"selectorLists":["0,17","1","2","3","4","5","6","7","8","9","10","11","12","13,14","15","16","17","18","19","20","21","22","23","24"],"selectorListRefs":[3,7,10,19,2,8,11,16,0,20,23,15,17,14,1,21,23,12,13,18,4,22,6,5,9],"hostnames":["agi.it","guadagna.net","impiego24.it","radioluna.it","adnkronos.com","ilpiccolo.net","investire.biz","mediamarkt.ch","mediaworld.it","repubblica.it","tuttotech.net","lospiffero.com","paginegialle.it","logisticanews.it","milanofinanza.it","technofashion.it","tuttoandroid.net","lalaziosiamonoi.it","laleggepertutti.it","pharmacyscanner.it","cronacadiverona.com","tgcom24.mediaset.it","giornaledibrescia.it","forum-wranglermania.com","ilprogettistaindustriale.it"],"hasEntities":false,"fromRegexes":[]}