{"selectors":["{\"selector\":\".elementor-column\",\"tasks\":[[\"has-text\",\"PUBLICITATE\"]]}","{\"selector\":\".widget_text\",\"tasks\":[[\"has\",{\"selector\":\".h-text\",\"tasks\":[[\"has-text\",\"publicitar\"]]}]]}","{\"selector\":\".widget-title\",\"tasks\":[[\"has-text\",\"Publ\"]]}","{\"selector\":\"article > div.td-post-content > p\",\"tasks\":[[\"has-text\",\"/^\\\\u00A0$/\"]]}","{\"selector\":\"div.grey-section\",\"tasks\":[[\"has-text\",\"Advertorial\"]]}","{\"selector\":\".textwidget\",\"tasks\":[[\"has-text\",\"PUBLICITATE\"]]}","{\"selector\":\".container\",\"tasks\":[[\"has\",{\"selector\":\"> .part-right:has([href*=\\\"freakhosting.com\\\"])\"}]]}","{\"selector\":\".ipsWidget_title.ipsType_reset\",\"tasks\":[[\"has-text\",\"Sponsor\"]]}","{\"selector\":\".code-block\",\"tasks\":[[\"has-text\",\"PUB\"]]}","{\"selector\":\".widget\",\"tasks\":[[\"has-text\",\"/Publicitate|Asemanatoare/\"]]}","{\"selector\":\".post_block:has([class^=\\\"guest\\\"])\",\"tasks\":[[\"has-text\",\"Anunturi\"]]}","{\"selector\":\".topic_reply\",\"tasks\":[[\"has-text\",\"Anunturi\"]]}","{\"selector\":\".textlink\",\"tasks\":[[\"has-text\",\"ad\"]]}","{\"selector\":\"#custom_html-10\",\"tasks\":[[\"has-text\",\"Advertising\"]]}","{\"selector\":\".widget_header\",\"tasks\":[[\"has-text\",\"/recomand/i\"]]}","{\"selector\":\".tdc-row\",\"tasks\":[[\"has-text\",\"PUBLICITATE\"]]}","{\"selector\":\".tdc-row\",\"tasks\":[[\"has-text\",\"PUBLICITATE\"],[\"spath\",\" + .tdc-row\"]]}","{\"selector\":\".td-pb-span12\",\"tasks\":[[\"has-text\",\"Advertisement\"]]}","{\"selector\":\".sidebar-widget\",\"tasks\":[[\"has-text\",\"/Recomandate/\"],[\"not\",{\"selector\":\"*\",\"tasks\":[[\"has-text\",\"Post\"]]}]]}","{\"selector\":\".inside-right-sidebar\",\"tasks\":[[\"has-text\",\"ads\"]]}","{\"selector\":\".td-pb-span3\",\"tasks\":[[\"has-text\",\"Publicitate\"]]}","{\"selector\":\".elementor-widget-heading\",\"tasks\":[[\"has-text\",\"PUBLICITATE\"]]}","{\"selector\":\".widget\",\"tasks\":[[\"has-text\",\"PUBLICITATE\"]]}","{\"selector\":\".textwidget\",\"tasks\":[[\"has-text\",\"Publicitate\"]]}","{\"selector\":\".custom_textwidget\",\"tasks\":[[\"has-text\",\"publicitar\"]]}","{\"selector\":\"section\",\"tasks\":[[\"has-text\",\"Publicitate\"]]}","{\"selector\":\"h2\",\"tasks\":[[\"has-text\",\"Publicitate\"]]}","{\"selector\":\".widget\",\"tasks\":[[\"has-text\",\"Reclame\"]]}","{\"selector\":\".widget_custom_html\",\"tasks\":[[\"has-text\",\"ad\"]]}","{\"selector\":\".elementor-element\",\"tasks\":[[\"has-text\",\"ad\"]]}","{\"selector\":\".widget_media_video\",\"tasks\":[[\"has-text\",\"Publ\"]]}","{\"selector\":\".code-block\",\"tasks\":[[\"has-text\",\"Publicitate\"]]}","{\"selector\":\"#sidebar > div.widget\",\"tasks\":[[\"has-text\",\"Publicitate\"]]}","{\"selector\":\".boxstire2head\",\"tasks\":[[\"has-text\",\"Publicitate\"]]}","{\"selector\":\"[data-banner-name]\",\"tasks\":[[\"upward\",\"[class^=\\\"mocked-styled\\\"]\"],[\"spath\",\":not(*:has(.content-banner))\"]]}","{\"selector\":\".tdm-descr\",\"tasks\":[[\"has-text\",\"sponsor\"]]}","{\"selector\":\".mh-widget\",\"tasks\":[[\"has-text\",\"/PROMO|PARTENER/i\"]]}","{\"selector\":\".widget_media_image\",\"tasks\":[[\"has\",{\"selector\":\"[href]\",\"tasks\":[[\"not\",{\"selector\":\"*\",\"tasks\":[[\"has-text\",\"[href*=\\\"litoraltv.ro\\\"]\"],[\"spath\",\":not(*:has([href*=\\\"facebook.com\\\"]))\"]]}]]}]]}","{\"selector\":\".widget_text.widget\",\"tasks\":[[\"has-text\",\"Reclame\"]]}","{\"selector\":\"td > center\",\"tasks\":[[\"has-text\",\"Reclama\"]]}","{\"selector\":\".special-box-pm > p\",\"tasks\":[[\"has-text\",\"Philip Morris\"]]}","{\"selector\":\".article-category\",\"tasks\":[[\"has-text\",\"/Philip Morris|țigar/\"]]}","{\"selector\":\".article-category-featured\",\"tasks\":[[\"has-text\",\"Philip Morris\"]]}","{\"selector\":\".article-body\",\"tasks\":[[\"has-text\",\"susținut de Philip Morris\"]]}","{\"selector\":\".single__content\",\"tasks\":[[\"has-text\",\"Philip Morris International\"]]}","{\"selector\":\".single__content\",\"tasks\":[[\"has-text\",\"Philip Morris România\"]]}","{\"selector\":\".article-body\",\"tasks\":[[\"has-text\",\"Philip Morris România\"]]}","{\"selector\":\"#article\",\"tasks\":[[\"has-text\",\"arderea tutunului\"]]}","{\"selector\":\".article-wrap\",\"tasks\":[[\"has-text\",\"arderea tutunului\"]]}","{\"selector\":\".single__container\",\"tasks\":[[\"has-text\",\"arderea tutunului\"]]}","{\"selector\":\".container\",\"tasks\":[[\"has-text\",\"arderea tutunului\"]]}","{\"selector\":\"article\",\"tasks\":[[\"has-text\",\"arderea tutunului\"]]}","{\"selector\":\".t-records\",\"tasks\":[[\"has-text\",\"arderea \"]]}","{\"selector\":\".article-view\",\"tasks\":[[\"has-text\",\"arderea tutunului\"]]}","{\"selector\":\".article\",\"tasks\":[[\"has-text\",\"arderea tutunului\"]]}","{\"selector\":\".ContentArticle\",\"tasks\":[[\"has-text\",\" tutunului\"]]}","{\"selector\":\"#sidebar > .widget_text\",\"tasks\":[[\"not\",{\"selector\":\".widgettitle\",\"tasks\":[[\"has-text\",\"Horoscop\"]]}]]}","{\"selector\":\".widget_text.widget\",\"tasks\":[[\"has-text\",\"eMAG\"]]}","{\"selector\":\".gridview-box-inside\",\"tasks\":[[\"has-text\",\"PROMO\"]]}","{\"selector\":\".striped_table_row:has(> div > .multicolumndayproginnerad)\",\"action\":[\"style\",\"position: absolute;\"],\"cssable\":true}","{\"selector\":\".small\",\"tasks\":[[\"has-text\",\"Publicitate\"]]}","{\"selector\":\".mod-custom\",\"tasks\":[[\"has-text\",\"Publicitate\"]]}","{\"selector\":\".container-top-a\",\"tasks\":[[\"has-text\",\"Publicitate\"]]}","{\"selector\":\"article > *\",\"tasks\":[[\"has\",{\"selector\":\"[style]:has(.adsbygoogle)\"}]]}","{\"selector\":\".box_orange\",\"tasks\":[[\"has-text\",\"Publicitate\"]]}","{\"selector\":\".sidebar-item\",\"tasks\":[[\"has\",{\"selector\":\".widget-content:not(*:has([href*=\\\"ziaruldetulcea.ro\\\"])):has([href])\"}]]}","{\"selector\":\".uk-panel-title\",\"tasks\":[[\"has-text\",\"PUBLICITATE\"]]}","{\"selector\":\".san-block\",\"tasks\":[[\"has-text\",\"Publicitate\"]]}","{\"selector\":\".wp-block-template-part\",\"tasks\":[[\"has-text\",\"Publicitate\"]]}","{\"selector\":\"*\",\"action\":[\"remove\",\"\"],\"tasks\":[[\"matches-css-before\",{\"name\":\"content\",\"pseudo\":\"before\",\"value\":\"ADVERTISING\"}]]}","{\"selector\":\"html\",\"action\":[\"style\",\"overflow: auto !important;\"],\"cssable\":true}","{\"selector\":\"#header\",\"action\":[\"style\",\"position:static!important; top: 0 !important;\"],\"cssable\":true}","{\"selector\":\"#main_container\",\"action\":[\"style\",\"padding-top: 0 !important;\"],\"cssable\":true}","{\"selector\":\".header_nav\",\"action\":[\"style\",\"position:static !important;\"],\"cssable\":true}","{\"selector\":\".nav-user-notifications-icon-span\",\"action\":[\"style\",\"animation: none !important; -webkit-animation: none !important; animation-name: none !important; animation-duration: 0s !important;\"],\"cssable\":true}","{\"selector\":\".upM\",\"action\":[\"style\",\"margin-top: 10px !important\"],\"cssable\":true}","{\"selector\":\".main-content-section\",\"action\":[\"style\",\"min-height: 400px !important\"],\"cssable\":true}","{\"selector\":\".preload-ad-overlay\",\"action\":[\"remove\",\"\"]}"],"selectorLists":["0","1","2","3","4","5","6","7","8","9","10,11","12,53","13","14","15,16","17","18","19","20,21","22","23","24","25","26","27","28","29","30","31","32","33","34","35","36","37,70","38","39","40","41,42","43","44","45","46","47","48","49","50","51","52","54","55","56","57","58","59","60,76","61,62","63","64","65","66","67","68","69","71,72,73","74","75","77"],"selectorListRefs":[66,46,30,40,42,4,46,7,63,31,16,29,28,33,21,49,41,11,48,13,3,57,63,18,24,6,39,2,58,20,52,12,37,9,43,67,65,5,22,64,50,45,36,34,15,55,27,32,54,60,14,47,17,44,63,38,61,25,23,35,8,0,59,62,53,26,1,10,19,51,56],"hostnames":["bzb.ro","evz.ro","zvj.ro","csid.ro","news.ro","agora.md","click.ro","sa-mp.ro","sport.ro","stiri.md","7media.md","buzau.net","cespun.eu","ctnews.ro","curier.ro","digi24.ro","gandul.ro","kudika.ro","locals.md","nwradu.ro","smlive.ro","svnews.ro","acasatv.ro","agro-tv.ro","ciutacu.ro","cspower.ro","hotnews.ro","presasm.ro","reviste.ro","weradio.ro","arhiblog.ro","evmarket.ro","jurnalul.ro","lovendal.ro","mediafax.ro","tvonline.to","www.digi.ro","agrointel.ro","campinatv.ro","cinemagia.ro","dcmedical.ro","descopera.ro","girlshare.ro","litoraltv.ro","autolatest.ro","catalog-az.ro","gorjonline.ro","presadeazi.ro","program-tv.ro","argesexpres.ro","desteptarea.ro","dilemaveche.ro","stireadeazi.ro","wall-street.ro","stirileprotv.ro","stiripesurse.ro","arenabuzoiana.ro","ziarulargesul.ro","buletindecarei.ro","gazetavalceana.ro","lauralaurentiu.ro","mesagerulneamt.ro","ziaruldetulcea.ro","bunaziuafagaras.ro","editiedevrancea.ro","graiulsalajului.ro","ziarpiatraneamt.ro","forum.softpedia.com","mesageruldesibiu.ro","ramnicuvalceaweek.ro","catalog-hypermarket.ro"],"hasEntities":false,"fromRegexes":[]}