{"selectors":["{\"selector\":\".module--external\",\"tasks\":[[\"has-text\",\"Contenido Patrocinado\"]]}","{\"selector\":\".recirculation\",\"tasks\":[[\"has-text\",\"Contenido patrocinado\"]]}","{\"selector\":\".s.s--v\",\"tasks\":[[\"has\",{\"selector\":\"span\",\"tasks\":[[\"has-text\",\"OFRECIDO POR\"]]}]]}","{\"selector\":\".wide-content\",\"tasks\":[[\"has\",{\"selector\":\"h1\",\"tasks\":[[\"has-text\",\"Publicidad\"]]}]]}","{\"selector\":\".Block\",\"tasks\":[[\"has\",{\"selector\":\".Title_section\",\"tasks\":[[\"has-text\",\"Contenido patrocinado\"]]}]]}","{\"selector\":\".Card\",\"tasks\":[[\"has\",{\"selector\":\".Card-Section.Section\",\"tasks\":[[\"has-text\",\"Contenido patrocinado\"]]}]]}","{\"selector\":\"span\",\"tasks\":[[\"has-text\",\"PUBLICIDAD\"]]}","{\"selector\":\".main-article-container-patr\",\"tasks\":[[\"has\",{\"selector\":\".mas-contenido\",\"tasks\":[[\"has-text\",\"Más Contenido\"]]}]]}","{\"selector\":\".products-carousel-wrapper\",\"tasks\":[[\"has-text\",\"Patrocinado\"]]}","{\"selector\":\"span\",\"tasks\":[[\"has-text\",\"Publicidad\"]]}","{\"selector\":\".display-ads\",\"tasks\":[[\"has\",{\"selector\":\"> span\",\"tasks\":[[\"has-text\",\"Anuncio\"]]}]]}","{\"selector\":\".row.H_Img_V_Title_Center.mb-3\",\"tasks\":[[\"has-text\",\"Contenido Patrocinado\"]]}","{\"selector\":\"#lateral\",\"tasks\":[[\"has\",{\"selector\":\"span\",\"tasks\":[[\"has-text\",\"Auspiciado por:\"]]}]]}","{\"selector\":\".clearfix.list-cards.mb1.section-ciudadanos\",\"tasks\":[[\"has\",{\"selector\":\".title\",\"tasks\":[[\"has-text\",\"Espacio de marca\"]]}]]}","{\"selector\":\"[data-test=\\\"mms-search-main\\\"] aside\",\"tasks\":[[\"has-text\",\"Patrocinado\"]]}","{\"selector\":\".et_pb_column\",\"tasks\":[[\"has\",{\"selector\":\"p\",\"tasks\":[[\"has-text\",\"Publicidad\"]]}]]}","{\"selector\":\".dropdown\",\"tasks\":[[\"has\",{\"selector\":\"label\",\"tasks\":[[\"has-text\",\"VPN\"]]}]]}","{\"selector\":\".balcon.borderBottomDesktop\",\"tasks\":[[\"has\",{\"selector\":\"span\",\"tasks\":[[\"has-text\",\"patrocinado\"]]}]]}","{\"selector\":\"section > h3\",\"tasks\":[[\"has-text\",\"Publicidad\"]]}","{\"selector\":\".section\",\"tasks\":[[\"has\",{\"selector\":\".section-subtitle\",\"tasks\":[[\"has-text\",\"Contenido en colaboración\"]]}]]}","{\"selector\":\".tno-article-block\",\"tasks\":[[\"has\",{\"selector\":\"span\",\"tasks\":[[\"has-text\",\"Branded content\"]]}]]}","{\"selector\":\"[data-testid=\\\"item-stack\\\"] > div\",\"tasks\":[[\"has-text\",\"Patrocinado\"]]}","{\"selector\":\".quicklink_w100\",\"tasks\":[[\"has\",{\"selector\":\".publi-tag\",\"tasks\":[[\"has-text\",\"AD\"]]}]]}","{\"selector\":\".ui-recommendations-carousel-wrapper-ref\",\"tasks\":[[\"has-text\",\"Promocionado\"]]}","{\"selector\":\".c.d1\",\"tasks\":[[\"has\",{\"selector\":\"div\",\"tasks\":[[\"has-text\",\"Más cosas interesantes\"]]}]]}","{\"selector\":\".block\",\"tasks\":[[\"has\",{\"selector\":\"> h3\",\"tasks\":[[\"has-text\",\"WEBCAM PORNO XXX\"]]}]]}"],"selectorLists":["0","1","2","3","4,5","6","7","8","9","10","11","12","13","14","15","16","17","18","19","20","21","22","23","24","25"],"selectorListRefs":[2,8,0,16,18,1,21,6,12,14,15,1,11,7,5,0,13,23,0,10,22,20,5,4,19,9,3,24,17],"hostnames":["as.com","hoy.com.do","laraza.com","prensa.com","semana.com","laregion.es","yorokobu.es","eltiempo.com","lavoz.com.ar","mundo724.com","photocall.tv","atlantico.net","elcomercio.pe","falabella.com","laboyanos.com","laopinion.com","mediamarkt.es","muyzorras.com","eldiariony.com","larepublica.co","mercadolibre.*","walmart.com.mx","elquindiano.com","elespectador.com","theobjective.com","juegosdiarios.com","diarios-argentinos.com","videospornogratisx.net","recetasfacilescocina.com"],"hasEntities":true,"fromRegexes":[]}