{"selectors":["{\"selector\":\"#extra\",\"action\":[\"remove\",\"\"]}","{\"selector\":\".text-center\",\"tasks\":[[\"has\",{\"selector\":\"small\",\"tasks\":[[\"has-text\",\"QUẢNG CÁO\"]]}]]}","{\"selector\":\"#header\",\"action\":[\"style\",\"margin-top: 0 !important\"],\"cssable\":true}","{\"selector\":\"html\",\"action\":[\"style\",\"overflow: auto !important\"],\"cssable\":true}","{\"selector\":\".affActive\",\"action\":[\"style\",\"display:block!important\"],\"cssable\":true}","{\"selector\":\".story-info\",\"action\":[\"style\",\"bottom: 90px! important;\"],\"cssable\":true}","{\"selector\":\"#content\",\"action\":[\"style\",\"max-height:none !important;opacity:1 !important\"],\"cssable\":true}","{\"selector\":\"div.layout.pt-mobi-top\",\"action\":[\"style\",\"padding-top: 0 !important\"],\"cssable\":true}","{\"selector\":\"header.bg-white\",\"action\":[\"style\",\"margin-top: 0px !important\"],\"cssable\":true}","{\"selector\":\"body\",\"action\":[\"style\",\"overflow: auto!important\"],\"cssable\":true}"],"selectorLists":["0","1","2","3","4","5","6","7,8","9"],"selectorListRefs":[3,6,3,0,2,5,1,1,3,7,8,8,4,3,8],"hostnames":["hhtq.lol","vozer.io","robong.cc","embedrb.com","chotlo3s.com","thiendia1.vip","metruyencv.com","metruyencv.net","themphotv5.com","www.saostar.vn","xem1.gv04.live","xem1.gv05.live","monkeydtruyen.com","phimchautinhtri.net","www.bachnguyetquang.online"],"hasEntities":false,"fromRegexes":[]}