[
{"action":{"type":"block"},"condition":{"urlFilter":"-footer-newsletter."},"id":1,"priority":10},
{"action":{"type":"block"},"condition":{"urlFilter":"/ame-newsletter-public.js"},"id":2,"priority":10},
{"action":{"type":"block"},"condition":{"urlFilter":"/banner/newsletter.jpg"},"id":3,"priority":10},
{"action":{"type":"block"},"condition":{"urlFilter":"/banner/newsletter.png"},"id":4,"priority":10},
{"action":{"type":"block"},"condition":{"urlFilter":"/banner/newsletter.svg"},"id":5,"priority":10},
{"action":{"type":"block"},"condition":{"urlFilter":"/bannerino-newsletter.png"},"id":6,"priority":10},
{"action":{"type":"block"},"condition":{"urlFilter":"/bannernewsletter.jpg"},"id":7,"priority":10},
{"action":{"type":"block"},"condition":{"urlFilter":"/bannernewsletter.png"},"id":8,"priority":10},
{"action":{"type":"block"},"condition":{"urlFilter":"/bloc_newsletter.jpg"},"id":9,"priority":10},
{"action":{"type":"block"},"condition":{"urlFilter":"/blocknewsletter.js"},"id":10,"priority":10},
{"action":{"type":"block"},"condition":{"initiatorDomains":["artnews.com","bbc.com","bbcgoodfood.com","billboard.com","businessinsider.com.pl","deadline.com","fastcompany.com","nationalobserver.com","npr.org","outsideonline.com","prospectmagazine.co.uk","rawstory.com","refinery29.com","rollingstone.com","sifted.eu","stuff.co.nz","telegraph.co.uk","the42.ie","thedailybeast.com","thelogic.co","thenation.com","variety.com","wwd.com"],"urlFilter":"||piano.io^"},"id":11,"priority":10},
{"action":{"type":"block"},"condition":{"urlFilter":"/embeds/newsletter/"},"id":12,"priority":10},
{"action":{"type":"block"},"condition":{"urlFilter":"/enewsletter_"},"id":13,"priority":10},
{"action":{"type":"block"},"condition":{"urlFilter":"/feedburner-subscription-widget/style.css"},"id":14,"priority":10},
{"action":{"type":"block"},"condition":{"urlFilter":"/footer-newsletter.jpg"},"id":15,"priority":10},
{"action":{"type":"block"},"condition":{"urlFilter":"/footer-newsletter.js"},"id":16,"priority":10},
{"action":{"type":"block"},"condition":{"urlFilter":"/hustle/assets/hustle-ui/js/hustle-ui.min.js"},"id":17,"priority":10},
{"action":{"type":"block"},"condition":{"urlFilter":"/iscriviti-newsletter.css"},"id":18,"priority":10},
{"action":{"type":"block"},"condition":{"urlFilter":"/jetpack-plugin/moon/modules/subscriptions/subscribe-modal/subscribe-modal.js"},"id":19,"priority":10},
{"action":{"type":"block"},"condition":{"initiatorDomains":["artnews.com","bbc.com","bbcgoodfood.com","billboard.com","businessinsider.com.pl","deadline.com","nationalobserver.com","npr.org","outsideonline.com","prospectmagazine.co.uk","rawstory.com","refinery29.com","rollingstone.com","sifted.eu","stuff.co.nz","telegraph.co.uk","the42.ie","thedailybeast.com","thelogic.co","thenation.com","variety.com","wwd.com"],"urlFilter":"||tinypass.com^"},"id":20,"priority":10},
{"action":{"type":"block"},"condition":{"urlFilter":"/layout/newsletter.png"},"id":21,"priority":10},
{"action":{"type":"block"},"condition":{"urlFilter":"/leadin-subscribe.min.js"},"id":22,"priority":10},
{"action":{"type":"block"},"condition":{"urlFilter":"/mailup-email-and-newsletter-subscription-form/"},"id":23,"priority":10},
{"action":{"type":"block"},"condition":{"urlFilter":"/mega-subscribe-popup/js/script.js"},"id":24,"priority":10},
{"action":{"type":"block"},"condition":{"urlFilter":"/netsteps_newsletterpopup/js/newsletter-popup.min.js"},"id":25,"priority":10},
{"action":{"type":"block"},"condition":{"urlFilter":"/newsletter-300x250.jpg"},"id":26,"priority":10},
{"action":{"type":"block"},"condition":{"urlFilter":"/newsletter-300x250.png"},"id":27,"priority":10},
{"action":{"type":"block"},"condition":{"urlFilter":"/newsletter-app.js"},"id":28,"priority":10},
{"action":{"type":"block"},"condition":{"urlFilter":"/newsletter-banner-"},"id":29,"priority":10},
{"action":{"type":"block"},"condition":{"urlFilter":"/newsletter-banner.jpg"},"id":30,"priority":10},
{"action":{"type":"block"},"condition":{"urlFilter":"/newsletter-banner.png"},"id":31,"priority":10},
{"action":{"type":"block"},"condition":{"urlFilter":"/newsletter-campaign-manager/latest.js"},"id":32,"priority":10},
{"action":{"type":"block"},"condition":{"urlFilter":"/newsletter-inline.js"},"id":33,"priority":10},
{"action":{"type":"block"},"condition":{"urlFilter":"/newsletter-pack.min.css"},"id":34,"priority":10},
{"action":{"type":"block"},"condition":{"urlFilter":"/newsletter-pack.rtl.min.css"},"id":35,"priority":10},
{"action":{"type":"block"},"condition":{"urlFilter":"/newsletter-pattern.png"},"id":36,"priority":10},
{"action":{"type":"block"},"condition":{"urlFilter":"/newsletter-popin.js"},"id":37,"priority":10},
{"action":{"type":"block"},"condition":{"urlFilter":"/newsletter-portlet/js/main.js"},"id":38,"priority":10},
{"action":{"type":"block"},"condition":{"urlFilter":"/newsletter-signup.js"},"id":39,"priority":10},
{"action":{"type":"block"},"condition":{"urlFilter":"/newsletter-signup.min.js"},"id":40,"priority":10},
{"action":{"type":"block"},"condition":{"urlFilter":"/newsletter-subscribe-"},"id":41,"priority":10},
{"action":{"type":"block"},"condition":{"excludedResourceTypes":["main_frame","stylesheet"],"urlFilter":"/newsletter-subscription-"},"id":42,"priority":10},
{"action":{"type":"block"},"condition":{"urlFilter":"/newsletter/popup-"},"id":43,"priority":10},
{"action":{"type":"block"},"condition":{"urlFilter":"/newsletter/popup/"},"id":44,"priority":10},
{"action":{"type":"block"},"condition":{"urlFilter":"/newsletter_banner.jpg"},"id":45,"priority":10},
{"action":{"type":"block"},"condition":{"urlFilter":"/newsletter_banner.png"},"id":46,"priority":10},
{"action":{"type":"block"},"condition":{"urlFilter":"/newsletter_wdgts.js"},"id":47,"priority":10},
{"action":{"type":"block"},"condition":{"urlFilter":"/newsletter_widget.js"},"id":48,"priority":10},
{"action":{"type":"block"},"condition":{"urlFilter":"/newsletterpopup.css"},"id":49,"priority":10},
{"action":{"type":"block"},"condition":{"urlFilter":"/newsletterpopup.js"},"id":50,"priority":10},
{"action":{"type":"block"},"condition":{"urlFilter":"/newsletterpopup.min.js"},"id":51,"priority":10},
{"action":{"type":"block"},"condition":{"urlFilter":"/newsletterpro/views/js/app_front.min.js"},"id":52,"priority":10},
{"action":{"type":"block"},"condition":{"urlFilter":"/newsletters/modal/"},"id":53,"priority":10},
{"action":{"type":"block"},"condition":{"urlFilter":"/newsletters/widget/"},"id":54,"priority":10},
{"action":{"type":"block"},"condition":{"urlFilter":"/newslettersubscription.js"},"id":55,"priority":10},
{"action":{"type":"block"},"condition":{"urlFilter":"/newsletterwidget/mngcep/mg2nw.min.js"},"id":56,"priority":10},
{"action":{"type":"block"},"condition":{"urlFilter":"/plugins/newsletter/style.css"},"id":57,"priority":10},
{"action":{"type":"block"},"condition":{"urlFilter":"/plugins/newsletter/subscription/validate.js"},"id":58,"priority":10},
{"action":{"type":"block"},"condition":{"urlFilter":"/plugins/optin-monster/assets/js/api.js"},"id":59,"priority":10},
{"action":{"type":"block"},"condition":{"urlFilter":"/popinnewsletter.css"},"id":60,"priority":10},
{"action":{"type":"block"},"condition":{"urlFilter":"/popinnewsletter.js"},"id":61,"priority":10},
{"action":{"type":"block"},"condition":{"urlFilter":"/ps_emailsubscription.js"},"id":62,"priority":10},
{"action":{"type":"block"},"condition":{"urlFilter":"/rdstation-popup.min.js"},"id":63,"priority":10},
{"action":{"type":"block"},"condition":{"urlFilter":"/sapo_newsletters.js"},"id":64,"priority":10},
{"action":{"type":"block"},"condition":{"urlFilter":"/section-newsletter-popup.js"},"id":65,"priority":10},
{"action":{"type":"block"},"condition":{"urlFilter":"/subscribe-popup.js"},"id":66,"priority":10},
{"action":{"type":"block"},"condition":{"urlFilter":"/subscriber.newsletter.js"},"id":67,"priority":10},
{"action":{"type":"block"},"condition":{"urlFilter":"/td-newsletter/style.css"},"id":68,"priority":10},
{"action":{"type":"block"},"condition":{"urlFilter":"/thrive-leads/thrive-dashboard/js/dist/frontend.min.js"},"id":69,"priority":10},
{"action":{"type":"block"},"condition":{"urlFilter":"/tydal-popups-email-pop-ups-4/assets/pop-app-embed.js"},"id":70,"priority":10},
{"action":{"type":"block"},"condition":{"urlFilter":"/tz-nwslttr.js"},"id":71,"priority":10},
{"action":{"type":"block"},"condition":{"urlFilter":"/v1/newsletters/"},"id":72,"priority":10},
{"action":{"type":"block"},"condition":{"urlFilter":"/wonderplugin-popup-engine.js"},"id":73,"priority":10},
{"action":{"type":"block"},"condition":{"urlFilter":"/wp-subscribe-pro/js/wp-subscribe-form.js"},"id":74,"priority":10},
{"action":{"type":"block"},"condition":{"urlFilter":"/xwpblocks-newsletter-subscription-style.css?"},"id":75,"priority":10},
{"action":{"type":"block"},"condition":{"urlFilter":"||appspot.com/newsletter/dhtml?"},"id":76,"priority":10},
{"action":{"type":"block"},"condition":{"initiatorDomains":["counciloflove.com","ezmanga.net","ferroviando.com.br","gourmetscans.net","infokik.com","jafekri.com","kolnovel.com","koltry.life","kulinarnastronamocy.pl","piklodz.pl","reborntrans.com","secondlifetranslations.com","theaircurrent.com","truyenbanquyen.com"],"urlFilter":"/wp-content/plugins/wccp-pro/"},"id":77,"priority":10},
{"action":{"type":"block"},"condition":{"urlFilter":"||cdn.shopify.com/proxy/*.smsbump.com/"},"id":78,"priority":10},
{"action":{"type":"block"},"condition":{"urlFilter":"||d2cmvbq7sxx33j.cloudfront.net/email/prod_amnews_iframe_section_braze.html"},"id":79,"priority":10},
{"action":{"type":"block"},"condition":{"urlFilter":"||default.salsalabs.org/api/widget/"},"id":80,"priority":10},
{"action":{"type":"block"},"condition":{"urlFilter":"||js.pelcro.com/ui/plugin/"},"id":81,"priority":10},
{"action":{"type":"block"},"condition":{"urlFilter":"||mailerlite.com/js/universal.js"},"id":82,"priority":10},
{"action":{"type":"block"},"condition":{"urlFilter":"||mailmojo.no/sdk.js"},"id":83,"priority":10},
{"action":{"type":"block"},"condition":{"urlFilter":"||nordiskemedier.dk/remodal/"},"id":84,"priority":10},
{"action":{"type":"block"},"condition":{"urlFilter":"||outpostpublishingcoop.com/assets/v2/js/outpost-pub.js"},"id":85,"priority":10},
{"action":{"type":"block"},"condition":{"urlFilter":"||pico.tools/load/build.js"},"id":86,"priority":10},
{"action":{"type":"block"},"condition":{"urlFilter":"||powr.io/popup/u/"},"id":87,"priority":10},
{"action":{"type":"block"},"condition":{"urlFilter":"||promio-connect.com/register/"},"id":88,"priority":10},
{"action":{"type":"block"},"condition":{"urlFilter":"||secondstreetapp.com/audience_signup_widgets/"},"id":89,"priority":10},
{"action":{"type":"block"},"condition":{"initiatorDomains":["coloradotimesrecorder.com","fatgirlskinny.net","hypebot.com","matomo.org","mercadonegro.pe","moneymagpie.com","sfpublicpress.org","thurrott.com","total-croatia-news.com","verdadeiroolhar.pt"],"urlFilter":"/pum-site-scripts.js"},"id":90,"priority":10},
{"action":{"type":"block"},"condition":{"urlFilter":"||afrik21.africa/wp-content/themes/afrik21/images/news.png"},"id":91,"priority":10},
{"action":{"type":"block"},"condition":{"initiatorDomains":["simptown.su"],"resourceTypes":["script"],"urlFilter":"/cdn.jsdelivr.net/npm/disable-devtool"},"id":92,"priority":10},
{"action":{"type":"block"},"condition":{"initiatorDomains":["miuratakuya.store","yourcelebritymagazines.com"],"urlFilter":"||omnisnippet1.com^"},"id":93,"priority":10},
{"action":{"type":"block"},"condition":{"urlFilter":"||arsenalinsider.com/subscribe/"},"id":94,"priority":10},
{"action":{"type":"block"},"condition":{"urlFilter":"||artdaily.cc/subscribe.html"},"id":95,"priority":10},
{"action":{"type":"block"},"condition":{"initiatorDomains":["grist.org","prospect.org"],"urlFilter":"||wisepops.com^"},"id":96,"priority":10},
{"action":{"type":"block"},"condition":{"urlFilter":"||chan.sankakucomplex.com/javascripts/sp/s-new.js"},"id":97,"priority":10},
{"action":{"type":"block"},"condition":{"urlFilter":"||chemistwarehouse.com.au/edm_collector.html"},"id":98,"priority":10},
{"action":{"type":"block"},"condition":{"urlFilter":"||dw.com/webapi/iframes/widget/"},"id":99,"priority":10},
{"action":{"type":"block"},"condition":{"urlFilter":"||ewnews.com/wp-content/themes/dw-focus/newsletter.png"},"id":100,"priority":10},
{"action":{"redirect":{"extensionPath":"/web_accessible_resources/noop.js"},"type":"redirect"},"condition":{"initiatorDomains":["teknixstuff.com"],"resourceTypes":["script"],"urlFilter":"||cdn.carbonads.com^"},"id":101,"priority":11},
{"action":{"type":"block"},"condition":{"initiatorDomains":["insidethemagic.net"],"urlFilter":"||app.viralsweep.com^"},"id":102,"priority":10},
{"action":{"type":"block"},"condition":{"initiatorDomains":["marktechpost.com"],"urlFilter":"||beehiiv.com^"},"id":103,"priority":10},
{"action":{"type":"block"},"condition":{"urlFilter":"||hartmannreport.com/embed"},"id":104,"priority":10},
{"action":{"type":"block"},"condition":{"initiatorDomains":["peopleofcolorintech.com"],"urlFilter":"||herokuapp.com/email"},"id":105,"priority":10},
{"action":{"type":"block"},"condition":{"urlFilter":"||indiatimes.com/subscriptionhomepage.cms"},"id":106,"priority":10},
{"action":{"type":"block"},"condition":{"urlFilter":"||insidesources.com/wp-content/themes/insidesources/js/jquery.fancybox.js"},"id":107,"priority":10},
{"action":{"type":"block"},"condition":{"urlFilter":"||irishstar.com/newsletter-preference-centre"},"id":108,"priority":10},
{"action":{"type":"block"},"condition":{"urlFilter":"||nscreenmedia.com/wp-content/uploads/subscribe-nscreen-newsletter.jpg"},"id":109,"priority":10},
{"action":{"type":"block"},"condition":{"initiatorDomains":["stacker.com"],"urlFilter":"||form.flodesk.com^"},"id":110,"priority":10},
{"action":{"type":"block"},"condition":{"initiatorDomains":["premierchristian.news"],"urlFilter":"||form.jotform.com^"},"id":111,"priority":10},
{"action":{"type":"block"},"condition":{"initiatorDomains":["thefire.org"],"urlFilter":"||p2a.co/embed/widget/app/"},"id":112,"priority":10},
{"action":{"type":"block"},"condition":{"initiatorDomains":["12tomatoes.com"],"urlFilter":"||forms-content.sg-form.com^"},"id":113,"priority":10},
{"action":{"type":"block"},"condition":{"urlFilter":"||researchnews.cc/subscribe.html"},"id":114,"priority":10},
{"action":{"type":"block"},"condition":{"urlFilter":"||scmp.com/misc/inkstone_sub_widget/"},"id":115,"priority":10},
{"action":{"type":"block"},"condition":{"initiatorDomains":["jm-madeira.pt","leptidigital.fr","maidenhead-advertiser.co.uk","sloughexpress.co.uk"],"urlFilter":"||sibforms.com/serve/"},"id":116,"priority":10},
{"action":{"type":"block"},"condition":{"urlFilter":"||thejewishstar.com/images/enews-ad.png"},"id":117,"priority":10},
{"action":{"type":"block"},"condition":{"initiatorDomains":["denverite.com"],"urlFilter":"||widgets.cpr.org/embeds/"},"id":118,"priority":10},
{"action":{"type":"block"},"condition":{"urlFilter":"||waterfordwhispersnews.com/wp-content/themes/therex-child/js/_newsletter-article-signup.js"},"id":119,"priority":10},
{"action":{"type":"block"},"condition":{"initiatorDomains":["thetruthaboutguns.com"],"urlFilter":"||forms.aweber.com^"},"id":120,"priority":10},
{"action":{"type":"block"},"condition":{"urlFilter":"||ibspot.com/klaviyo_form"},"id":121,"priority":10},
{"action":{"type":"block"},"condition":{"urlFilter":"||dagelijksestandaard.nl^*/ddsnieuwsbrief.jpg"},"id":122,"priority":10},
{"action":{"type":"block"},"condition":{"urlFilter":"||quechoisir.org/push/"},"id":123,"priority":10},
{"action":{"type":"block"},"condition":{"urlFilter":"||rtl.be^*/box-newsletters.js"},"id":124,"priority":10},
{"action":{"type":"block"},"condition":{"urlFilter":"||link.sportal.blikk.hu/join/"},"id":125,"priority":10},
{"action":{"type":"block"},"condition":{"urlFilter":"||electricfencing.co.uk/prnewsletterpopup/"},"id":126,"priority":10},
{"action":{"type":"block"},"condition":{"urlFilter":"||nikkei.com/edit/topic/briefing_newsletter_"},"id":127,"priority":10},
{"action":{"type":"block"},"condition":{"urlFilter":"||latercera.com/newsletters/"},"id":128,"priority":10},
{"action":{"type":"block"},"condition":{"urlFilter":"||currenttime.tv/a/signup-sidebar-widget/"},"id":129,"priority":10},
{"action":{"type":"block"},"condition":{"urlFilter":"||revistaforum.com.br/a/plantillas/p/revista-forum/form-mailchimp.html"},"id":130,"priority":10},
{"action":{"type":"block"},"condition":{"excludedResourceTypes":["main_frame","stylesheet"],"urlFilter":"/wp-content/plugins/simple-adblock-notice/"},"id":131,"priority":10},
{"action":{"type":"block"},"condition":{"requestDomains":["algosit.com","bbc7dcd54670499dbd3ba50c33600830.pages.ubembed.com","data.reachplc.com","embeds.beehiiv.com","f.convertkit.com","gn-flagpoles.api.bbci.co.uk","newsletter.beautydea.it","ping.contactpigeon.com","subscription-forms.smsbump.com","wheelioapp.azureedge.net","widget.smsinfo.io"]},"id":132,"priority":10},
{"action":{"type":"block"},"condition":{"urlFilter":"/wp-content/plugins/christmasify/"},"id":133,"priority":10},
{"action":{"type":"block"},"condition":{"urlFilter":"/wp-content/plugins/wp-content-copy-protection/"},"id":134,"priority":10},
{"action":{"type":"block"},"condition":{"urlFilter":"||athletic.net/css/signedoutblur"},"id":135,"priority":10},
{"action":{"type":"block"},"condition":{"urlFilter":"/emma-content-aggregates-prd."},"id":136,"priority":10},
{"action":{"type":"block"},"condition":{"urlFilter":"||emeraldchat.com/user_is_temp"},"id":137,"priority":10},
{"action":{"type":"block"},"condition":{"initiatorDomains":["yourcelebritymagazines.com"],"urlFilter":"||omniform1.com^"},"id":138,"priority":10},
{"action":{"type":"block"},"condition":{"urlFilter":"/wp-content/plugins/content-protector-pack/"},"id":139,"priority":10},
{"action":{"type":"block"},"condition":{"urlFilter":"||jootc.com/wp-content/plugins/wccp-pro/"},"id":140,"priority":10},
{"action":{"type":"block"},"condition":{"initiatorDomains":["javboys.com"],"urlFilter":"||googleapis.com/loadermain.appspot.com/main.js"},"id":141,"priority":10},
{"action":{"type":"block"},"condition":{"urlFilter":"||4399.com/antijs/antiindulgence.js"},"id":142,"priority":10},
{"action":{"type":"block"},"condition":{"urlFilter":"||hm.baidu.com/hm.js"},"id":143,"priority":10},
{"action":{"type":"block"},"condition":{"urlFilter":"/wp-content/plugins/smio-push-notification"},"id":144,"priority":10},
{"action":{"type":"block"},"condition":{"urlFilter":"||vumoo.vip/js/safe.ob.min.js"},"id":145,"priority":10},
{"action":{"type":"block"},"condition":{"urlFilter":"||utilapi.geeksforgeeks.org/api/geo/usergeodetails/"},"id":146,"priority":10},
{"action":{"type":"block"},"condition":{"urlFilter":"||static.socialminer.com/mastertag/tray/common.js"},"id":147,"priority":10},
{"action":{"type":"block"},"condition":{"urlFilter":"||awebstories.com/wp-content/plugins/secure-copy-content-protection^"},"id":148,"priority":10},
{"action":{"type":"block"},"condition":{"urlFilter":"||hbzb111.com/api/advert/"},"id":149,"priority":10},
{"action":{"type":"block"},"condition":{"initiatorDomains":["dailyprincetonian.com"],"urlFilter":"||blink.net/iframe.html"},"id":150,"priority":10},
{"action":{"type":"block"},"condition":{"urlFilter":"||droetker.*/static/js/privacy-dialog/"},"id":151,"priority":10},
{"action":{"type":"block"},"condition":{"domainType":"thirdParty","requestDomains":["api.pico.tools","app.avada.io","confirmsubscription.com","copypoison.com","ext.spinwheelapp.com","faves.grow.me","holyclock.com","ipzmarketing.com","maillist-manage.com","optinly.net","popupsmart.com","sender.net","sendlane.com","shomershabes.co.il","shomershabes.com","smarthint.co","spinasale.com","targetbay.com","yourmarketingemail.com"]},"id":152,"priority":10},
{"action":{"type":"block"},"condition":{"urlFilter":"||phimlongtieng.net/js/devtool.js"},"id":153,"priority":10},
{"action":{"type":"block"},"condition":{"urlFilter":"||phimlongtieng.net/templates/themes/phim/js/antihtml.js"},"id":154,"priority":10},
{"action":{"type":"block"},"condition":{"urlFilter":"||javhoho.com/wp-content/uploads/*/upgrade-premium-"},"id":155,"priority":10},
{"action":{"type":"block"},"condition":{"urlFilter":"||up4stream.com/js/devtools-detector.js"},"id":156,"priority":10},
{"action":{"type":"block"},"condition":{"urlFilter":"||jsdelivr.net/npm/ad-compass@latest/dist/ad-compass.umd.js"},"id":157,"priority":10},
{"action":{"type":"block"},"condition":{"initiatorDomains":["allcryptoz.net","crewbase.net","crewus.net","shinbhu.net","shinchu.net","topcryptoz.net","ultraten.net","uniqueten.net"],"resourceTypes":["script"],"urlFilter":"/block-keys.js"},"id":158,"priority":40},
{"action":{"type":"block"},"condition":{"urlFilter":"||cined.com/content/plugins/abss-adblock"},"id":159,"priority":10},
{"action":{"type":"block"},"condition":{"initiatorDomains":["foreignpolicy.com"],"urlFilter":"||lightboxcdn.com^"},"id":160,"priority":10},
{"action":{"type":"block"},"condition":{"resourceTypes":["stylesheet"],"urlFilter":"||unic.com.vn/css/chongcopy.css"},"id":161,"priority":10},
{"action":{"type":"block"},"condition":{"resourceTypes":["image"],"urlFilter":"||oggiscuola.com/*/banner"},"id":162,"priority":10},
{"action":{"type":"block"},"condition":{"initiatorDomains":["runningnews.gr"],"resourceTypes":["image"],"urlFilter":".gif"},"id":163,"priority":10},
{"action":{"type":"block"},"condition":{"resourceTypes":["image"],"urlFilter":"||coffeeforums.co.uk/banners/"},"id":164,"priority":10},
{"action":{"type":"block"},"condition":{"resourceTypes":["image"],"urlFilter":"||vedbex.com/*banners"},"id":165,"priority":10},
{"action":{"type":"block"},"condition":{"resourceTypes":["image"],"urlFilter":"||vedbex.com/*/sponsers"},"id":166,"priority":10},
{"action":{"type":"block"},"condition":{"resourceTypes":["image"],"urlFilter":"||uta-net.com/reverse/user/phplib/img/1pix.gif"},"id":167,"priority":10},
{"action":{"type":"block"},"condition":{"resourceTypes":["image"],"urlFilter":"||phrasemix.com/assets/new_"},"id":168,"priority":10},
{"action":{"type":"block"},"condition":{"resourceTypes":["image"],"urlFilter":"||foreignaffairs.com^*/newsletter-overlay"},"id":169,"priority":10},
{"action":{"type":"block"},"condition":{"resourceTypes":["image"],"urlFilter":"||gomovies-online.*/addons/*.gif"},"id":170,"priority":10},
{"action":{"type":"block"},"condition":{"resourceTypes":["image"],"urlFilter":"||samfw.com/assets/*.gif"},"id":171,"priority":10},
{"action":{"type":"block"},"condition":{"initiatorDomains":["ruralking.com"],"resourceTypes":["script"],"urlFilter":"||listrakbi.com^"},"id":172,"priority":10},
{"action":{"type":"block"},"condition":{"initiatorDomains":["ninjakitchen.com"],"resourceTypes":["script"],"urlFilter":"||listrakbi.com/scripts/"},"id":174,"priority":10},
{"action":{"type":"block"},"condition":{"initiatorDomains":["uol.com.br"],"resourceTypes":["script"],"urlFilter":"/lib.ucopy/ucopy.js"},"id":175,"priority":10},
{"action":{"type":"block"},"condition":{"resourceTypes":["script"],"urlFilter":"||adsrt.com/assets/js/particles.min.js"},"id":176,"priority":10},
{"action":{"type":"block"},"condition":{"initiatorDomains":["deadline.com"],"resourceTypes":["script"],"urlFilter":"||wp.com/wp-content/themes/vip/pmc-plugins/"},"id":177,"priority":10},
{"action":{"type":"block"},"condition":{"initiatorDomains":["travelchannel.com"],"resourceTypes":["script"],"urlFilter":"||code.adsales.snidigital.com/lib/*/sni-ads.min.js"},"id":178,"priority":10},
{"action":{"type":"block"},"condition":{"initiatorDomains":["stilldrinking.org"],"resourceTypes":["script"],"urlFilter":"||chimpstatic.com/mcjs-connected/"},"id":179,"priority":10},
{"action":{"type":"block"},"condition":{"excludedInitiatorDomains":["tomshw.it"],"resourceTypes":["script"],"urlFilter":"/bioep.js"},"id":180,"priority":10},
{"action":{"type":"block"},"condition":{"initiatorDomains":["foxnews.com"],"resourceTypes":["script"],"urlFilter":"/google-funding-choices.js"},"id":181,"priority":10},
{"action":{"redirect":{"extensionPath":"/web_accessible_resources/1x1.gif"},"type":"redirect"},"condition":{"initiatorDomains":["diep.io","tpc.googlesyndication.com"],"resourceTypes":["image"],"urlFilter":"||cm.g.doubleclick.net/pixel"},"id":182,"priority":11},
{"action":{"type":"block"},"condition":{"resourceTypes":["script"],"urlFilter":"/wp-content/plugins/secure-copy-content-protection/"},"id":183,"priority":10},
{"action":{"type":"block"},"condition":{"initiatorDomains":["hulnews.top"],"resourceTypes":["script"],"urlFilter":"||files.vi.zone/player/"},"id":184,"priority":10},
{"action":{"type":"block"},"condition":{"resourceTypes":["script"],"urlFilter":"/wp-content/plugins/image-watermark/"},"id":185,"priority":10},
{"action":{"type":"block"},"condition":{"resourceTypes":["script"],"urlFilter":"/wp-content/plugins/ungrabber/js/"},"id":186,"priority":10},
{"action":{"type":"block"},"condition":{"initiatorDomains":["denofgeek.com"],"resourceTypes":["script"],"urlFilter":"||d3fkv551xkjrmm.cloudfront.net/js/detection.js"},"id":187,"priority":10},
{"action":{"type":"block"},"condition":{"resourceTypes":["script"],"urlFilter":"||thresholdforum.s3.us-east-2.amazonaws.com/arn:aws:s3:::thresholdforum/javascript_adblockdetector/"},"id":188,"priority":10},
{"action":{"type":"block"},"condition":{"initiatorDomains":["closeload.com"],"resourceTypes":["script"],"urlFilter":"/dev-console-detect.js"},"id":189,"priority":10},
{"action":{"type":"block"},"condition":{"resourceTypes":["script"],"urlFilter":"/wp-content/plugins/wp-extra/js/copy.min.js"},"id":190,"priority":10},
{"action":{"type":"block"},"condition":{"resourceTypes":["script"],"urlFilter":"/wp-content/plugins/t42-content-protector/js/protector.min.js"},"id":191,"priority":10},
{"action":{"type":"block"},"condition":{"resourceTypes":["script"],"urlFilter":"/wp-content/plugins/content-copy-protection-disable-right-click/"},"id":192,"priority":10},
{"action":{"type":"block"},"condition":{"initiatorDomains":["yourgamingshop.com"],"resourceTypes":["script"],"urlFilter":"||vaultcdn.electricapps.net/lib/jquery-ui-min.js"},"id":193,"priority":10},
{"action":{"type":"block"},"condition":{"resourceTypes":["script"],"urlFilter":"||player.cnevids.com/interlude/gq*&rightrail=true"},"id":194,"priority":10},
{"action":{"type":"block"},"condition":{"resourceTypes":["script"],"urlFilter":"||icelz.to/tv/global-devtools-blocker.js"},"id":195,"priority":10},
{"action":{"type":"block"},"condition":{"resourceTypes":["script"],"urlFilter":"/js/content-protector.min.js"},"id":196,"priority":10},
{"action":{"type":"block"},"condition":{"resourceTypes":["script"],"urlFilter":"||dbx.molystream.org/assets/s.js"},"id":197,"priority":10},
{"action":{"type":"block"},"condition":{"resourceTypes":["script"],"urlFilter":"||9animetv.to/js/safe.ob.min.js"},"id":198,"priority":10},
{"action":{"type":"block"},"condition":{"urlFilter":"||naturalhomes.org/img/adblock.gif"},"id":199,"priority":10},
{"action":{"type":"block"},"condition":{"resourceTypes":["script"],"urlFilter":"||hentaihd.cyou/assets/js/devtools-detector.js"},"id":200,"priority":10},
{"action":{"redirect":{"extensionPath":"/web_accessible_resources/1x1.gif"},"type":"redirect"},"condition":{"initiatorDomains":["diep.io","tpc.googlesyndication.com"],"resourceTypes":["image"],"urlFilter":"||tpc.googlesyndication.com/pagead/images/x_button_blue2.svg"},"id":201,"priority":11},
{"action":{"redirect":{"extensionPath":"/web_accessible_resources/noop.js"},"type":"redirect"},"condition":{"requestDomains":["ads.proboards.com","bidfilter.com"],"resourceTypes":["script"]},"id":202,"priority":11},
{"action":{"type":"block"},"condition":{"resourceTypes":["script"],"urlFilter":"||unic.com.vn/js/disable-copy.js"},"id":203,"priority":10},
{"action":{"type":"block"},"condition":{"resourceTypes":["script"],"urlFilter":"||ohli365.vip/js/apms.db.js"},"id":204,"priority":10},
{"action":{"type":"block"},"condition":{"resourceTypes":["script"],"urlFilter":"||businessworld.in/assets/custom/custom.js"},"id":205,"priority":10},
{"action":{"type":"block"},"condition":{"resourceTypes":["script"],"urlFilter":"/wp-content/plugins/wpshield-content-protector/dist/app.min.js"},"id":206,"priority":10},
{"action":{"type":"block"},"condition":{"resourceTypes":["xmlhttprequest"],"urlFilter":"||blink.net/json/"},"id":207,"priority":10},
{"action":{"type":"allow"},"condition":{"initiatorDomains":["anisearch.com"],"resourceTypes":["script","xmlhttprequest"],"urlFilter":"||cdn.privacy-mgmt.com^"},"id":208,"priority":30},
{"action":{"type":"block"},"condition":{"resourceTypes":["sub_frame"],"urlFilter":"||justone.ai/embed/csd.html"},"id":209,"priority":10},
{"action":{"type":"block"},"condition":{"resourceTypes":["sub_frame"],"urlFilter":"||sixriversmedia.com/gfembed/"},"id":210,"priority":10},
{"action":{"type":"block"},"condition":{"resourceTypes":["sub_frame"],"urlFilter":"||news.atptour.com/p/"},"id":211,"priority":10},
{"action":{"type":"block"},"condition":{"resourceTypes":["sub_frame"],"urlFilter":"||anisearch.com/*?p=1|"},"id":212,"priority":10},
{"action":{"type":"allow"},"condition":{"initiatorDomains":["cheatnetwork.eu"],"resourceTypes":["script"],"urlFilter":"||googlesyndication.com^"},"id":213,"priority":30},
{"action":{"type":"block"},"condition":{"initiatorDomains":["app.simpleclub.com"],"requestDomains":["cdn.jwplayer.com","videos-cloudfront.jwpsrv.com"],"resourceTypes":["media"]},"id":214,"priority":10},
{"action":{"type":"block"},"condition":{"resourceTypes":["script"],"urlFilter":"||astro-datamation.pages.dev/_astro/cardnewslettersubscribe."},"id":215,"priority":10},
{"action":{"redirect":{"extensionPath":"/web_accessible_resources/googlesyndication_adsbygoogle.js"},"type":"redirect"},"condition":{"initiatorDomains":["hotcleaner.com","mifirm.net"],"resourceTypes":["script"],"urlFilter":"||pagead2.googlesyndication.com/pagead/js/adsbygoogle.js"},"id":216,"priority":11},
{"action":{"type":"block"},"condition":{"domainType":"firstParty","resourceTypes":["script","stylesheet"],"urlFilter":"/wp-content/plugins/disabled-source-disabled-right-click-and-content-protection/"},"id":217,"priority":10},
{"action":{"type":"block"},"condition":{"domainType":"firstParty","resourceTypes":["stylesheet"],"urlFilter":".secure-copy-content-protection-public.css^"},"id":218,"priority":10},
{"action":{"type":"block"},"condition":{"domainType":"firstParty","resourceTypes":["image"],"urlFilter":"||navcomic.com/wp-content/uploads/*/ad-blocking.gif"},"id":219,"priority":10},
{"action":{"type":"block"},"condition":{"domainType":"firstParty","resourceTypes":["image"],"urlFilter":"||maskmagazine.com/assets/substrate.png"},"id":220,"priority":10},
{"action":{"type":"block"},"condition":{"domainType":"firstParty","resourceTypes":["image"],"urlFilter":"||photopea.com/img/pp_wide.png^"},"id":221,"priority":10},
{"action":{"type":"block"},"condition":{"domainType":"firstParty","resourceTypes":["image"],"urlFilter":"||photopea.com/img/pp_tall.png^"},"id":222,"priority":10},
{"action":{"type":"block"},"condition":{"domainType":"firstParty","resourceTypes":["script"],"urlFilter":"||tours.fr/include/js/taganalyticscnil.php"},"id":223,"priority":10},
{"action":{"type":"block"},"condition":{"domainType":"firstParty","resourceTypes":["script"],"urlFilter":"||emeraldchat.com/sw.js"},"id":224,"priority":10},
{"action":{"type":"block"},"condition":{"domainType":"firstParty","resourceTypes":["script"],"urlFilter":"/wp-content/plugins/rcd-right-click-disabler/"},"id":225,"priority":10},
{"action":{"type":"block"},"condition":{"domainType":"firstParty","resourceTypes":["script"],"urlFilter":"||gmod-servers.com/assets/js/jquery.adblock-detector.js"},"id":226,"priority":10},
{"action":{"type":"block"},"condition":{"domainType":"firstParty","resourceTypes":["script"],"urlFilter":"/wp-content/plugins/append-link-on-copy/js/append_link.js"},"id":227,"priority":10},
{"action":{"type":"block"},"condition":{"domainType":"firstParty","resourceTypes":["script"],"urlFilter":"||jianbiaoku.com/content/js/copyfun.js"},"id":228,"priority":10},
{"action":{"type":"block"},"condition":{"domainType":"firstParty","resourceTypes":["script"],"urlFilter":"||digital.elmercurio.com/assets/js/detectprivatemode.js"},"id":229,"priority":10},
{"action":{"type":"block"},"condition":{"domainType":"firstParty","resourceTypes":["script"],"urlFilter":"/wp-content/themes/*/public/js/detect-adblock.js"},"id":230,"priority":10},
{"action":{"type":"block"},"condition":{"domainType":"firstParty","resourceTypes":["script"],"urlFilter":"||discovervalids.com/assets-new/js/block.js"},"id":231,"priority":10},
{"action":{"type":"block"},"condition":{"domainType":"firstParty","resourceTypes":["script"],"urlFilter":"||profreehost.com/includes/js/custombottom.js"},"id":232,"priority":10},
{"action":{"type":"block"},"condition":{"domainType":"firstParty","resourceTypes":["script"],"urlFilter":"||cool-etv.net/ch/suppy.js"},"id":233,"priority":10},
{"action":{"type":"block"},"condition":{"domainType":"firstParty","resourceTypes":["script"],"urlFilter":"/wp-content/themes/linhminazmovies/assets/js/dev.js"},"id":234,"priority":10},
{"action":{"type":"block"},"condition":{"domainType":"firstParty","resourceTypes":["script"],"urlFilter":"||hackthebox.com/build/assets/just-detect-adblock-"},"id":235,"priority":10},
{"action":{"type":"block"},"condition":{"domainType":"firstParty","resourceTypes":["script"],"urlFilter":"||send.cm/static/js/engine.js"},"id":236,"priority":10},
{"action":{"type":"block"},"condition":{"domainType":"firstParty","resourceTypes":["script"],"urlFilter":"||bhplay.me/player/assets/devtools-detector/"},"id":237,"priority":10},
{"action":{"type":"block"},"condition":{"domainType":"firstParty","resourceTypes":["script"],"urlFilter":"||web.archive.org/web/*/http://rpc.blogrolling.com/display.php?r="},"id":238,"priority":10},
{"action":{"type":"block"},"condition":{"domainType":"firstParty","resourceTypes":["script"],"urlFilter":"||manoramaonline.com/content/*/evlok/ev-dab/*/ev-dab.min.js"},"id":239,"priority":10},
{"action":{"type":"block"},"condition":{"domainType":"firstParty","resourceTypes":["script"],"urlFilter":"||jetv.xyz/assets/js/devtools-detector.js"},"id":240,"priority":10},
{"action":{"type":"block"},"condition":{"domainType":"firstParty","resourceTypes":["script"],"urlFilter":"||indahonline.com/js/disable-devtool.js"},"id":241,"priority":10},
{"action":{"type":"block"},"condition":{"domainType":"firstParty","resourceTypes":["script"],"urlFilter":"||vyvymanga.net/web/js/devtools-detector.js"},"id":242,"priority":10},
{"action":{"type":"block"},"condition":{"domainType":"firstParty","resourceTypes":["xmlhttprequest"],"urlFilter":"||manoramaonline.com/acd/api/3.0/authorize/json?"},"id":243,"priority":10},
{"action":{"type":"block"},"condition":{"resourceTypes":["xmlhttprequest"],"urlFilter":"||subscriptions.cbc.ca^"},"id":244,"priority":10},
{"action":{"type":"block"},"condition":{"domainType":"firstParty","resourceTypes":["sub_frame"],"urlFilter":"||dl.gmx.*/uim/connector/live/v2/nonfriendlyiframe.html"},"id":245,"priority":10},
{"action":{"type":"block"},"condition":{"urlFilter":"||abstream.to/js/devtools-detector*.js"},"id":246,"priority":10},
{"action":{"type":"block"},"condition":{"domainType":"thirdParty","initiatorDomains":["wetransfer.com"],"urlFilter":"||wetransfer.net/*/adblocker"},"id":247,"priority":10},
{"action":{"type":"block"},"condition":{"domainType":"thirdParty","resourceTypes":["script"],"urlFilter":"||downloads.mailchimp.com/js/signup-forms/popup/unique-methods/embed.js"},"id":248,"priority":10},
{"action":{"type":"block"},"condition":{"domainType":"thirdParty","resourceTypes":["script"],"urlFilter":"||lightboxcdn.com/vendor/"},"id":249,"priority":10},
{"action":{"type":"block"},"condition":{"domainType":"thirdParty","resourceTypes":["script"],"urlFilter":"||rogersmedia.com/utilityx.js^"},"id":250,"priority":10},
{"action":{"type":"block"},"condition":{"domainType":"thirdParty","resourceTypes":["script"],"urlFilter":"||static.wikia.nocookie.net/silversurfer/prod/latest/agegateunit-pathfinder.js^"},"id":251,"priority":10},
{"action":{"type":"block"},"condition":{"resourceTypes":["image"],"urlFilter":"||pokeos.com/pokeos-uploads/ads/adblock/"},"id":252,"priority":10},
{"action":{"type":"block"},"condition":{"domainType":"thirdParty","initiatorDomains":["rubystm.com","rubyvid.com"],"resourceTypes":["script"],"urlFilter":"/js/devtools-detector.js^"},"id":253,"priority":10},
{"action":{"type":"block"},"condition":{"resourceTypes":["sub_frame"],"urlFilter":"||p.ynet.co.il^"},"id":254,"priority":10},
{"action":{"type":"block"},"condition":{"domainType":"thirdParty","initiatorDomains":["humanbenchmark.com"],"resourceTypes":["script"]},"id":255,"priority":10},
{"action":{"type":"block"},"condition":{"domainType":"thirdParty","requestDomains":["joinsubtext.com","sample.dragonforms.com"],"resourceTypes":["sub_frame"]},"id":256,"priority":10},
{"action":{"type":"block"},"condition":{"domainType":"thirdParty","resourceTypes":["sub_frame"],"urlFilter":"||secondstreetapp.com/embed/"},"id":257,"priority":10},
{"action":{"type":"block"},"condition":{"resourceTypes":["script"],"urlFilter":"||redditstatic.com/shreddit/*/xpromo-untagged-content-blocking-modal-"},"id":258,"priority":10},
{"action":{"type":"allow"},"condition":{"urlFilter":"||list-manage.com/subscribe/post-json?"},"id":259,"priority":30},
{"action":{"type":"block"},"condition":{"domainType":"firstParty","urlFilter":"||mms.cnn.com^"},"id":260,"priority":10},
{"action":{"type":"allow"},"condition":{"initiatorDomains":["free-scores.com"],"resourceTypes":["image"],"urlFilter":"||pagead2.googlesyndication.com/pagead/"},"id":261,"priority":30},
{"action":{"type":"allow"},"condition":{"resourceTypes":["script"],"urlFilter":"||el-vidas.nl^*/phpcuong_newsletter/"},"id":262,"priority":30},
{"action":{"type":"allow"},"condition":{"initiatorDomains":["rydercup.com"],"resourceTypes":["script"],"urlFilter":"||lightboxcdn.com/vendor/"},"id":263,"priority":30},
{"action":{"type":"allow"},"condition":{"initiatorDomains":["escapistmagazine.com"],"resourceTypes":["script"],"urlFilter":"||pico.tools/load/build.js"},"id":264,"priority":30},
{"action":{"responseHeaders":[{"header":"content-security-policy","operation":"append","value":"script-src *"}],"type":"modifyHeaders"},"condition":{"requestDomains":["gaypornmasters.com","gaypornwave.com"],"resourceTypes":["main_frame","sub_frame"]},"id":265},
{"action":{"type":"allow"},"condition":{"initiatorDomains":["starblast.io"],"resourceTypes":["script"],"urlFilter":"||cdnjs.cloudflare.com/ajax/libs/blockadblock/*/blockadblock.min.js"},"id":266,"priority":30},
{"action":{"type":"block"},"condition":{"domainType":"firstParty","resourceTypes":["sub_frame"],"urlFilter":"||prod.theintercept.com^"},"id":267,"priority":10},
{"action":{"type":"allow"},"condition":{"initiatorDomains":["curvefever.pro"],"resourceTypes":["script"],"urlFilter":"||api.adinplay.com/libs/aiptag/pub/crf/curvefever.pro/tag.min.js"},"id":268,"priority":30},
{"action":{"type":"block"},"condition":{"urlFilter":"||ip.sb/assets/js/wwads_blocked.js"},"id":269,"priority":10},
{"action":{"type":"allow"},"condition":{"initiatorDomains":["woomy-site.glitch.me","yellowbridge.com"],"resourceTypes":["script"],"urlFilter":"||pagead2.googlesyndication.com/pagead/js/adsbygoogle.js"},"id":270,"priority":30},
{"action":{"type":"allow"},"condition":{"initiatorDomains":["maxroll.gg"],"resourceTypes":["xmlhttprequest"],"urlFilter":"||s.nitropay.com/n.svg"},"id":271,"priority":30},
{"action":{"type":"allow"},"condition":{"domainType":"firstParty","urlFilter":"||e24.no/cnp-assets/components-newsletterwidget."},"id":272,"priority":30},
{"action":{"type":"allow"},"condition":{"domainType":"firstParty","urlFilter":"||radioline.co/*/ad"},"id":273,"priority":30},
{"action":{"type":"allow"},"condition":{"domainType":"firstParty","resourceTypes":["image"],"urlFilter":"||merryjane.com/static/images/ads.png^"},"id":274,"priority":30},
{"action":{"type":"allow"},"condition":{"domainType":"firstParty","resourceTypes":["script"],"urlFilter":"||lumingerie.com/min/"},"id":275,"priority":30},
{"action":{"type":"allow"},"condition":{"domainType":"firstParty","resourceTypes":["script"],"urlFilter":"||tedox.de/*/js/footer.js"},"id":276,"priority":30},
{"action":{"type":"allow"},"condition":{"domainType":"firstParty","resourceTypes":["script"],"urlFilter":"||readonepiece.com/wp-content/"},"id":277,"priority":30},
{"action":{"type":"allow"},"condition":{"domainType":"firstParty","resourceTypes":["script"],"urlFilter":"||receivesmsonline.net/ads.js"},"id":278,"priority":30},
{"action":{"type":"allow"},"condition":{"domainType":"firstParty","resourceTypes":["script"],"urlFilter":"||fangraphs.com/dfp.js"},"id":279,"priority":30},
{"action":{"type":"block"},"condition":{"domainType":"thirdParty","resourceTypes":["script"],"urlFilter":"||sparkloop.app^"},"id":280,"priority":10},
{"action":{"responseHeaders":[{"header":"content-security-policy","operation":"append","value":"script-src * 'unsafe-inline'"}],"type":"modifyHeaders"},"condition":{"requestDomains":["quicasting.it","sysnettechsolutions.com"],"resourceTypes":["main_frame","sub_frame"]},"id":281},
{"action":{"type":"allow"},"condition":{"domainType":"firstParty","resourceTypes":["xmlhttprequest"],"urlFilter":"||kunststoffe.de/ads_tracking.js"},"id":282,"priority":30},
{"action":{"type":"allow"},"condition":{"domainType":"firstParty","resourceTypes":["xmlhttprequest"],"urlFilter":"||luckydesigner.space/adview_"},"id":283,"priority":30},
{"action":{"type":"block"},"condition":{"initiatorDomains":["asumanaksoy.com","blsplayer.com","comedyshow.to","daftmovie.xyz","freshlifecircle.com","superembeds.com"],"resourceTypes":["script"],"urlFilter":"||cdn.jsdelivr.net/npm/devtools-detector"},"id":284,"priority":10},
{"action":{"type":"block"},"condition":{"domainType":"firstParty","resourceTypes":["script"],"urlFilter":"||thedarkblues.co.uk/applications/adsense/interface/js/adbd.js^"},"id":285,"priority":10},
{"action":{"type":"allow"},"condition":{"domainType":"firstParty","requestDomains":["bigten.org","cheatnetwork.eu","hbstack.dev","sheffieldforum.co.uk"],"resourceTypes":["xmlhttprequest"]},"id":286,"priority":30},
{"action":{"type":"allow"},"condition":{"domainType":"firstParty","resourceTypes":["script"],"urlFilter":"||ads.twitcasting.tv/js/env_test/ads.js"},"id":287,"priority":30},
{"action":{"type":"block"},"condition":{"urlFilter":"||media.cm/dev.js"},"id":288,"priority":10},
{"action":{"type":"block"},"condition":{"domainType":"firstParty","resourceTypes":["script"],"urlFilter":"||assets.t3n.de/t3n-de/assets/t3n/2018/scripts/abdtn-"},"id":289,"priority":10},
{"action":{"type":"block"},"condition":{"domainType":"firstParty","initiatorDomains":["nintendolife.com","purexbox.com","pushsquare.com","timeextension.com"],"resourceTypes":["sub_frame"],"urlFilter":"||images."},"id":290,"priority":10},
{"action":{"type":"block"},"condition":{"domainType":"firstParty","resourceTypes":["script"],"urlFilter":"/copyprevention.js^"},"id":291,"priority":10},
{"action":{"redirect":{"extensionPath":"/web_accessible_resources/noop.js"},"type":"redirect"},"condition":{"initiatorDomains":["files2zip.com"],"resourceTypes":["script"],"urlFilter":"||pagead2.googlesyndication.com/pagead/js/adsbygoogle.js"},"id":292,"priority":11},
{"action":{"type":"block"},"condition":{"resourceTypes":["script"],"urlFilter":"||redditstatic.com/shreddit/en-us/xpromo-nsfw-bypassable-modal-desktop-"},"id":293,"priority":10},
{"action":{"type":"block"},"condition":{"urlFilter":"||n2olabs.pro/devtool.js"},"id":294,"priority":10},
{"action":{"type":"block"},"condition":{"urlFilter":"||jsdelivr.net/npm/disable-devtool@latest/disable-devtool.min.js"},"id":295,"priority":10},
{"action":{"type":"block"},"condition":{"urlFilter":"||404le.com/js/disable-devtool.min.js"},"id":296,"priority":10},
{"action":{"type":"allow"},"condition":{"domainType":"firstParty","requestDomains":["autoweek.nl","cheatnetwork.eu","hbstack.dev","pokemonsleep.club","time.is"],"resourceTypes":["script"]},"id":297,"priority":30},
{"action":{"type":"allow"},"condition":{"resourceTypes":["image"],"urlFilter":"||justtrucks.com.au^"},"id":298,"priority":30},
{"action":{"type":"block"},"condition":{"urlFilter":"||freereadnovel.online/*?wccp_ver_num="},"id":299,"priority":10},
{"action":{"type":"block"},"condition":{"urlFilter":"||onepiecepower.com/spoiler.js"},"id":300,"priority":10},
{"action":{"type":"block"},"condition":{"urlFilter":"||2game.info/ad/failed_ad_view.js"},"id":301,"priority":10},
{"action":{"type":"block"},"condition":{"urlFilter":"/std_newsletter_2017.js"},"id":302,"priority":10},
{"action":{"type":"block"},"condition":{"urlFilter":"||bnamic.com/newsletter-subscription.js"},"id":303,"priority":10},
{"action":{"type":"block"},"condition":{"urlFilter":"||hellointerior.jp/note/wp-content/plugins/wordpress-popup/assets/hustle-ui/js/hustle-ui.min.js"},"id":304,"priority":10},
{"action":{"type":"block"},"condition":{"resourceTypes":["sub_frame"],"urlFilter":"||smartbrief.com/theforecast?"},"id":305,"priority":10},
{"action":{"redirect":{"extensionPath":"/web_accessible_resources/googlesyndication_adsbygoogle.js"},"type":"redirect"},"condition":{"initiatorDomains":["colnect.com"],"resourceTypes":["script"],"urlFilter":"||googlesyndication.com/pagead/js/adsbygoogle.js"},"id":306,"priority":11},
{"action":{"redirect":{"extensionPath":"/web_accessible_resources/noop.js"},"type":"redirect"},"condition":{"initiatorDomains":["ageofconsent.net"],"resourceTypes":["script"],"urlFilter":"||pagead2.googlesyndication.com/pagead/show_ads.js"},"id":307,"priority":11},
{"action":{"redirect":{"extensionPath":"/web_accessible_resources/noop.js"},"type":"redirect"},"condition":{"initiatorDomains":["fancaps.net"],"resourceTypes":["script"],"urlFilter":"||a.pub.network/fancaps-net/pubfig.min.js"},"id":308,"priority":11},
{"action":{"redirect":{"extensionPath":"/web_accessible_resources/noop.js"},"type":"redirect"},"condition":{"initiatorDomains":["sourceb.in"],"resourceTypes":["script"],"urlFilter":"||carbonads.com^"},"id":309,"priority":11},
{"action":{"redirect":{"extensionPath":"/web_accessible_resources/noop.js"},"type":"redirect"},"condition":{"initiatorDomains":["unknowncheats.me"],"resourceTypes":["xmlhttprequest"],"urlFilter":"||googlesyndication.com/pagead/js/adsbygoogle.js"},"id":310,"priority":11},
{"action":{"redirect":{"extensionPath":"/web_accessible_resources/noop.js"},"type":"redirect"},"condition":{"domainType":"thirdParty","initiatorDomains":["asiaflix.net"],"resourceTypes":["script"],"urlFilter":"/invoke.js^"},"id":311,"priority":11},
{"action":{"redirect":{"extensionPath":"/web_accessible_resources/noop.js"},"type":"redirect"},"condition":{"domainType":"thirdParty","initiatorDomains":["concertarchives.org"],"resourceTypes":["script"],"urlFilter":"||pub.network^"},"id":312,"priority":11},
{"action":{"redirect":{"extensionPath":"/web_accessible_resources/noop.txt"},"type":"redirect"},"condition":{"domainType":"firstParty","resourceTypes":["xmlhttprequest"],"urlFilter":"||georgiadogs.com/js/prebid-"},"id":313,"priority":11},
{"action":{"redirect":{"transform":{"queryTransform":{"removeParams":["_r"]}}},"type":"redirect"},"condition":{"requestDomains":["tiktok.com"],"resourceTypes":["main_frame","sub_frame","xmlhttprequest"],"urlFilter":"^_r="},"id":314},
{"action":{"responseHeaders":[{"header":"content-security-policy","operation":"append","value":"style-src 'self' *"}],"type":"modifyHeaders"},"condition":{"resourceTypes":["main_frame","sub_frame"],"urlFilter":"||oggiscuola.com^"},"id":315},
{"action":{"responseHeaders":[{"header":"content-security-policy","operation":"append","value":"style-src *;script-src *"}],"type":"modifyHeaders"},"condition":{"resourceTypes":["main_frame","sub_frame"],"urlFilter":"||digitalsynopsis.com^"},"id":316},
{"action":{"responseHeaders":[{"header":"content-security-policy","operation":"append","value":"script-src * 'unsafe-eval' 'unsafe-inline'"}],"type":"modifyHeaders"},"condition":{"resourceTypes":["main_frame","sub_frame"],"urlFilter":"||articlesmania.me^"},"id":317},
{"action":{"type":"allow"},"condition":{"initiatorDomains":["player.real.gr"],"resourceTypes":["script"],"urlFilter":"||assets.mailerlite.com/js/universal.js"},"id":318,"priority":30},
{"action":{"type":"block"},"condition":{"resourceTypes":["script"],"urlFilter":"||nichepcgamer.com/wp-content/themes/luxeritas/js/dragscroll.min.js"},"id":319,"priority":10},
{"action":{"redirect":{"transform":{"queryTransform":{"removeParams":["_t"]}}},"type":"redirect"},"condition":{"requestDomains":["tiktok.com"],"resourceTypes":["main_frame","sub_frame","xmlhttprequest"],"urlFilter":"^_t="},"id":320}
]
