[
{"action":{"type":"block"},"condition":{"urlFilter":"/1-popupally-pro-code.js"},"id":1,"priority":10},
{"action":{"type":"block"},"condition":{"urlFilter":"/amp-apester-"},"id":2,"priority":10},
{"action":{"type":"block"},"condition":{"excludedResourceTypes":["main_frame","stylesheet"],"urlFilter":"/arscode-ninja-popups/"},"id":3,"priority":10},
{"action":{"type":"block"},"condition":{"urlFilter":"/copy_text.js"},"id":4,"priority":10},
{"action":{"type":"block"},"condition":{"urlFilter":"/cx-scrolldepth.js"},"id":5,"priority":10},
{"action":{"type":"block"},"condition":{"urlFilter":"/dealsaver/widget/"},"id":6,"priority":10},
{"action":{"type":"block"},"condition":{"urlFilter":"/detectincognito.js"},"id":7,"priority":10},
{"action":{"type":"block"},"condition":{"urlFilter":"/dreamgrow-scroll-triggered-box/js/script.js"},"id":8,"priority":10},
{"action":{"type":"block"},"condition":{"urlFilter":"/exitintentpopup.js"},"id":9,"priority":10},
{"action":{"type":"block"},"condition":{"urlFilter":"/fartscroll.js"},"id":10,"priority":10},
{"action":{"type":"block"},"condition":{"urlFilter":"/nrelate_js.min.js"},"id":11,"priority":10},
{"action":{"type":"block"},"condition":{"urlFilter":"/onlineopinionv5/oo_engine.min.js"},"id":12,"priority":10},
{"action":{"type":"block"},"condition":{"urlFilter":"/onlineopinionv5/oo_style.js"},"id":13,"priority":10},
{"action":{"type":"block"},"condition":{"urlFilter":"/opinion8.min.js"},"id":14,"priority":10},
{"action":{"type":"block"},"condition":{"urlFilter":"/opinionlab/oo_style.css"},"id":15,"priority":10},
{"action":{"type":"block"},"condition":{"urlFilter":"/pageautorefresh."},"id":16,"priority":10},
{"action":{"type":"block"},"condition":{"urlFilter":"/plugins/advanced-browser-check/js/script.js"},"id":17,"priority":10},
{"action":{"type":"block"},"condition":{"urlFilter":"/plugins/scroll-triggered-boxes/assets/js/script.min.js"},"id":18,"priority":10},
{"action":{"type":"block"},"condition":{"excludedResourceTypes":["main_frame","stylesheet"],"urlFilter":"/plugins/wordpress-popup/"},"id":19,"priority":10},
{"action":{"type":"block"},"condition":{"urlFilter":"/plugins/wp-emailfeedburnerpop/"},"id":20,"priority":10},
{"action":{"type":"block"},"condition":{"urlFilter":"/plugins/wp-greet-box/js/functions.js"},"id":21,"priority":10},
{"action":{"type":"block"},"condition":{"urlFilter":"/plugins/wp-greet-box/js/js-mode.js"},"id":22,"priority":10},
{"action":{"type":"block"},"condition":{"urlFilter":"/pubexchange.min.js"},"id":23,"priority":10},
{"action":{"type":"block"},"condition":{"urlFilter":"/q2w3-fixed-widget.min.js"},"id":24,"priority":10},
{"action":{"type":"block"},"condition":{"urlFilter":"/rating-widget/resources/css/site-rating.css"},"id":25,"priority":10},
{"action":{"type":"block"},"condition":{"urlFilter":"/tab-slide/assets/js/tab_slide.js"},"id":26,"priority":10},
{"action":{"type":"block"},"condition":{"urlFilter":"/tapatalkdetect.js"},"id":27,"priority":10},
{"action":{"type":"block"},"condition":{"urlFilter":"/upprev.js"},"id":28,"priority":10},
{"action":{"type":"block"},"condition":{"urlFilter":"/upprev_js.php"},"id":29,"priority":10},
{"action":{"type":"block"},"condition":{"urlFilter":"/userlike-cdn-"},"id":30,"priority":10},
{"action":{"type":"block"},"condition":{"urlFilter":"/vto_plus/js_loader.php"},"id":31,"priority":10},
{"action":{"type":"block"},"condition":{"urlFilter":"/wp-content/plugins/ko-fi-button/js/widget.js"},"id":32,"priority":10},
{"action":{"type":"block"},"condition":{"urlFilter":"/wp-content/plugins/popover/js/public.min.js"},"id":33,"priority":10},
{"action":{"type":"block"},"condition":{"urlFilter":"/wpmu-lib/js/wpmu-ui.3.min.js"},"id":34,"priority":10},
{"action":{"type":"block"},"condition":{"urlFilter":"/antirightclick.js"},"id":35,"priority":10},
{"action":{"type":"block"},"condition":{"urlFilter":"/block-console.js"},"id":36,"priority":10},
{"action":{"type":"block"},"condition":{"urlFilter":"/block-right-click.js"},"id":37,"priority":10},
{"action":{"type":"block"},"condition":{"urlFilter":"/browserdetection/jquery.reject.js"},"id":38,"priority":10},
{"action":{"type":"block"},"condition":{"urlFilter":"/console-ban.min.js"},"id":39,"priority":10},
{"action":{"type":"block"},"condition":{"urlFilter":"/console-blocker/app-detect.js"},"id":40,"priority":10},
{"action":{"type":"block"},"condition":{"urlFilter":"/detect.dev.js"},"id":41,"priority":10},
{"action":{"type":"block"},"condition":{"urlFilter":"/devtools-detect.js"},"id":42,"priority":10},
{"action":{"type":"block"},"condition":{"urlFilter":"/devtools-detect/index.js"},"id":43,"priority":10},
{"action":{"type":"block"},"condition":{"urlFilter":"/devtools-detector.min.js"},"id":44,"priority":10},
{"action":{"type":"block"},"condition":{"urlFilter":"/disable-devtool.js"},"id":45,"priority":10},
{"action":{"type":"block"},"condition":{"urlFilter":"/disable-devtool.min.js"},"id":46,"priority":10},
{"action":{"type":"block"},"condition":{"urlFilter":"/disable-right-click-images/script.js"},"id":47,"priority":10},
{"action":{"type":"block"},"condition":{"urlFilter":"/disable-right-click-js.js"},"id":48,"priority":10},
{"action":{"type":"block"},"condition":{"urlFilter":"/disabled-source-disabled-right-click-and-content-protection/"},"id":49,"priority":10},
{"action":{"type":"block"},"condition":{"urlFilter":"/disablerightclick.js"},"id":50,"priority":10},
{"action":{"type":"block"},"condition":{"urlFilter":"/jcwp-copy-paste-blocker/jcorgcpbjs.js"},"id":51,"priority":10},
{"action":{"type":"block"},"condition":{"urlFilter":"/no-right-click-images.js"},"id":52,"priority":10},
{"action":{"type":"block"},"condition":{"urlFilter":"/no-right-click.js"},"id":53,"priority":10},
{"action":{"type":"block"},"condition":{"urlFilter":"/norightclick.js"},"id":54,"priority":10},
{"action":{"type":"block"},"condition":{"urlFilter":"/plugins/rightclick/"},"id":55,"priority":10},
{"action":{"type":"block"},"condition":{"urlFilter":"/t42-content-protector/js/protector.min.js"},"id":56,"priority":10},
{"action":{"type":"block"},"condition":{"urlFilter":"/cf-christmasification-public.js"},"id":57,"priority":10},
{"action":{"type":"block"},"condition":{"urlFilter":"/cf-christmasification-public.min.js"},"id":58,"priority":10},
{"action":{"type":"block"},"condition":{"urlFilter":"/christmas-snow.js"},"id":59,"priority":10},
{"action":{"type":"block"},"condition":{"urlFilter":"/jquery.snow.js"},"id":60,"priority":10},
{"action":{"type":"block"},"condition":{"urlFilter":"/letitsnow.min.js"},"id":61,"priority":10},
{"action":{"type":"block"},"condition":{"urlFilter":"/magic-snowflakes/dist/snowflakes.min.js"},"id":62,"priority":10},
{"action":{"type":"block"},"condition":{"urlFilter":"/puresnow.js"},"id":63,"priority":10},
{"action":{"type":"block"},"condition":{"urlFilter":"/script/snow.js"},"id":64,"priority":10},
{"action":{"type":"block"},"condition":{"urlFilter":"/snow-fall.js"},"id":65,"priority":10},
{"action":{"type":"block"},"condition":{"urlFilter":"/snow-falling.js"},"id":66,"priority":10},
{"action":{"type":"block"},"condition":{"urlFilter":"/snow-storm.js"},"id":67,"priority":10},
{"action":{"type":"block"},"condition":{"urlFilter":"/snow.min.js"},"id":68,"priority":10},
{"action":{"type":"block"},"condition":{"urlFilter":"/snow/snow.js"},"id":69,"priority":10},
{"action":{"type":"block"},"condition":{"urlFilter":"/snowfall-master.min.js"},"id":70,"priority":10},
{"action":{"type":"block"},"condition":{"urlFilter":"/snowfall.jquery.js"},"id":71,"priority":10},
{"action":{"type":"block"},"condition":{"urlFilter":"/snowfall.jquery.min.js"},"id":72,"priority":10},
{"action":{"type":"block"},"condition":{"urlFilter":"/snowfall.min.js"},"id":73,"priority":10},
{"action":{"type":"block"},"condition":{"urlFilter":"/snowstorm-min.js"},"id":74,"priority":10},
{"action":{"type":"block"},"condition":{"urlFilter":"/snowstorm.js"},"id":75,"priority":10},
{"action":{"type":"block"},"condition":{"urlFilter":"/snowstorm.min.js"},"id":76,"priority":10},
{"action":{"type":"block"},"condition":{"urlFilter":"/snowstorm2.js"},"id":77,"priority":10},
{"action":{"type":"block"},"condition":{"urlFilter":"/wp-snow-effect-pro-public.js"},"id":78,"priority":10},
{"action":{"type":"block"},"condition":{"urlFilter":"/wp-snow-effect-pro/public/js/jsnow.js"},"id":79,"priority":10},
{"action":{"type":"block"},"condition":{"urlFilter":"/wp-snow-effect-public.js"},"id":80,"priority":10},
{"action":{"type":"block"},"condition":{"urlFilter":"/wp-snow-effect/public/js/jsnow.js"},"id":81,"priority":10},
{"action":{"type":"block"},"condition":{"urlFilter":"/journey/compiler/"},"id":82,"priority":10},
{"action":{"type":"block"},"condition":{"urlFilter":"/popup-builder/public/sound/"},"id":83,"priority":10},
{"action":{"type":"block"},"condition":{"urlFilter":"/avada-to-top.js"},"id":84,"priority":10},
{"action":{"type":"block"},"condition":{"urlFilter":"/back-top-btn.png"},"id":85,"priority":10},
{"action":{"type":"block"},"condition":{"urlFilter":"/back_to_top.js"},"id":86,"priority":10},
{"action":{"type":"block"},"condition":{"excludedResourceTypes":["main_frame","stylesheet"],"urlFilter":"/back_to_top_"},"id":87,"priority":10},
{"action":{"type":"block"},"condition":{"urlFilter":"/bt_pagetop.gif"},"id":88,"priority":10},
{"action":{"type":"block"},"condition":{"urlFilter":"/bt_pagetop.png"},"id":89,"priority":10},
{"action":{"type":"block"},"condition":{"urlFilter":"/btn_back2top.png"},"id":90,"priority":10},
{"action":{"type":"block"},"condition":{"urlFilter":"/btn_gotop.gif"},"id":91,"priority":10},
{"action":{"type":"block"},"condition":{"urlFilter":"/btn_gotop.png"},"id":92,"priority":10},
{"action":{"type":"block"},"condition":{"urlFilter":"/btn_pagetop.gif"},"id":93,"priority":10},
{"action":{"type":"block"},"condition":{"urlFilter":"/btn_pagetop.png"},"id":94,"priority":10},
{"action":{"type":"block"},"condition":{"urlFilter":"/button_to_top.png"},"id":95,"priority":10},
{"action":{"type":"block"},"condition":{"urlFilter":"/csbacktotop.js"},"id":96,"priority":10},
{"action":{"type":"block"},"condition":{"urlFilter":"/dynamic.to.top.min.js"},"id":97,"priority":10},
{"action":{"type":"block"},"condition":{"urlFilter":"/hs.go-to.js"},"id":98,"priority":10},
{"action":{"type":"block"},"condition":{"urlFilter":"/hs.go-to.min.js"},"id":99,"priority":10},
{"action":{"type":"block"},"condition":{"urlFilter":"/ic_pagetop.png"},"id":100,"priority":10},
{"action":{"type":"block"},"condition":{"urlFilter":"/ic_pagetop.svg"},"id":101,"priority":10},
{"action":{"type":"block"},"condition":{"urlFilter":"/icon_gototop.png"},"id":102,"priority":10},
{"action":{"type":"block"},"condition":{"urlFilter":"/icon_scrollup.svg"},"id":103,"priority":10},
{"action":{"type":"block"},"condition":{"urlFilter":"/plugins/wp-scroll-to-top/scr_js.js"},"id":104,"priority":10},
{"action":{"type":"block"},"condition":{"urlFilter":"/sbtt.js"},"id":105,"priority":10},
{"action":{"type":"block"},"condition":{"urlFilter":"/scroll-to-top.png"},"id":106,"priority":10},
{"action":{"type":"block"},"condition":{"excludedResourceTypes":["main_frame","stylesheet"],"urlFilter":"/scroll-to-top/"},"id":107,"priority":10},
{"action":{"type":"block"},"condition":{"urlFilter":"/scroll-top-and-bottom/"},"id":108,"priority":10},
{"action":{"type":"block"},"condition":{"urlFilter":"/scroll-top.jpg"},"id":109,"priority":10},
{"action":{"type":"block"},"condition":{"urlFilter":"/scroll-top.js"},"id":110,"priority":10},
{"action":{"type":"block"},"condition":{"urlFilter":"/scroll-top.png"},"id":111,"priority":10},
{"action":{"type":"block"},"condition":{"urlFilter":"/scroll_top.png"},"id":112,"priority":10},
{"action":{"type":"block"},"condition":{"urlFilter":"/scroll_top.svg"},"id":113,"priority":10},
{"action":{"type":"block"},"condition":{"urlFilter":"/scrollbtntop.png"},"id":114,"priority":10},
{"action":{"type":"block"},"condition":{"urlFilter":"/scrolltopcontrol.js"},"id":115,"priority":10},
{"action":{"type":"block"},"condition":{"initiatorDomains":["evoke.ie","mentalfloss.com"],"urlFilter":"||riddle.com/embed/"},"id":116,"priority":10},
{"action":{"type":"block"},"condition":{"initiatorDomains":["linxas.shop"],"urlFilter":"||exactdn.com/wp-content/themes/linxas/js/popup.js"},"id":117,"priority":10},
{"action":{"type":"block"},"condition":{"urlFilter":"/scrolltotop.png"},"id":118,"priority":10},
{"action":{"type":"block"},"condition":{"urlFilter":"/scrollup_button.js"},"id":119,"priority":10},
{"action":{"type":"block"},"condition":{"urlFilter":"/simple-back-to-top//js/sbtt.js"},"id":120,"priority":10},
{"action":{"type":"block"},"condition":{"urlFilter":"/to_pagetop.png"},"id":121,"priority":10},
{"action":{"type":"block"},"condition":{"urlFilter":"/topbutton.js"},"id":122,"priority":10},
{"action":{"type":"block"},"condition":{"urlFilter":"/ui.totop_.png"},"id":123,"priority":10},
{"action":{"type":"block"},"condition":{"urlFilter":"/wpfront-scroll-top.min.js"},"id":124,"priority":10},
{"action":{"type":"block"},"condition":{"urlFilter":"_backtotop."},"id":125,"priority":10},
{"action":{"type":"block"},"condition":{"urlFilter":"/jquery.particleground.js"},"id":126,"priority":10},
{"action":{"type":"block"},"condition":{"urlFilter":"/particles-sel.js"},"id":127,"priority":10},
{"action":{"type":"block"},"condition":{"urlFilter":"||amazonaws.com/fby.js"},"id":128,"priority":10},
{"action":{"type":"block"},"condition":{"urlFilter":"||amazonaws.com/fby/"},"id":129,"priority":10},
{"action":{"type":"block"},"condition":{"urlFilter":"||amazonaws.com^*/feedback-v2.js"},"id":130,"priority":10},
{"action":{"type":"block"},"condition":{"urlFilter":"||bunnycdn.ru/assets/_bnx/"},"id":131,"priority":10},
{"action":{"type":"block"},"condition":{"urlFilter":"||cdn-1.tstatic.net/js/copy.js"},"id":132,"priority":10},
{"action":{"type":"block"},"condition":{"domainType":"thirdParty","requestDomains":["1worldonline.com","24smi.org","506.io","actionbutton.co","activehosted.com","addinto.com","adobe-campaign.com","advantagemedia.com","affilizz.com","allpass.salemwebnetwork.com","apester.com","api.branch.io","api.popin.cc","app.convertful.com","app.e2ma.net","app.leadspin.dk","appboy.eu","attraqt.io","autolinkmaker.itunes.apple.com","batch.com","beeketing.com","behamics.com","beopinion.com","bibblio.org","blockmetrics.com","blogcatalog.com","blogengage.com","bloglines.com","blogtopsites.com","bookmrk.us","booster3d.com","bot.agerun.jp","brightinfo.com","btn.createsend1.com","carambo.la","celebjihad.com","chatboost-cv.algoage.co.jp","connect.ekomi.de","contentexchange.me","contextly.com","convertflow.co","convertsocial.com","copypoison.com","copyrightcontent.org","cre.ma","curator.io","cursors-4u.net","cxpublic.com","d.provenexpert.net","desipearl.com","dotmailer-surveys.com","ecomsend.com","edintorni.net","embed.polymarket.com","engage.im","enquoted.com","epeex.com","eventful.com","exitintel.com","factors.ai","feedaty.com","feedblitz.com","flashgroup.com","flipcard.bridged.media","fluidsurveys.com","folloyu.com","foursixty.com","freetellafriend.com","frizbit.com","fwix.com","gacraft.jp","gameball.co","gatherup.com","georiot.com","getbeamer.com","getdrip.com","getfivestars.com","getglue.com","getkudos.me","getmailcounter.com","getqonfi.com","getresponse.com","getreview.pl","getscoutapp.com","getwoohoo.com","gnezdo.ru","goemotify.com","goodreviews.io","gravityrd-services.com","healthgrades.com","hellobar.com","hnbutton.appspot.com","hnlike.com","honcode.ch","hoodline.com","hsleadflows.net","increasingly.co","informvisitors.com","instaemail.net","insticator.com","instiengage.com","intelligems.io","intern.forskning.no","internetdefenseleague.org","invite.linescale.com","jisbar.com","jobamatic.com","jobs.thejobnetwork.com","js.brow.si","judge.me","justbaat.org","kiyoh.com","kodcad.kr","leadfamly.com","leadpages.co","lemrock.com","letreach.com","letsgetsocialnow.com","ligatus.com","linker.ba","linkwithin.com","live4sport.net","liveintent.com","load.fomo.com","manychat.com","mastertop100.org","mg2connext.com","mightycause.com","minigames.versusgame.com","mirtesen.ru","misosoup.io","mixi.media","moreshare.com","my.leadpages.net","myeffecto.com","myvoicenation.com","newsgator.com","newsletter2go.com","newswhip.com","nonissue.com","notifyon.com","nrelate.com","oct8ne.com","opiniac.com","opinionbar.com","opinionstage.com","opmnstr.com","optimonk.com","optinmonster.com","optkit.com","optmnstr.com","optmstr.com","optnmnstr.com","optnmstr.com","os.tc","page2rss.com","pageimprove.io","parse.ly","partner.dw.com","permalink-system.com","phoenix-widget.com","pippity.com","placehold.co","placehold.it","player.gliacloud.com","plista.com","plugin.me2day.net","polls.services.disqus.com","pop.unitedgate.co.jp","postquare.com","powerjobs.com","pressly.com","primetag.net","privy.com","promoshq.wildfireapp.com","promotion.monster.com","promotions.newegg.com","prooffactor.com","publisher.monster.com","qeryz.com","qrius.me","r42tag.com","rankdirectory.org","rating-widget.com","rdstation.com.br","recommendedbookies.co.uk","reevoo.com","reftagger.com","repost.us","research.net","reviewability.com","reviews-widget.trovaprezzi.it","reviews.shoppydoo.it","rightmessage.com","rokt.com","royapp.com","rsspump.com","sail-horizon.com","sail-personalize.com","sales-pop-dot-autoketing-production-sdk.appspot.com","salespopup.io","savvysource.com","scorespro.com","scoutle.com","screenpopper.com","scrolltotop.com","sendsay.ru","senzari.com","sg-autorepondeur.com","share.gree.jp","sharenice.org","shopperapproved.com","sidelinesapp.com","siteswithcontent.com","skyplayer.tiscali.it","skysa.com","slashdot.org","sleeknote.com","smartnewsquiz.com","smi.pp.ua","smi.today","smi2.ru","smiling.video","smonitor.com.br","snapwidget.com","sociallist.org","socialoomph.com","socialsnowball.io","socialtwist.com","socialvibe.com","sodahead.com","squarelovin.com","stanforduniversity.qualtrics.com","static.smi2.net","statictapcdn-a.akamaihd.net","storystack.com","streamspread.com","styld-by.com","superwidget-assets.gowatchit.com","surfingbird.ru","survey.constantcontact.com","survey.io","synapsys.us","systeme.io","thelovebucks.com","theoutplay.com","tinker.com","tippola.com","toastibar-cdn.makeprosimp.com","toolbar.avg.com","tools.net-parade.it","top100-images.rambler.ru","top100.rambler.ru","top100.ru","topsy.com","torimochi-ad.net","trustami.com","trustindex.io","trustseal.e-rasaneh.ir","trytada.com","tuenti.com","turnsocial.com","tweetup.com","uatu.newsquestdigital.co.uk","upscri.be","usablenet.com","usefomo.com","userdatatrust.com","vhmengine.com","vicomi.com","videosynd.kataweb.it","volomedia.com","wahwahnetworks.com","web-boosting.net","web.delighted.com","webwidget.shanon-services.com","weworkremotely.com","wheelysales.com","widget.adviceiq.com","widget.breakingburner.com","widget.clipix.com","widget.clutch.co","widget.pico.tools","widget.thuiswinkel.org","widget.trustpilot.com","widget.zoorate.com","widgets.dzone.com","widgets.itunes.apple.com","widgets.tapcdn.com","widgetsplus.com","wisepops.com","worldgravity.com","wurfl.io","yottos.com","zaparena.com","zeddit.com","zergnet.com","zfacts.com","zoomanalytics.co"]},"id":133,"priority":10},
{"action":{"type":"block"},"condition":{"urlFilter":"||disqus.com/api/*/listrelated.json?"},"id":134,"priority":10},
{"action":{"type":"block"},"condition":{"urlFilter":"||engage.newmode.net/embed/"},"id":135,"priority":10},
{"action":{"type":"block"},"condition":{"urlFilter":"||google.com/uds/?file=orkut&"},"id":136,"priority":10},
{"action":{"type":"block"},"condition":{"urlFilter":"||jsdelivr.net/npm/devtools-detector"},"id":137,"priority":10},
{"action":{"type":"block"},"condition":{"urlFilter":"||jsdelivr.net/npm/disable-devtool"},"id":138,"priority":10},
{"action":{"type":"block"},"condition":{"domainType":"thirdParty","urlFilter":"||news.google.com/swg/"},"id":139,"priority":10},
{"action":{"type":"block"},"condition":{"urlFilter":"||radioonlinehd.net/ads/"},"id":140,"priority":10},
{"action":{"type":"block"},"condition":{"urlFilter":"||tapcdn.com/mosaic/tap_button.js"},"id":141,"priority":10},
{"action":{"type":"block"},"condition":{"urlFilter":"||teamautofollow.com/modules/mod_jtwitter/"},"id":142,"priority":10},
{"action":{"type":"block"},"condition":{"urlFilter":"||tosshub.com/sites/player/media/sana-widget/sana-min.js"},"id":143,"priority":10},
{"action":{"type":"block"},"condition":{"urlFilter":"||tstatic.net/js/copy.js"},"id":144,"priority":10},
{"action":{"type":"block"},"condition":{"urlFilter":"||ui-widgets.preezie.io/apps/widget/preezie-cta.esm.js"},"id":145,"priority":10},
{"action":{"type":"block"},"condition":{"urlFilter":"||webme.com/designs/globals/snow2.js"},"id":146,"priority":10},
{"action":{"type":"block"},"condition":{"urlFilter":"||webseed.com/javascripts/messagebar.js"},"id":147,"priority":10},
{"action":{"type":"block"},"condition":{"urlFilter":"||yimg.com/uq/syndication/"},"id":148,"priority":10},
{"action":{"type":"block"},"condition":{"urlFilter":"||yimg.com^*/goldengate."},"id":149,"priority":10},
{"action":{"type":"block"},"condition":{"resourceTypes":["media"],"urlFilter":"||d7keiwzj12p9.cloudfront.net/widget-sounds/"},"id":150,"priority":10},
{"action":{"type":"block"},"condition":{"urlFilter":"/wp-content/plugins/woocommerce-notification/"},"id":151,"priority":10},
{"action":{"type":"block"},"condition":{"urlFilter":"||api.postscript.io/v2/public/popups/"},"id":152,"priority":10},
{"action":{"type":"block"},"condition":{"urlFilter":"||app.actionfeed.net/app/popup.js"},"id":153,"priority":10},
{"action":{"type":"block"},"condition":{"urlFilter":"||cdn.shopify.com/extensions/*/salekit-v2.js"},"id":154,"priority":10},
{"action":{"type":"block"},"condition":{"urlFilter":"||goldendev.win/shopify/show-recent-orders/"},"id":155,"priority":10},
{"action":{"type":"block"},"condition":{"urlFilter":"||acquire.io/assets/sound/"},"id":156,"priority":10},
{"action":{"type":"block"},"condition":{"urlFilter":"||app.chaport.com/sounds/"},"id":157,"priority":10},
{"action":{"type":"block"},"condition":{"urlFilter":"||app.onlim.com/app/assets/audios/"},"id":158,"priority":10},
{"action":{"type":"block"},"condition":{"urlFilter":"||appspot.com/sounds/chatmsg.mp3"},"id":159,"priority":10},
{"action":{"type":"block"},"condition":{"urlFilter":"||callback24.io/sounds/"},"id":160,"priority":10},
{"action":{"type":"block"},"condition":{"urlFilter":"||carrotquest.app/sounds/"},"id":161,"priority":10},
{"action":{"type":"block"},"condition":{"urlFilter":"||cdn-widget.callpage.io/build/sounds/"},"id":162,"priority":10},
{"action":{"type":"block"},"condition":{"urlFilter":"||chatango.com/pcache/sounds/"},"id":163,"priority":10},
{"action":{"type":"block"},"condition":{"urlFilter":"||chatplus.jp/app/s/sound/"},"id":164,"priority":10},
{"action":{"type":"block"},"condition":{"urlFilter":"||cleversite.ru/client/default/sound/"},"id":165,"priority":10},
{"action":{"type":"block"},"condition":{"initiatorDomains":["birdeye.com"],"urlFilter":"||cloudfront.net/prod/media/"},"id":166,"priority":10},
{"action":{"type":"block"},"condition":{"urlFilter":"||contivio.com/chat2/audio/"},"id":167,"priority":10},
{"action":{"type":"block"},"condition":{"urlFilter":"||crisp.chat/static/sounds/"},"id":168,"priority":10},
{"action":{"type":"block"},"condition":{"urlFilter":"||czater.pl/assets/sounds/"},"id":169,"priority":10},
{"action":{"type":"block"},"condition":{"urlFilter":"||driftqa.com/conductor/assets/media/"},"id":170,"priority":10},
{"action":{"type":"block"},"condition":{"urlFilter":"||echatsys.com/sounds/"},"id":171,"priority":10},
{"action":{"type":"block"},"condition":{"urlFilter":"||formilla.com/remoteassets/media/"},"id":172,"priority":10},
{"action":{"type":"block"},"condition":{"urlFilter":"||gubagoo.io/v4/media/"},"id":173,"priority":10},
{"action":{"type":"block"},"condition":{"urlFilter":"||helpcrunch.com/sounds/"},"id":174,"priority":10},
{"action":{"type":"block"},"condition":{"urlFilter":"||helpscout.net/static/ui-sounds/"},"id":175,"priority":10},
{"action":{"type":"block"},"condition":{"urlFilter":"||jivo.ru/sounds/"},"id":176,"priority":10},
{"action":{"type":"block"},"condition":{"urlFilter":"||jivosite.com/sounds/"},"id":177,"priority":10},
{"action":{"type":"block"},"condition":{"urlFilter":"||js.driftt.com/conductor/assets/media/"},"id":178,"priority":10},
{"action":{"type":"block"},"condition":{"urlFilter":"||js.driftt.com/deploy/assets/static/audio/"},"id":179,"priority":10},
{"action":{"type":"block"},"condition":{"urlFilter":"||js.intercomcdn.com/audio/"},"id":180,"priority":10},
{"action":{"type":"block"},"condition":{"urlFilter":"||live2support.com/uploads/sound/"},"id":181,"priority":10},
{"action":{"type":"block"},"condition":{"urlFilter":"||livechatinc.com/widget/static/media/"},"id":182,"priority":10},
{"action":{"type":"block"},"condition":{"urlFilter":"||me-talk.ru/support/sounds/"},"id":183,"priority":10},
{"action":{"type":"block"},"condition":{"urlFilter":"||purechatcdn.com/content/audio/"},"id":184,"priority":10},
{"action":{"type":"block"},"condition":{"urlFilter":"||quicktext.im/assets/audio/"},"id":185,"priority":10},
{"action":{"type":"block"},"condition":{"urlFilter":"||raychat.io/assets/widget/audio/"},"id":186,"priority":10},
{"action":{"type":"block"},"condition":{"urlFilter":"||reamaze.com/audio/"},"id":187,"priority":10},
{"action":{"type":"block"},"condition":{"urlFilter":"||revechat.com/client/sound/"},"id":188,"priority":10},
{"action":{"type":"block"},"condition":{"urlFilter":"||richpanel.com/audio/"},"id":189,"priority":10},
{"action":{"type":"block"},"condition":{"urlFilter":"||salesmartly.com/sounds/"},"id":190,"priority":10},
{"action":{"type":"block"},"condition":{"urlFilter":"||smartsuppcdn.com/assets/sounds/"},"id":191,"priority":10},
{"action":{"type":"block"},"condition":{"urlFilter":"||snapengage.com/sounds/"},"id":192,"priority":10},
{"action":{"type":"block"},"condition":{"urlFilter":"||static.olark.com/jsclient/sounds/"},"id":193,"priority":10},
{"action":{"type":"block"},"condition":{"urlFilter":"||tawk.to/*/audio/"},"id":194,"priority":10},
{"action":{"type":"block"},"condition":{"urlFilter":"||userbot.ai/widget-chat/dist/audio/"},"id":195,"priority":10},
{"action":{"type":"block"},"condition":{"urlFilter":"||userway.org/widgetapp/sounds/"},"id":196,"priority":10},
{"action":{"type":"block"},"condition":{"urlFilter":"||widget.insent.ai/static/media/"},"id":197,"priority":10},
{"action":{"type":"block"},"condition":{"urlFilter":"||wpengine.com/wp-content/mu-plugins/wpengine-dotcom/audio/"},"id":198,"priority":10},
{"action":{"type":"block"},"condition":{"urlFilter":"||zohocdn.com/salesiq/*/sound/"},"id":199,"priority":10},
{"action":{"type":"block"},"condition":{"urlFilter":"||zopim.com/widget/sounds/"},"id":200,"priority":10},
{"action":{"type":"block"},"condition":{"urlFilter":"||api.qwant.com/*/homepage/trends?"},"id":201,"priority":10},
{"action":{"type":"block"},"condition":{"urlFilter":"||civilbeat.org/wp-content/themes/becivil/widgets/slp-widgets/donate.html"},"id":202,"priority":10},
{"action":{"type":"block"},"condition":{"urlFilter":"||designtaxi.com/css/remodal.css"},"id":203,"priority":10},
{"action":{"type":"allow"},"condition":{"initiatorDomains":["hotstar.com","tv2play.hu","zinio.com"],"urlFilter":"||gravityrd-services.com^"},"id":204,"priority":30},
{"action":{"type":"block"},"condition":{"urlFilter":"||feedback.wwe.com/survey/"},"id":205,"priority":10},
{"action":{"type":"block"},"condition":{"urlFilter":"||firesticktricks.com/wp-content/plugins/popup-builder/"},"id":206,"priority":10},
{"action":{"type":"block"},"condition":{"urlFilter":"||freedownloadmanager.org/ajax/on_exit_v2.php"},"id":207,"priority":10},
{"action":{"type":"block"},"condition":{"urlFilter":"||freedownloadmanager.org/js/th_win_"},"id":208,"priority":10},
{"action":{"type":"block"},"condition":{"urlFilter":"||google.com^*/friendconnect.js"},"id":209,"priority":10},
{"action":{"type":"block"},"condition":{"initiatorDomains":["dhgate.com"],"urlFilter":"||js.dhresource.com/survey/"},"id":210,"priority":10},
{"action":{"type":"block"},"condition":{"initiatorDomains":["khanacademy.org"],"urlFilter":"||kastatic.org/images/donate/"},"id":211,"priority":10},
{"action":{"type":"block"},"condition":{"urlFilter":"||kdi-ppi.com/modal.js"},"id":212,"priority":10},
{"action":{"type":"block"},"condition":{"urlFilter":"||khanacademy.org/api/internal/graphql/getactivedonationasks"},"id":213,"priority":10},
{"action":{"type":"block"},"condition":{"urlFilter":"||neighbourly.co.nz/stuff/"},"id":214,"priority":10},
{"action":{"type":"block"},"condition":{"urlFilter":"||newegg.com/newegg/survey/"},"id":215,"priority":10},
{"action":{"type":"block"},"condition":{"urlFilter":"||planelogger.com/content/images/avitop6.gif"},"id":216,"priority":10},
{"action":{"type":"block"},"condition":{"urlFilter":"||pornve.com/img/300x250f.gif"},"id":217,"priority":10},
{"action":{"type":"block"},"condition":{"urlFilter":"||rgshows.me/js/devtoolsdetector.js"},"id":218,"priority":10},
{"action":{"type":"block"},"condition":{"urlFilter":"||rule34.xxx/images/rule34_merch.jpg"},"id":219,"priority":10},
{"action":{"type":"block"},"condition":{"urlFilter":"||rule34.xxx/images/shirt2.jpg"},"id":220,"priority":10},
{"action":{"type":"block"},"condition":{"urlFilter":"||sabcnews.com^*-iabsa-"},"id":221,"priority":10},
{"action":{"type":"allow"},"condition":{"initiatorDomains":["mainichi.jp","tarzanweb.jp"],"resourceTypes":["script"],"urlFilter":"||csm.cxpublic.com^"},"id":222,"priority":30},
{"action":{"type":"block"},"condition":{"urlFilter":"||t.ly/js/sweetalert.min.js"},"id":223,"priority":10},
{"action":{"type":"block"},"condition":{"urlFilter":"||wikimedia.org/w/index.php?title=special:bannerloader"},"id":224,"priority":10},
{"action":{"type":"block"},"condition":{"urlFilter":"||www.glassdoor.*/static/js/gd-user-hardsell-overlay.bundle.js"},"id":225,"priority":10},
{"action":{"type":"block"},"condition":{"urlFilter":"||breedingmoms.com/js/top.js"},"id":226,"priority":10},
{"action":{"type":"block"},"condition":{"urlFilter":"||dailypioneer.com/images/top.png"},"id":227,"priority":10},
{"action":{"type":"block"},"condition":{"urlFilter":"||filmaffinity.com/images/arrow-up2.png"},"id":228,"priority":10},
{"action":{"type":"block"},"condition":{"urlFilter":"||jefftucker.org/travels/res/pagetop.svg"},"id":229,"priority":10},
{"action":{"type":"block"},"condition":{"urlFilter":"||myip.ms/css/red/images/nav_"},"id":230,"priority":10},
{"action":{"type":"allow"},"condition":{"domainType":"firstParty","resourceTypes":["script"],"urlFilter":"||repack.me/engine/classes/min/index.php*/puresnow.js"},"id":231,"priority":30},
{"action":{"type":"block"},"condition":{"initiatorDomains":["theregister.com"],"urlFilter":"||embed.typeform.com^"},"id":232,"priority":10},
{"action":{"type":"block"},"condition":{"urlFilter":"||auto-moto.com^*/iframe-box-article.html"},"id":233,"priority":10},
{"action":{"type":"block"},"condition":{"urlFilter":"||carrefour.fr/footer-sticky-banner?"},"id":234,"priority":10},
{"action":{"type":"block"},"condition":{"urlFilter":"||developpez.com/voiraussi/"},"id":235,"priority":10},
{"action":{"type":"block"},"condition":{"urlFilter":"||francetvinfo.fr/assets/common/twig/templates/app-install-banner/"},"id":236,"priority":10},
{"action":{"type":"block"},"condition":{"urlFilter":"||francetvinfo.fr/assets/components/shared/alert-info/alert-info-"},"id":237,"priority":10},
{"action":{"type":"block"},"condition":{"urlFilter":"||laprovence.com/scripts/refresh.js"},"id":238,"priority":10},
{"action":{"type":"block"},"condition":{"urlFilter":"||manga-sanctuary.com/include/ajax/popup_actu.php"},"id":239,"priority":10},
{"action":{"type":"block"},"condition":{"initiatorDomains":["heraldnet.com"],"urlFilter":"||sp-marketing-assets.s3.us-west-2.amazonaws.com^"},"id":240,"priority":10},
{"action":{"type":"block"},"condition":{"urlFilter":"||4gtv.tv/image/scriptup.svg"},"id":241,"priority":10},
{"action":{"type":"block"},"condition":{"urlFilter":"||static.iqiyi.com/js/common/mars_v.js"},"id":242,"priority":10},
{"action":{"type":"block"},"condition":{"urlFilter":"||24o.it^*/ias/"},"id":243,"priority":10},
{"action":{"type":"block"},"condition":{"urlFilter":"||adessoin.tv/grafica/frecciatop.png"},"id":244,"priority":10},
{"action":{"type":"block"},"condition":{"urlFilter":"||blitzquotidiano.it^*/ias_"},"id":245,"priority":10},
{"action":{"type":"block"},"condition":{"urlFilter":"||blitzquotidiano.it^*/system24_"},"id":246,"priority":10},
{"action":{"type":"block"},"condition":{"urlFilter":"||cambiodns.com/img/up.png"},"id":247,"priority":10},
{"action":{"type":"block"},"condition":{"urlFilter":"||cml.to/robot/"},"id":248,"priority":10},
{"action":{"type":"block"},"condition":{"urlFilter":"||cn24tv.it^*/mod_letter."},"id":249,"priority":10},
{"action":{"type":"block"},"condition":{"urlFilter":"||corriereobjects.it/rcs_cor_exit-page/"},"id":250,"priority":10},
{"action":{"type":"block"},"condition":{"urlFilter":"||corriereobjects.it^*/box_notifiche_"},"id":251,"priority":10},
{"action":{"type":"block"},"condition":{"urlFilter":"||cure-naturali.it/banner/"},"id":252,"priority":10},
{"action":{"type":"block"},"condition":{"urlFilter":"||minorasu.basf.co.jp/shared/scripts/microconversion.js"},"id":253,"priority":10},
{"action":{"type":"block"},"condition":{"urlFilter":"||fastweb.it^*/newsletter."},"id":254,"priority":10},
{"action":{"type":"block"},"condition":{"urlFilter":"||hikoki-powertools.it/image/top-"},"id":255,"priority":10},
{"action":{"type":"block"},"condition":{"urlFilter":"||it.hisamitsu/common/img/pagetop.jpg"},"id":256,"priority":10},
{"action":{"type":"block"},"condition":{"urlFilter":"||js.adv.dadapro.net/collector.js/prcy.js?"},"id":257,"priority":10},
{"action":{"type":"block"},"condition":{"urlFilter":"||lagazzettadelmezzogiorno.it/js/update.js"},"id":258,"priority":10},
{"action":{"type":"block"},"condition":{"urlFilter":"||secoloditalia.it^*/notify."},"id":259,"priority":10},
{"action":{"type":"block"},"condition":{"urlFilter":"||vistosulweb.com^*/newsletter."},"id":260,"priority":10},
{"action":{"type":"block"},"condition":{"urlFilter":"||warnerbros.it^*/top.png"},"id":261,"priority":10},
{"action":{"type":"block"},"condition":{"urlFilter":"||investing.com/gcode/"},"id":262,"priority":10},
{"action":{"type":"block"},"condition":{"urlFilter":"/ecomsend.js"},"id":263,"priority":10},
{"action":{"type":"block"},"condition":{"urlFilter":"||ilprimatonazionale.it^*/newsletter.png"},"id":264,"priority":10},
{"action":{"type":"block"},"condition":{"urlFilter":"||superguidatv.it^*/head-tgcom."},"id":265,"priority":10},
{"action":{"type":"block"},"condition":{"urlFilter":"||zeusnews.it/pic/04.png"},"id":266,"priority":10},
{"action":{"type":"block"},"condition":{"initiatorDomains":["mastory.jp"],"urlFilter":"||amazonaws.com/cdn.ma-site.com/common/chatbots.js"},"id":267,"priority":10},
{"action":{"type":"block"},"condition":{"urlFilter":"||medibot-image.s3.ap-northeast-1.amazonaws.com/medibot_lp_"},"id":268,"priority":10},
{"action":{"type":"block"},"condition":{"urlFilter":"||re-volver.net/visitor/"},"id":269,"priority":10},
{"action":{"type":"block"},"condition":{"urlFilter":"||yanmaga.jp/viewer/banner.html"},"id":270,"priority":10},
{"action":{"type":"block"},"condition":{"urlFilter":"||mutualart.com/ajax/ajaxloader/popup"},"id":271,"priority":10},
{"action":{"type":"block"},"condition":{"resourceTypes":["media"],"urlFilter":"||assetscdn-wchat.freshchat.com/static/assets/"},"id":272,"priority":10},
{"action":{"type":"block"},"condition":{"urlFilter":"||clustertextilzgz.com/catalogoborman/ca-web/mobile/style/raw/flipsound.ogg"},"id":273,"priority":10},
{"action":{"type":"block"},"condition":{"domainType":"thirdParty","urlFilter":"||timez.ai/widgets/"},"id":274,"priority":10},
{"action":{"type":"block"},"condition":{"initiatorDomains":["boerse-global.de"],"urlFilter":"||images.provenexpert.com^"},"id":275,"priority":10},
{"action":{"type":"block"},"condition":{"urlFilter":"||column.valx.jp/wp-content/themes/jin/img/bnr_wpc.png"},"id":276,"priority":10},
{"action":{"type":"block"},"condition":{"urlFilter":"page_view_count"},"id":277,"priority":10},
{"action":{"type":"block"},"condition":{"requestDomains":["browser-updater.yandex.net","cm.usatoday.com","cp.thetab.com","d15r06k2ko210l.cloudfront.net","d2yyd1h5u9mauk.cloudfront.net","d9etzk30b05yg.cloudfront.net","dhpikd1t89arn.cloudfront.net","integrate.thrive.today","jobs.mobilemarketingreads.com","mailmunch.s3.amazonaws.com","monetization.prod.invmed.co","notifiche.secoloditalia.it","platform.loyaltylion.com","traffic.styria.hr","widget-social-proof-api.one.store","widget.beop.io","widget.justwatch.com","widgets.recruitology.com","widgets.sprinkletxt.com"]},"id":278,"priority":10},
{"action":{"type":"allow"},"condition":{"initiatorDomains":["9tsu.vip"],"urlFilter":"||jsdelivr.net/npm/devtools-detector"},"id":279,"priority":30},
{"action":{"type":"block"},"condition":{"resourceTypes":["image"],"urlFilter":"||wp.com/www.feedburner.com/fb/"},"id":280,"priority":10},
{"action":{"type":"block"},"condition":{"initiatorDomains":["breakingdefense.com"],"resourceTypes":["script"],"urlFilter":"/jquery.simplemodal."},"id":281,"priority":10},
{"action":{"type":"block"},"condition":{"excludedInitiatorDomains":["tracktion.com","upride.cc"],"resourceTypes":["script"],"urlFilter":"/plugins/popup-maker/"},"id":282,"priority":10},
{"action":{"type":"block"},"condition":{"resourceTypes":["script"],"urlFilter":"||amazonaws.com/mailmunch/"},"id":283,"priority":10},
{"action":{"type":"block"},"condition":{"resourceTypes":["script"],"urlFilter":"||ytimg.com^*/www-subscribe-widget-"},"id":284,"priority":10},
{"action":{"type":"block"},"condition":{"resourceTypes":["sub_frame"],"urlFilter":"/banner/videos/player.htm?"},"id":285,"priority":10},
{"action":{"type":"block"},"condition":{"resourceTypes":["sub_frame"],"urlFilter":"/plugin/banner/videos/"},"id":286,"priority":10},
{"action":{"type":"block"},"condition":{"initiatorDomains":["kyivindependent.com"],"resourceTypes":["sub_frame"],"urlFilter":"||frontend.poool.fr/engage/"},"id":287,"priority":10},
{"action":{"type":"block"},"condition":{"initiatorDomains":["logiciels.pro"],"urlFilter":"||sibforms.com^"},"id":288,"priority":10},
{"action":{"type":"block"},"condition":{"resourceTypes":["media"],"urlFilter":"||amazonaws.com/alive5cdn/"},"id":289,"priority":10},
{"action":{"type":"block"},"condition":{"resourceTypes":["media"],"urlFilter":"||apex.live/media/"},"id":290,"priority":10},
{"action":{"type":"block"},"condition":{"initiatorDomains":["oct8ne.com"],"resourceTypes":["media"],"urlFilter":"||azureedge.neti^"},"id":291,"priority":10},
{"action":{"type":"block"},"condition":{"initiatorDomains":["bankofamerica.com"],"resourceTypes":["media"],"urlFilter":"||bac-assets.com/chat/spa-assets/"},"id":292,"priority":10},
{"action":{"type":"block"},"condition":{"initiatorDomains":["bankofamerica.com"],"resourceTypes":["media"],"urlFilter":"||bac-assets.com/spa/widgets/www-chat/"},"id":293,"priority":10},
{"action":{"type":"block"},"condition":{"resourceTypes":["media"],"urlFilter":"||carchat24.com/inpagechat/audio/"},"id":294,"priority":10},
{"action":{"type":"block"},"condition":{"resourceTypes":["media"],"urlFilter":"||channel.io/plugin/"},"id":295,"priority":10},
{"action":{"type":"block"},"condition":{"resourceTypes":["media"],"urlFilter":"||chat.octadesk.services/embed/static/media/"},"id":296,"priority":10},
{"action":{"type":"block"},"condition":{"resourceTypes":["media"],"urlFilter":"||chatbot.denizbank.com/content/media/"},"id":297,"priority":10},
{"action":{"type":"block"},"condition":{"resourceTypes":["media"],"urlFilter":"||fxcity.pl/images/mp4/"},"id":298,"priority":10},
{"action":{"type":"block"},"condition":{"resourceTypes":["media"],"urlFilter":"||goftino.com/static/assets/"},"id":299,"priority":10},
{"action":{"type":"block"},"condition":{"resourceTypes":["media"],"urlFilter":"||intelliticks.com/prod/common/"},"id":300,"priority":10},
{"action":{"type":"block"},"condition":{"resourceTypes":["media"],"urlFilter":"||kommunicate.io/kommunicate/"},"id":301,"priority":10},
{"action":{"type":"block"},"condition":{"resourceTypes":["media"],"urlFilter":"||leadback.ru/sounds/"},"id":302,"priority":10},
{"action":{"type":"block"},"condition":{"resourceTypes":["media"],"urlFilter":"||leadgenic.ru/production/"},"id":303,"priority":10},
{"action":{"type":"block"},"condition":{"resourceTypes":["media"],"urlFilter":"||livebeep.com/visitor/events/"},"id":304,"priority":10},
{"action":{"type":"block"},"condition":{"resourceTypes":["media"],"urlFilter":"||lpsnmedia.net/le_unified_window/"},"id":305,"priority":10},
{"action":{"type":"block"},"condition":{"resourceTypes":["media"],"urlFilter":"||nice-incontact.com/incontact/chatclient/"},"id":306,"priority":10},
{"action":{"type":"block"},"condition":{"resourceTypes":["media"],"urlFilter":"||phenompeople.com/txm-bot/prod/"},"id":307,"priority":10},
{"action":{"type":"block"},"condition":{"resourceTypes":["media"],"urlFilter":"||qualified.com/packs/"},"id":308,"priority":10},
{"action":{"type":"block"},"condition":{"resourceTypes":["media"],"urlFilter":"||static.widget.trengo.eu/assets/"},"id":309,"priority":10},
{"action":{"type":"block"},"condition":{"resourceTypes":["media"],"urlFilter":"||streamwood.ru/img/"},"id":310,"priority":10},
{"action":{"type":"block"},"condition":{"resourceTypes":["media"],"urlFilter":"||widget.awhy.it/chat/img/"},"id":311,"priority":10},
{"action":{"type":"block"},"condition":{"resourceTypes":["media"],"urlFilter":"||widgets.binotel.com/w/chat/"},"id":312,"priority":10},
{"action":{"type":"block"},"condition":{"resourceTypes":["media"],"urlFilter":"||zdassets.com/web_widget/"},"id":313,"priority":10},
{"action":{"type":"block"},"condition":{"resourceTypes":["media"],"urlFilter":"||zyratalk.com/contractorschatbot/"},"id":314,"priority":10},
{"action":{"type":"block"},"condition":{"requestDomains":["cliengo.com","collectcdn.com","tars-file-upload.s3.amazonaws.com","tidiochat.com"],"resourceTypes":["media"]},"id":315,"priority":10},
{"action":{"type":"block"},"condition":{"domainType":"firstParty","resourceTypes":["sub_frame"],"urlFilter":"/recommend.php"},"id":316,"priority":10},
{"action":{"type":"allow"},"condition":{"initiatorDomains":["openpeople.university"],"resourceTypes":["script"],"urlFilter":"||alp440.activehosted.com/f/embed.php"},"id":317,"priority":30},
{"action":{"type":"block"},"condition":{"domainType":"thirdParty","urlFilter":"||api.giphy.com^*/related?"},"id":318,"priority":10},
{"action":{"type":"allow"},"condition":{"initiatorDomains":["docs.ansible.com"],"resourceTypes":["stylesheet","xmlhttprequest"],"urlFilter":"||s.swiftypecdn.com^"},"id":319,"priority":30},
{"action":{"type":"block"},"condition":{"domainType":"thirdParty","urlFilter":"||bing.com*/bootstrap.js"},"id":320,"priority":10},
{"action":{"type":"block"},"condition":{"domainType":"thirdParty","urlFilter":"||bing.com/widget/render/"},"id":321,"priority":10},
{"action":{"type":"block"},"condition":{"domainType":"thirdParty","urlFilter":"||cdn.to2.net/sdk/"},"id":322,"priority":10},
{"action":{"type":"block"},"condition":{"domainType":"thirdParty","urlFilter":"||civicscience.com/widget/jspoll/"},"id":323,"priority":10},
{"action":{"type":"block"},"condition":{"domainType":"thirdParty","urlFilter":"||ctctcdn.com/js/signup-form-widget/"},"id":324,"priority":10},
{"action":{"type":"block"},"condition":{"domainType":"thirdParty","urlFilter":"||diigo.com/images/diigo-icon/"},"id":325,"priority":10},
{"action":{"type":"block"},"condition":{"domainType":"thirdParty","urlFilter":"||donorbox.org/embed/"},"id":326,"priority":10},
{"action":{"type":"block"},"condition":{"domainType":"thirdParty","urlFilter":"||download.skype.com/share/"},"id":327,"priority":10},
{"action":{"type":"block"},"condition":{"domainType":"thirdParty","urlFilter":"||eff.org/bloggers/badges/"},"id":328,"priority":10},
{"action":{"type":"block"},"condition":{"domainType":"thirdParty","urlFilter":"||fark.com/js/"},"id":329,"priority":10},
{"action":{"type":"block"},"condition":{"domainType":"thirdParty","urlFilter":"||feedbackify.com/f.js"},"id":330,"priority":10},
{"action":{"type":"block"},"condition":{"domainType":"thirdParty","urlFilter":"||goodreads.com/review/custom_widget/"},"id":331,"priority":10},
{"action":{"type":"block"},"condition":{"domainType":"thirdParty","urlFilter":"||groupon.com^*/affiliate_widget/"},"id":332,"priority":10},
{"action":{"type":"block"},"condition":{"domainType":"thirdParty","urlFilter":"||identi.ca/js/identica-badge.js"},"id":333,"priority":10},
{"action":{"type":"block"},"condition":{"domainType":"thirdParty","urlFilter":"||images.dmca.com/badges/"},"id":334,"priority":10},
{"action":{"type":"block"},"condition":{"domainType":"thirdParty","urlFilter":"||img.fark.net/pub/"},"id":335,"priority":10},
{"action":{"type":"block"},"condition":{"domainType":"thirdParty","urlFilter":"||instapaper.com/e2"},"id":336,"priority":10},
{"action":{"type":"block"},"condition":{"domainType":"thirdParty","urlFilter":"||instapaper.com/javascript/"},"id":337,"priority":10},
{"action":{"type":"block"},"condition":{"domainType":"thirdParty","urlFilter":"||jobvite.com/widget20.js"},"id":338,"priority":10},
{"action":{"type":"block"},"condition":{"domainType":"thirdParty","urlFilter":"||kaango.com/fecustomwidgetdisplay/"},"id":339,"priority":10},
{"action":{"type":"block"},"condition":{"domainType":"thirdParty","urlFilter":"||ko-fi.com/cdn/widget/"},"id":340,"priority":10},
{"action":{"type":"block"},"condition":{"domainType":"thirdParty","urlFilter":"||list-manage1.com/subscriber-count?"},"id":341,"priority":10},
{"action":{"type":"block"},"condition":{"domainType":"thirdParty","urlFilter":"||lpages.co/serve-leadbox/"},"id":342,"priority":10},
{"action":{"type":"block"},"condition":{"domainType":"thirdParty","urlFilter":"||magimg.com/random?"},"id":343,"priority":10},
{"action":{"type":"block"},"condition":{"domainType":"thirdParty","urlFilter":"||mailjet.com/statics/js/widget.modal.js"},"id":344,"priority":10},
{"action":{"type":"block"},"condition":{"domainType":"thirdParty","urlFilter":"||mailjet.com/widget/"},"id":345,"priority":10},
{"action":{"type":"block"},"condition":{"domainType":"thirdParty","urlFilter":"||maven.io^*/widget.js"},"id":346,"priority":10},
{"action":{"type":"block"},"condition":{"domainType":"thirdParty","urlFilter":"||mobj.space/js/appsdiscover/"},"id":347,"priority":10},
{"action":{"type":"block"},"condition":{"domainType":"thirdParty","urlFilter":"||mozo.com.au/widgets/"},"id":348,"priority":10},
{"action":{"type":"block"},"condition":{"domainType":"thirdParty","urlFilter":"||my.sendinblue.com/users/subscribe/"},"id":349,"priority":10},
{"action":{"type":"block"},"condition":{"domainType":"thirdParty","urlFilter":"||nrcdn.com/custom-script/"},"id":350,"priority":10},
{"action":{"type":"block"},"condition":{"excludedInitiatorDomains":["zeddit.com"],"urlFilter":"||d2ip7iv1l4ergv.cloudfront.net^"},"id":351,"priority":10},
{"action":{"type":"block"},"condition":{"resourceTypes":["sub_frame"],"urlFilter":"||mail.bonnier-subscriptions.com^"},"id":352,"priority":10},
{"action":{"type":"block"},"condition":{"domainType":"thirdParty","excludedInitiatorDomains":["bing.com"],"urlFilter":"||api.search.live.net^"},"id":353,"priority":10},
{"action":{"type":"block"},"condition":{"domainType":"thirdParty","excludedInitiatorDomains":["astrobin.com"],"urlFilter":"||placeholder.com^"},"id":354,"priority":10},
{"action":{"type":"block"},"condition":{"domainType":"thirdParty","urlFilter":"||quote.fm/services/button/"},"id":355,"priority":10},
{"action":{"type":"block"},"condition":{"domainType":"thirdParty","urlFilter":"||raidrush.net/ticker/"},"id":356,"priority":10},
{"action":{"type":"block"},"condition":{"domainType":"thirdParty","urlFilter":"||realclearpolitics.com^*/widget_wrapper_"},"id":357,"priority":10},
{"action":{"type":"block"},"condition":{"domainType":"thirdParty","urlFilter":"||s3.amazonaws.com/scripts.hellobar.com/"},"id":358,"priority":10},
{"action":{"type":"block"},"condition":{"domainType":"thirdParty","urlFilter":"||sail-horizon.com/scout/"},"id":359,"priority":10},
{"action":{"type":"block"},"condition":{"domainType":"thirdParty","excludedResourceTypes":["main_frame","sub_frame"],"urlFilter":"||printfriendly.com^"},"id":360,"priority":10},
{"action":{"type":"block"},"condition":{"domainType":"thirdParty","urlFilter":"||techbeat.com/wp-content/custom-php/"},"id":361,"priority":10},
{"action":{"type":"block"},"condition":{"domainType":"thirdParty","urlFilter":"||vk.com/images/"},"id":362,"priority":10},
{"action":{"type":"block"},"condition":{"domainType":"thirdParty","urlFilter":"||vuukle.com/widgets/quiz.html"},"id":363,"priority":10},
{"action":{"type":"block"},"condition":{"domainType":"thirdParty","excludedInitiatorDomains":["swiftype.com"],"urlFilter":"||swiftypecdn.com^"},"id":364,"priority":10},
{"action":{"type":"block"},"condition":{"domainType":"thirdParty","urlFilter":"||xhamsterlive.com/api/external/"},"id":365,"priority":10},
{"action":{"type":"block"},"condition":{"domainType":"thirdParty","urlFilter":"||youappi.com/widget/"},"id":366,"priority":10},
{"action":{"type":"block"},"condition":{"domainType":"thirdParty","urlFilter":"||youspacko.com/com/"},"id":367,"priority":10},
{"action":{"type":"block"},"condition":{"domainType":"thirdParty","initiatorDomains":["7chan.org","boards.4chan.org"],"urlFilter":"||youtube.com/v/*autoplay"},"id":368,"priority":10},
{"action":{"type":"block"},"condition":{"domainType":"thirdParty","urlFilter":"||ziprecruiter.com/jobs-widget/"},"id":369,"priority":10},
{"action":{"type":"block"},"condition":{"domainType":"thirdParty","urlFilter":"||zotabox.com^*/widgets.js"},"id":370,"priority":10},
{"action":{"type":"block"},"condition":{"domainType":"thirdParty","urlFilter":"||sendtonews.com/player/sidebar.php?"},"id":371,"priority":10},
{"action":{"type":"block"},"condition":{"domainType":"thirdParty","urlFilter":"||pichak.net/blogcod/"},"id":372,"priority":10},
{"action":{"type":"block"},"condition":{"domainType":"thirdParty","urlFilter":"||logo.haendlerbund.de/logo.php?"},"id":373,"priority":10},
{"action":{"type":"block"},"condition":{"domainType":"thirdParty","urlFilter":"||trustedshops.com/bewertung/widget/"},"id":374,"priority":10},
{"action":{"type":"block"},"condition":{"domainType":"thirdParty","urlFilter":"||boosterblog.com/ban/"},"id":375,"priority":10},
{"action":{"type":"block"},"condition":{"domainType":"thirdParty","urlFilter":"||onaregarde-pourvous.com/api/"},"id":376,"priority":10},
{"action":{"type":"block"},"condition":{"domainType":"thirdParty","urlFilter":"||out.be/widgets/"},"id":377,"priority":10},
{"action":{"type":"block"},"condition":{"domainType":"thirdParty","urlFilter":"||societe-des-avis-garantis.fr/wp-content/*/widgets/"},"id":378,"priority":10},
{"action":{"type":"block"},"condition":{"domainType":"thirdParty","urlFilter":"||retewebitalia.net/banner/"},"id":379,"priority":10},
{"action":{"type":"block"},"condition":{"domainType":"thirdParty","urlFilter":"||trovaprezzi.it/buttons/"},"id":380,"priority":10},
{"action":{"type":"block"},"condition":{"domainType":"thirdParty","excludedInitiatorDomains":["markanthonywineandspirits.ca"],"urlFilter":"||wishpond.com^"},"id":381,"priority":10},
{"action":{"type":"block"},"condition":{"domainType":"thirdParty","urlFilter":"||espreso.rs/widget?"},"id":382,"priority":10},
{"action":{"type":"block"},"condition":{"domainType":"thirdParty","urlFilter":"||ilan.gov.tr/widgets/"},"id":383,"priority":10},
{"action":{"type":"block"},"condition":{"domainType":"thirdParty","requestDomains":["feedburner.com","licensebuttons.net"],"resourceTypes":["image"]},"id":384,"priority":10},
{"action":{"type":"block"},"condition":{"domainType":"thirdParty","resourceTypes":["script"],"urlFilter":"||a.mailmunch.co/app/"},"id":385,"priority":10},
{"action":{"type":"block"},"condition":{"domainType":"thirdParty","excludedInitiatorDomains":["mixi.jp"],"urlFilter":"||img.mixi.net^"},"id":386,"priority":10},
{"action":{"type":"block"},"condition":{"domainType":"thirdParty","excludedInitiatorDomains":["click2houston.com","clickondetroit.com","clickorlando.com","ksat.com","news4jax.com","wsls.com"],"resourceTypes":["script"],"urlFilter":"||player.anyclip.com^"},"id":387,"priority":10},
{"action":{"type":"block"},"condition":{"domainType":"thirdParty","excludedInitiatorDomains":["gleam.io"],"resourceTypes":["script"],"urlFilter":"||widget.gleamjs.io^"},"id":388,"priority":10},
{"action":{"type":"block"},"condition":{"domainType":"thirdParty","resourceTypes":["xmlhttprequest"],"urlFilter":"||discordapp.com/api/servers/*/widget.json"},"id":389,"priority":10},
{"action":{"type":"block"},"condition":{"domainType":"thirdParty","resourceTypes":["script"],"urlFilter":"||purch.com^"},"id":390,"priority":10},
{"action":{"type":"block"},"condition":{"domainType":"thirdParty","resourceTypes":["sub_frame"],"urlFilter":"||givealittle.co.nz/widget/"},"id":391,"priority":10},
{"action":{"type":"block"},"condition":{"domainType":"thirdParty","resourceTypes":["sub_frame"],"urlFilter":"||google.com/shopping/customerreviews/"},"id":392,"priority":10},
{"action":{"type":"block"},"condition":{"domainType":"thirdParty","resourceTypes":["sub_frame"],"urlFilter":"||gofundme.com/*/widget/"},"id":393,"priority":10},
{"action":{"type":"block"},"condition":{"domainType":"thirdParty","resourceTypes":["sub_frame"],"urlFilter":"||emsecure.net^"},"id":394,"priority":10},
{"action":{"type":"allow"},"condition":{"initiatorDomains":["wpb.shueisha.co.jp"],"urlFilter":"||csm.cxpublic.com/shueisha.js"},"id":395,"priority":30},
{"action":{"type":"block"},"condition":{"domainType":"thirdParty","urlFilter":"||discord.com/widget?"},"id":396,"priority":10},
{"action":{"type":"allow"},"condition":{"initiatorDomains":["bluecinema.ch"],"urlFilter":"||loader.wisepops.com/get-loader.js"},"id":397,"priority":30},
{"action":{"type":"allow"},"condition":{"initiatorDomains":["bluecinema.ch"],"urlFilter":"||popup.wisepops.com/my-wisepop"},"id":398,"priority":30},
{"action":{"type":"allow"},"condition":{"initiatorDomains":["inc-aus.com"],"urlFilter":"||rest.contextly.com/pagewidgets/"},"id":399,"priority":30},
{"action":{"type":"block"},"condition":{"urlFilter":"||russia-insider.com/wp-content/uploads/pum/"},"id":400,"priority":10},
{"action":{"type":"block"},"condition":{"urlFilter":"||jack.bio/click.mp3"},"id":401,"priority":10},
{"action":{"type":"allow"},"condition":{"initiatorDomains":["hindawi.com"],"resourceTypes":["script"],"urlFilter":"||bibblio.org^*/bib-related-content.min.js"},"id":402,"priority":30},
{"action":{"type":"allow"},"condition":{"initiatorDomains":["bluecinema.ch"],"resourceTypes":["script"],"urlFilter":"||cdn.wisepops.com/shared/wisepops/"},"id":403,"priority":30},
{"action":{"type":"block"},"condition":{"urlFilter":"||hellointerior.jp/note/wp-content/themes/stinger5_201904/images/reception_banners/"},"id":404,"priority":10},
{"action":{"type":"block"},"condition":{"urlFilter":"||wvc_resources.william-reed.com/copyright/copyright_tg.js"},"id":405,"priority":10},
{"action":{"type":"allow"},"condition":{"initiatorDomains":["concoursultimesousmaringourmiam.ca"],"resourceTypes":["script"],"urlFilter":"||mikesca.activehosted.com/f/embed.php"},"id":406,"priority":30},
{"action":{"type":"allow"},"condition":{"initiatorDomains":["docs.ansible.com"],"resourceTypes":["script"],"urlFilter":"||s.swiftypecdn.com/install/"},"id":407,"priority":30},
{"action":{"type":"allow"},"condition":{"initiatorDomains":["smartcharts.net"],"resourceTypes":["script"],"urlFilter":"||wurfl.io/wurfl.js"},"id":408,"priority":30},
{"action":{"type":"allow"},"condition":{"domainType":"firstParty","resourceTypes":["script"],"urlFilter":"||nutrija.com/js/*_backtotop.js"},"id":409,"priority":30},
{"action":{"type":"allow"},"condition":{"domainType":"firstParty","resourceTypes":["script"],"urlFilter":"||tv-asahi.co.jp/ch/js/scrolltopcontrol.js"},"id":410,"priority":30},
{"action":{"type":"block"},"condition":{"domainType":"thirdParty","urlFilter":"||api.producthunt.com/widgets/"},"id":411,"priority":10},
{"action":{"type":"block"},"condition":{"urlFilter":"/v2/for-page?body=%"},"id":412,"priority":10},
{"action":{"type":"block"},"condition":{"urlFilter":"||assets.poool.fr/engage.min.js"},"id":413,"priority":10},
{"action":{"type":"allow"},"condition":{"domainType":"firstParty","urlFilter":"||powerequipment.honda.com/assets/js/components/hs.go-to.js"},"id":414,"priority":30},
{"action":{"type":"block"},"condition":{"urlFilter":"||gstatic.com/shopping/merchant/merchantwidget.js"},"id":415,"priority":10},
{"action":{"type":"block"},"condition":{"urlFilter":"/plugins/boost/public/js/boost-public-ajax.js"},"id":416,"priority":10},
{"action":{"type":"block"},"condition":{"urlFilter":"/plugins/boost/public/js/boost-public.js"},"id":417,"priority":10},
{"action":{"type":"block"},"condition":{"urlFilter":"/snowfall.js"},"id":418,"priority":10},
{"action":{"type":"block"},"condition":{"domainType":"thirdParty","excludedInitiatorDomains":["savannahgilbo.com"],"urlFilter":"||tryinteract.com^"},"id":419,"priority":10},
{"action":{"type":"block"},"condition":{"urlFilter":"||minorasu.basf.co.jp/shared/scripts/questionnaire.js"},"id":420,"priority":10},
{"action":{"type":"block"},"condition":{"urlFilter":"||timesprayer.today/widget_frame.php"},"id":421,"priority":10}
]
