[
{"action":{"type":"block"},"condition":{"urlFilter":"/banner-publicidad-"},"id":1,"priority":10},
{"action":{"type":"block"},"condition":{"urlFilter":"||animelatinohd.com/popads.js"},"id":2,"priority":10},
{"action":{"type":"block"},"condition":{"urlFilter":"||nuevodiarioweb.com.ar/galeria/publicidad/"},"id":3,"priority":10},
{"action":{"type":"block"},"condition":{"resourceTypes":["xmlhttprequest"],"urlFilter":"/vast_1win.xml"},"id":4,"priority":10},
{"action":{"type":"block"},"condition":{"initiatorDomains":["sticknoticias.com"],"urlFilter":"||cloudfront.net/banners/"},"id":5,"priority":10},
{"action":{"type":"block"},"condition":{"urlFilter":"||profesionalreview.com/wp-content/uploads/*/skin_"},"id":6,"priority":10},
{"action":{"type":"block"},"condition":{"requestDomains":["0-02.net","adzonestatic.com","bannersweb.s3.amazonaws.com","cdnpublicidad.milenio.com","d1r08wok4169a5.cloudfront.net","do67etikr7pwz.cloudfront.net","embi-media.com","getadjacent.com","ic7.co","minube.click","news.grm.cl","palibzh.tech","plx.pornes.xxx","positive-ads.com","pub.tappx.com","publinker.com","publyads.jstag.space","ra.poringa.net","revenuemakerdata.com","ssp.emol.com","sspnm.emol.com","trafico.prensaiberica.es","triggy-banners.web.app"]},"id":7,"priority":10},
{"action":{"type":"block"},"condition":{"domainType":"thirdParty","requestDomains":["a.citiservi.es","afiliadoscasadellibro.uinterbox.com","brand.ad","butlercdn.com","equamarketing.com","evolutionadv.it","fuegodevida.com","googledfp.com","iframes.reyesdelchollo.com","kisa-link.blok.link","premiumads.com.br","premiumleads.com","reypelis.tv","stoic-media.com","tpid.es","wemass.com"]},"id":8,"priority":10},
{"action":{"type":"block"},"condition":{"domainType":"thirdParty","urlFilter":"||opcionempleo.com/partners/"},"id":9,"priority":10},
{"action":{"type":"block"},"condition":{"urlFilter":"||urgente24.com//js-custom/banner-side-min-version-"},"id":10,"priority":10},
{"action":{"type":"block"},"condition":{"urlFilter":"||urgente24.com/adjuntos/319/banners/"},"id":11,"priority":10},
{"action":{"type":"block"},"condition":{"urlFilter":"||tornquistdistrital.com.ar/adjuntos/tdistrital/pubs/"},"id":12,"priority":10},
{"action":{"type":"allow"},"condition":{"initiatorDomains":["videos.cuantarazon.com","videos.humorenserie.com","videos.memedeportes.com","videos.vistoenlasredes.com","videos.vrutal.com"],"resourceTypes":["script","stylesheet"],"urlFilter":"||tpc.googlesyndication.com^"},"id":13,"priority":30},
{"action":{"type":"block"},"condition":{"initiatorDomains":["estrenosdoramas.net","m.animeflv.net","pornotorrent.es"],"urlFilter":"||amazonaws.com^"},"id":14,"priority":10},
{"action":{"type":"allow"},"condition":{"initiatorDomains":["alkosto.com","ktronix.com"],"resourceTypes":["image","xmlhttprequest"],"urlFilter":"||alkosto.cdn.adglare.net^"},"id":15,"priority":30},
{"action":{"type":"allow"},"condition":{"initiatorDomains":["alkosto.com","ktronix.com"],"resourceTypes":["script","xmlhttprequest"],"urlFilter":"||alkosto.engine.adglare.net^"},"id":16,"priority":30},
{"action":{"type":"block"},"condition":{"initiatorDomains":["mega-mkv.com"],"urlFilter":"||bit.ly^"},"id":17,"priority":10},
{"action":{"type":"block"},"condition":{"initiatorDomains":["horadeopinion.com.ar"],"urlFilter":"||ibb.co^"},"id":18,"priority":10},
{"action":{"type":"block"},"condition":{"initiatorDomains":["ahoraeg.com"],"urlFilter":"||nacash.net^"},"id":19,"priority":10},
{"action":{"type":"block"},"condition":{"initiatorDomains":["visortmo.com"],"urlFilter":"||outbrain.com^"},"id":20,"priority":10},
{"action":{"type":"block"},"condition":{"initiatorDomains":["seriesly.top"],"urlFilter":"||tinyurl.com^"},"id":21,"priority":10},
{"action":{"type":"block"},"condition":{"initiatorDomains":["verpeliculasporno.gratis"],"urlFilter":"||imgur.com^"},"id":22,"priority":10},
{"action":{"type":"block"},"condition":{"initiatorDomains":["fulltv.com.ar"],"urlFilter":"||fulltv.video^"},"id":23,"priority":10},
{"action":{"type":"block"},"condition":{"initiatorDomains":["mdzol.com"],"urlFilter":"||images.sprinklecontent.com^"},"id":24,"priority":10},
{"action":{"type":"block"},"condition":{"initiatorDomains":["cadena3.com"],"urlFilter":"||mundodescuento.s3.amazonaws.com^"},"id":25,"priority":10},
{"action":{"type":"block"},"condition":{"initiatorDomains":["portalfruticola.com"],"resourceTypes":["image"],"urlFilter":"||pf-ffp-cfp-banners.storage.googleapis.com^"},"id":26,"priority":10},
{"action":{"type":"block"},"condition":{"initiatorDomains":["aulafacil.com"],"resourceTypes":["script"],"urlFilter":"||videoo.tv^"},"id":27,"priority":10},
{"action":{"type":"block"},"condition":{"initiatorDomains":["elpopular.mx"],"resourceTypes":["sub_frame"],"urlFilter":"||todopuebla.com^"},"id":28,"priority":10},
{"action":{"type":"block"},"condition":{"domainType":"thirdParty","initiatorDomains":["animeyt.es"],"urlFilter":"||truepush.com^"},"id":29,"priority":10},
{"action":{"type":"allow"},"condition":{"initiatorDomains":["vivotvhd.com"],"urlFilter":"||vast.yashi.com^"},"id":30,"priority":30},
{"action":{"type":"block"},"condition":{"urlFilter":"||advgo.net/ads/"},"id":31,"priority":10},
{"action":{"type":"block"},"condition":{"initiatorDomains":["pandrama.com"],"urlFilter":"||alicdn.com/t/"},"id":32,"priority":10},
{"action":{"type":"allow"},"condition":{"initiatorDomains":["expansion.com"],"resourceTypes":["script"],"urlFilter":"||securepubads.g.doubleclick.net^"},"id":33,"priority":30},
{"action":{"type":"block"},"condition":{"initiatorDomains":["reforma.com"],"urlFilter":"||avisosdeocasion.com/reforma/gcavisoscom/"},"id":34,"priority":10},
{"action":{"type":"block"},"condition":{"domainType":"thirdParty","urlFilter":"||neuvoo.com/services/jobroll/"},"id":35,"priority":10},
{"action":{"type":"block"},"condition":{"urlFilter":"||getadjacent.com/amd/*/ned-adjacent-ads.min.js"},"id":36,"priority":10},
{"action":{"type":"block"},"condition":{"urlFilter":"||grupnaciodigital.cat/redaccio/publicitat/"},"id":37,"priority":10},
{"action":{"type":"block"},"condition":{"initiatorDomains":["datoscif.es"],"urlFilter":"||windows.net/images/banner/"},"id":38,"priority":10},
{"action":{"type":"block"},"condition":{"urlFilter":"||interactvty.com/api/2.0/ads/"},"id":39,"priority":10},
{"action":{"type":"block"},"condition":{"urlFilter":"||servicoop.com/banner/"},"id":40,"priority":10},
{"action":{"type":"block"},"condition":{"urlFilter":"||criptoya.com/banner/"},"id":41,"priority":10},
{"action":{"type":"block"},"condition":{"urlFilter":"||vario.tv/play.gif"},"id":42,"priority":10},
{"action":{"type":"block"},"condition":{"urlFilter":"||vario.tv/playf.gif"},"id":43,"priority":10},
{"action":{"type":"block"},"condition":{"urlFilter":"||wp.pl/bidder/usersync?"},"id":44,"priority":10},
{"action":{"type":"block"},"condition":{"urlFilter":"||eldiariodelapampa.com.ar/publipablo/"},"id":45,"priority":10},
{"action":{"type":"block"},"condition":{"urlFilter":"||pornogratis.online/promo/"},"id":46,"priority":10},
{"action":{"type":"block"},"condition":{"urlFilter":"||pornoplay.online/api/spots/"},"id":47,"priority":10},
{"action":{"type":"block"},"condition":{"urlFilter":"||webcampornoxxx.net/promo/"},"id":48,"priority":10},
{"action":{"type":"block"},"condition":{"urlFilter":"||agencianova.com/avisos/"},"id":49,"priority":10},
{"action":{"type":"block"},"condition":{"urlFilter":"||aica.org/imagenes/pubs/"},"id":50,"priority":10},
{"action":{"type":"block"},"condition":{"urlFilter":"||albaceteabierto.es/anuncios/"},"id":51,"priority":10},
{"action":{"type":"block"},"condition":{"initiatorDomains":["autosusados.cl"],"urlFilter":"||api.servicesdtk2.cl/v1/count/banners"},"id":52,"priority":10},
{"action":{"type":"block"},"condition":{"urlFilter":"||arquimaster.com.ar/banners/"},"id":53,"priority":10},
{"action":{"type":"block"},"condition":{"urlFilter":"||arquimaster.com.ar/images/banners.htm"},"id":54,"priority":10},
{"action":{"type":"block"},"condition":{"urlFilter":"||artesacro.org/imagenes/baner_"},"id":55,"priority":10},
{"action":{"type":"block"},"condition":{"urlFilter":"||atacamaenlinea.cl/wp-content/uploads/*/banner_caserones_"},"id":56,"priority":10},
{"action":{"type":"block"},"condition":{"urlFilter":"||cine24h.net/banners/"},"id":57,"priority":10},
{"action":{"type":"block"},"condition":{"urlFilter":"||cinetux.nu/api/spots/"},"id":58,"priority":10},
{"action":{"type":"block"},"condition":{"urlFilter":"||clivertv.xyz/assets/img/suscripcion.png"},"id":59,"priority":10},
{"action":{"type":"block"},"condition":{"urlFilter":"||clm21.es/anuncios/"},"id":60,"priority":10},
{"action":{"type":"block"},"condition":{"urlFilter":"||cronicabalear.es/access/public/img/anuncios/"},"id":61,"priority":10},
{"action":{"type":"block"},"condition":{"urlFilter":"||cronista.com/files/banner/"},"id":62,"priority":10},
{"action":{"type":"block"},"condition":{"urlFilter":"||cuencanews.es/anuncios/"},"id":63,"priority":10},
{"action":{"type":"block"},"condition":{"urlFilter":"||cuevana.biz/edgesystemrunv2.js"},"id":64,"priority":10},
{"action":{"type":"block"},"condition":{"urlFilter":"||cuevana.cloud/edgesystemrun.js"},"id":65,"priority":10},
{"action":{"type":"block"},"condition":{"urlFilter":"||cuevana3.plus/perversas.jpg"},"id":66,"priority":10},
{"action":{"type":"block"},"condition":{"urlFilter":"||descargasdd.org/images/amazon.gif"},"id":67,"priority":10},
{"action":{"type":"block"},"condition":{"urlFilter":"||diariodelaribera.net/imagenes/banner"},"id":68,"priority":10},
{"action":{"type":"block"},"condition":{"urlFilter":"||diariodeteruel.es/uploads/diariodeteruel/promos/"},"id":69,"priority":10},
{"action":{"type":"block"},"condition":{"urlFilter":"||diarioviregion.cl/images/banners/"},"id":70,"priority":10},
{"action":{"type":"block"},"condition":{"urlFilter":"||elciudadanoweb.com/wp-content/plugins/aparg-smartad/"},"id":71,"priority":10},
{"action":{"type":"block"},"condition":{"urlFilter":"||elesquiu.com/u/banners/"},"id":72,"priority":10},
{"action":{"type":"block"},"condition":{"urlFilter":"||elmundofinanciero.com/anuncios/"},"id":73,"priority":10},
{"action":{"type":"block"},"condition":{"urlFilter":"||elpais.com.co/js/frontend/ads/"},"id":74,"priority":10},
{"action":{"type":"block"},"condition":{"urlFilter":"||elperiodico.cl/wp-content/uploads/*/banner-"},"id":75,"priority":10},
{"action":{"type":"block"},"condition":{"urlFilter":"||emol.cl/emol50/js/publicidadsetup/"},"id":76,"priority":10},
{"action":{"type":"block"},"condition":{"urlFilter":"||es.zenit.org/banners/"},"id":77,"priority":10},
{"action":{"type":"block"},"condition":{"urlFilter":"||fronteradigital.com.ve/assets/img/advertising/"},"id":78,"priority":10},
{"action":{"type":"block"},"condition":{"urlFilter":"||adiscusion.com/ads/"},"id":79,"priority":10},
{"action":{"type":"block"},"condition":{"urlFilter":"||gamestorrents.fm/433b.png"},"id":80,"priority":10},
{"action":{"type":"block"},"condition":{"initiatorDomains":["habitaclia.com"],"urlFilter":"||habimg.com/hab_banners/"},"id":81,"priority":10},
{"action":{"type":"block"},"condition":{"urlFilter":"||inmanga.com/ads/"},"id":82,"priority":10},
{"action":{"type":"block"},"condition":{"urlFilter":"||juanfutbol.com/caliente-ticker-widget?"},"id":83,"priority":10},
{"action":{"type":"block"},"condition":{"urlFilter":"||lapostaldemardelplata.com/img/avisos/"},"id":84,"priority":10},
{"action":{"type":"block"},"condition":{"urlFilter":"||lasamericasnews.com/images/avisos/"},"id":85,"priority":10},
{"action":{"type":"block"},"condition":{"urlFilter":"||lasamericasnews.com/images/banners/"},"id":86,"priority":10},
{"action":{"type":"block"},"condition":{"urlFilter":"||lasubasta.com/img/ners/"},"id":87,"priority":10},
{"action":{"type":"block"},"condition":{"urlFilter":"||lateja.cr/gnfactory/brandvoice/"},"id":88,"priority":10},
{"action":{"type":"block"},"condition":{"urlFilter":"||mediaserver.emol.cl/other/lleison/"},"id":89,"priority":10},
{"action":{"type":"block"},"condition":{"urlFilter":"||mil21.es/anuncios/"},"id":90,"priority":10},
{"action":{"type":"block"},"condition":{"urlFilter":"||nacion.com/gnfactory/brandvoice/"},"id":91,"priority":10},
{"action":{"type":"block"},"condition":{"urlFilter":"||novachaco.com/avisos/"},"id":92,"priority":10},
{"action":{"type":"block"},"condition":{"urlFilter":"||novalaplata.com/avisos/"},"id":93,"priority":10},
{"action":{"type":"block"},"condition":{"urlFilter":"||otakuteca.com/images/books/cover/cru_300."},"id":94,"priority":10},
{"action":{"type":"block"},"condition":{"urlFilter":"||otakuteca.com/images/books/cover/n_728."},"id":95,"priority":10},
{"action":{"type":"block"},"condition":{"urlFilter":"||pelispop.info/ekbg80sp.js"},"id":96,"priority":10},
{"action":{"type":"block"},"condition":{"urlFilter":"||pescare.com.ar/wp-content/uploads/*/grupo-"},"id":97,"priority":10},
{"action":{"type":"block"},"condition":{"urlFilter":"||playdede.us/1_1.gif"},"id":98,"priority":10},
{"action":{"type":"block"},"condition":{"urlFilter":"||playdede.us/1winvideo2.mp4"},"id":99,"priority":10},
{"action":{"type":"block"},"condition":{"urlFilter":"||player.cuevana.biz/assets/vast_"},"id":100,"priority":10},
{"action":{"type":"block"},"condition":{"urlFilter":"||player.cuevana2espanol.net/assets/vast_"},"id":101,"priority":10},
{"action":{"type":"block"},"condition":{"urlFilter":"||player.cuevana3.eu/assets/vast_"},"id":102,"priority":10},
{"action":{"type":"block"},"condition":{"urlFilter":"||player.cuevana8.com/assets/vast_"},"id":103,"priority":10},
{"action":{"type":"block"},"condition":{"urlFilter":"||player.gnula.nu/assets/vast_"},"id":104,"priority":10},
{"action":{"type":"block"},"condition":{"urlFilter":"||player.repelis24.life/assets/vast_"},"id":105,"priority":10},
{"action":{"type":"block"},"condition":{"urlFilter":"||puromarketing.com/adxs/"},"id":106,"priority":10},
{"action":{"type":"block"},"condition":{"urlFilter":"||redtarapaca.com^*/ahorrocorp.jpg"},"id":107,"priority":10},
{"action":{"type":"block"},"condition":{"urlFilter":"||ripollesdigital.cat/imatges/ripollesdigital.cat/ginys/"},"id":108,"priority":10},
{"action":{"type":"block"},"condition":{"urlFilter":"||spanishcorrector.com/cnc/"},"id":109,"priority":10},
{"action":{"type":"block"},"condition":{"urlFilter":"||static.publinews.gt/*/skin-"},"id":110,"priority":10},
{"action":{"type":"block"},"condition":{"initiatorDomains":["autosusados.cl"],"urlFilter":"||storage.googleapis.com/foto_autosusados/banners/"},"id":111,"priority":10},
{"action":{"type":"block"},"condition":{"urlFilter":"||streamsito.com/static/vast_"},"id":112,"priority":10},
{"action":{"type":"block"},"condition":{"urlFilter":"||studiofutbol.com.ec/tabla2021/images/banner-copa-300x90.jpg"},"id":113,"priority":10},
{"action":{"type":"block"},"condition":{"urlFilter":"||tcccdn.com^*/banner/"},"id":114,"priority":10},
{"action":{"type":"block"},"condition":{"urlFilter":"||upcloud.alfabeta.net/zonas.js"},"id":115,"priority":10},
{"action":{"type":"block"},"condition":{"urlFilter":"||verepeliculas.com/dowload/musicabanner.gif"},"id":116,"priority":10},
{"action":{"type":"block"},"condition":{"urlFilter":"||ondavalencia.es/images/001_bloginforam.png"},"id":117,"priority":10},
{"action":{"type":"block"},"condition":{"urlFilter":"||ondavalencia.es/images/002_mora-_2.png"},"id":118,"priority":10},
{"action":{"type":"block"},"condition":{"urlFilter":"||ondavalencia.es/images/003_ferreteria_els_cunyats.png"},"id":119,"priority":10},
{"action":{"type":"block"},"condition":{"urlFilter":"||ondavalencia.es/images/004_blog_aisval.png"},"id":120,"priority":10},
{"action":{"type":"block"},"condition":{"urlFilter":"||ondavalencia.es/images/005_aguadulce.png"},"id":121,"priority":10},
{"action":{"type":"block"},"condition":{"urlFilter":"||ondavalencia.es/images/006_talleres_el_ma%c3%91o.png"},"id":122,"priority":10},
{"action":{"type":"block"},"condition":{"urlFilter":"||ondavalencia.es/images/007_tapiceria_quert.png"},"id":123,"priority":10},
{"action":{"type":"block"},"condition":{"urlFilter":"||ondavalencia.es/images/009_pinazo_y_burlay_g_de_castro.png"},"id":124,"priority":10},
{"action":{"type":"block"},"condition":{"urlFilter":"||ondavalencia.es/images/011_mavimar_nuevo_faldon.png"},"id":125,"priority":10},
{"action":{"type":"block"},"condition":{"urlFilter":"||ondavalencia.es/images/012_el_tabalet_ind_valenciana.png"},"id":126,"priority":10},
{"action":{"type":"block"},"condition":{"urlFilter":"||ondavalencia.es/images/012_el_tabalet_ind_valenciana_2.png"},"id":127,"priority":10},
{"action":{"type":"block"},"condition":{"urlFilter":"||ondavalencia.es/images/014_fil_dor_nuevo.png"},"id":128,"priority":10},
{"action":{"type":"block"},"condition":{"urlFilter":"||ondavalencia.es/images/021_peluqueria_saez.png"},"id":129,"priority":10},
{"action":{"type":"block"},"condition":{"urlFilter":"||ondavalencia.es/images/022_pulidos_guillermo_martinez.png"},"id":130,"priority":10},
{"action":{"type":"block"},"condition":{"urlFilter":"||ondavalencia.es/images/025_blog_asador_chirivella.png"},"id":131,"priority":10},
{"action":{"type":"block"},"condition":{"urlFilter":"||ondavalencia.es/images/027_artesania_viana.png"},"id":132,"priority":10},
{"action":{"type":"block"},"condition":{"urlFilter":"||ondavalencia.es/images/029_tien_21_broseta.png"},"id":133,"priority":10},
{"action":{"type":"block"},"condition":{"urlFilter":"||ondavalencia.es/images/031_ponte_guapa_centro_de_estetica.png"},"id":134,"priority":10},
{"action":{"type":"block"},"condition":{"urlFilter":"||ondavalencia.es/images/032_valenhaus.png"},"id":135,"priority":10},
{"action":{"type":"block"},"condition":{"urlFilter":"||ondavalencia.es/images/033_calzados_trinidad_melendez.png"},"id":136,"priority":10},
{"action":{"type":"block"},"condition":{"urlFilter":"||ondavalencia.es/images/036_lorena_estilista.png"},"id":137,"priority":10},
{"action":{"type":"block"},"condition":{"urlFilter":"||ondavalencia.es/images/038_congelados_andres_y_m_carmen.png"},"id":138,"priority":10},
{"action":{"type":"block"},"condition":{"urlFilter":"||ondavalencia.es/images/046_encarna_piquer.png"},"id":139,"priority":10},
{"action":{"type":"block"},"condition":{"urlFilter":"||ondavalencia.es/images/10_silvia_mas_donetta.png"},"id":140,"priority":10},
{"action":{"type":"block"},"condition":{"urlFilter":"||ondavalencia.es/images/1676_bis_pilar_valverde_indumentaria_valenciana.png"},"id":141,"priority":10},
{"action":{"type":"block"},"condition":{"urlFilter":"||ondavalencia.es/images/1808_mudanzas_benicalap.png"},"id":142,"priority":10},
{"action":{"type":"block"},"condition":{"urlFilter":"||ondavalencia.es/images/32_valenhaus_guia.jpg"},"id":143,"priority":10},
{"action":{"type":"block"},"condition":{"initiatorDomains":["diariodecadiz.es","diariodejerez.es","diariodesevilla.es","elalmeria.es","eldiadecordoba.es","europasur.es","granadahoy.com","huelvainformacion.es","malagahoy.es"],"urlFilter":"/static/bb3html/images/*sponsor*.png"},"id":144,"priority":10},
{"action":{"type":"block"},"condition":{"initiatorDomains":["tribunaavila.com","tribunaburgos.com","tribunaleon.com","tribunapalencia.com","tribunasalamanca.com","tribunasegovia.com","tribunasoria.com","tribunavalladolid.com","tribunazamora.com"],"urlFilter":"/uploads/advertisings/"},"id":145,"priority":10},
{"action":{"type":"block"},"condition":{"urlFilter":"||eltiempo.com/get-ads/"},"id":146,"priority":10},
{"action":{"type":"block"},"condition":{"urlFilter":"||libertaddigital.com/pub/"},"id":147,"priority":10},
{"action":{"type":"block"},"condition":{"urlFilter":"||metrolatam.com^/banners/"},"id":148,"priority":10},
{"action":{"type":"allow"},"condition":{"initiatorDomains":["envivo.adnradio.cl"],"resourceTypes":["script"],"urlFilter":"||2mdn.net/instream/html5/ima3.js"},"id":149,"priority":30},
{"action":{"type":"allow"},"condition":{"initiatorDomains":["adnradio.cl"],"urlFilter":"||cdn.getadjacent.com/amd/ned-adjacent.min.js"},"id":150,"priority":30},
{"action":{"type":"block"},"condition":{"urlFilter":"||acortalo.net/js/clasicotas.js"},"id":157,"priority":10},
{"action":{"type":"block"},"condition":{"urlFilter":"||agar.live/300banner.gif"},"id":158,"priority":10},
{"action":{"type":"block"},"condition":{"urlFilter":"||agenciafe.com/data/img_cont/img_banners/"},"id":159,"priority":10},
{"action":{"type":"block"},"condition":{"urlFilter":"||agma.io/img/agmaad/"},"id":160,"priority":10},
{"action":{"type":"block"},"condition":{"urlFilter":"||apfdigital.com.ar/imgpublicidad/"},"id":167,"priority":10},
{"action":{"type":"block"},"condition":{"urlFilter":"||azarplus.com/fotos/banners"},"id":168,"priority":10},
{"action":{"type":"block"},"condition":{"urlFilter":"||azarplus.com/includes/greybox/ajs.js"},"id":169,"priority":10},
{"action":{"type":"block"},"condition":{"urlFilter":"||babalonia.com/images/promo/*.gif"},"id":170,"priority":10},
{"action":{"type":"block"},"condition":{"urlFilter":"||bajafiles.net/ima.gif"},"id":171,"priority":10},
{"action":{"type":"block"},"condition":{"urlFilter":"||bajafiles.net/leer.jpg"},"id":172,"priority":10},
{"action":{"type":"block"},"condition":{"urlFilter":"||bienesrosario.com/resources/banner/"},"id":173,"priority":10},
{"action":{"type":"block"},"condition":{"initiatorDomains":["reconquistanoticias.blogspot.com"],"urlFilter":"||blogger.googleusercontent.com/img/a/"},"id":174,"priority":10},
{"action":{"type":"block"},"condition":{"initiatorDomains":["puertocampoynegocios.com"],"urlFilter":"||blogspot.com/*.gif"},"id":175,"priority":10},
{"action":{"type":"block"},"condition":{"urlFilter":"||cadizbuenasnoticias.com/wp-content/banners/"},"id":176,"priority":10},
{"action":{"type":"block"},"condition":{"initiatorDomains":["elchubut.com.ar"],"urlFilter":"||caletadesarrollos.com/marketing/banner-pc/banner-pc.html^"},"id":177,"priority":10},
{"action":{"type":"block"},"condition":{"urlFilter":"||capodeportes.net/extremotv/abajo.php"},"id":178,"priority":10},
{"action":{"type":"block"},"condition":{"urlFilter":"||capodeportes.net/extremotv/arriba.php"},"id":179,"priority":10},
{"action":{"type":"block"},"condition":{"urlFilter":"||capodeportes.net/extremotv/lateral.php"},"id":180,"priority":10},
{"action":{"type":"block"},"condition":{"urlFilter":"||capoplay.com/z-"},"id":181,"priority":10},
{"action":{"type":"block"},"condition":{"urlFilter":"||cartademexico.com/web/banner/"},"id":182,"priority":10},
{"action":{"type":"block"},"condition":{"urlFilter":"||casinonewsdaily.es/wp-content/uploads/popups/"},"id":183,"priority":10},
{"action":{"type":"block"},"condition":{"urlFilter":"||cdn.exur.com/notmundo/"},"id":184,"priority":10},
{"action":{"type":"block"},"condition":{"urlFilter":"||cdn23.merca20.com/wp-content/uploads/2017/10/panorama-marketing-farmaceutico.jpg"},"id":185,"priority":10},
{"action":{"type":"block"},"condition":{"urlFilter":"||chacohoy.com/files/banners/"},"id":186,"priority":10},
{"action":{"type":"block"},"condition":{"urlFilter":"||chatzona.net/img/amigos-banner.jpg"},"id":187,"priority":10},
{"action":{"type":"block"},"condition":{"urlFilter":"||cloudfront.net/odd/widgets/220x308.html"},"id":188,"priority":10},
{"action":{"type":"block"},"condition":{"urlFilter":"||comodorodeportes.gov.ar/wp-content/uploads/*/*/*.gif"},"id":189,"priority":10},
{"action":{"type":"block"},"condition":{"urlFilter":"||conjugacion.es/img/mosalingua/"},"id":190,"priority":10},
{"action":{"type":"block"},"condition":{"urlFilter":"||contextotucuman.com//banners/"},"id":191,"priority":10},
{"action":{"type":"block"},"condition":{"urlFilter":"||cronista.com/arte/pcwlogo.png"},"id":192,"priority":10},
{"action":{"type":"block"},"condition":{"urlFilter":"||css01.lavanguardia.com/imagenes/cajahtml/loterias.gif"},"id":193,"priority":10},
{"action":{"type":"block"},"condition":{"urlFilter":"||cualesmiip.com/images/banner"},"id":194,"priority":10},
{"action":{"type":"block"},"condition":{"urlFilter":"||cuartopoder.es//images/movistarfusion.jpg"},"id":195,"priority":10},
{"action":{"type":"block"},"condition":{"urlFilter":"||darkstone.es/themes/default/images/banners/"},"id":196,"priority":10},
{"action":{"type":"block"},"condition":{"urlFilter":"||deia.eus/elementosweb/gestioncajas/dei/image/*//laribera-banner-deia-*.gif^"},"id":197,"priority":10},
{"action":{"type":"block"},"condition":{"urlFilter":"||deportetandilense.com.ar/publicidades_cate/"},"id":198,"priority":10},
{"action":{"type":"block"},"condition":{"urlFilter":"||desdesoria.es/wp-content/uploads/*/*/*.gif"},"id":199,"priority":10},
{"action":{"type":"block"},"condition":{"urlFilter":"||diagonales.com/multimedios/ads/"},"id":200,"priority":10},
{"action":{"type":"block"},"condition":{"urlFilter":"||diariocorreo.pe/static/diariocorreo_redesign/img/manual-del-exportador.jpg"},"id":201,"priority":10},
{"action":{"type":"block"},"condition":{"urlFilter":"||diariodesevilla.es/2016/11/09/botones_fijos/movistar-deportes_1079902371_60088437_246x27.png"},"id":202,"priority":10},
{"action":{"type":"block"},"condition":{"urlFilter":"||diariodetorremolinos.com/_uploads/imgbanners/"},"id":203,"priority":10},
{"action":{"type":"block"},"condition":{"urlFilter":"||diarioeldia.cl/banner/"},"id":204,"priority":10},
{"action":{"type":"block"},"condition":{"urlFilter":"||diarioeldia.cl/interstitial*.js"},"id":205,"priority":10},
{"action":{"type":"block"},"condition":{"urlFilter":"||diarioelinformante.com.ar/publis"},"id":206,"priority":10},
{"action":{"type":"block"},"condition":{"urlFilter":"||diariolaprovinciasj.com/u/banners/"},"id":207,"priority":10},
{"action":{"type":"block"},"condition":{"urlFilter":"||diarionoticias.com.ar/images/banner/banner"},"id":208,"priority":10},
{"action":{"type":"block"},"condition":{"urlFilter":"||diarionoticias.com.ar/images/banner_"},"id":209,"priority":10},
{"action":{"type":"block"},"condition":{"urlFilter":"||diarioresponsable.com/images/banners"},"id":210,"priority":10},
{"action":{"type":"block"},"condition":{"urlFilter":"||diarioresponsable.com/images/castellananorte19032020.jpg"},"id":211,"priority":10},
{"action":{"type":"block"},"condition":{"urlFilter":"||diarioresponsable.com/images/triodos_2019-06.jpg"},"id":212,"priority":10},
{"action":{"type":"block"},"condition":{"urlFilter":"||diariotextual.com/inicio/wp-content/uploads/*/*/*.gif"},"id":213,"priority":10},
{"action":{"type":"block"},"condition":{"urlFilter":"||diariotextual.com/inicio/wp-content/uploads/*/*/banner"},"id":214,"priority":10},
{"action":{"type":"block"},"condition":{"urlFilter":"||diariovictoria.com.ar/wp-content/uploads/*.gif"},"id":215,"priority":10},
{"action":{"type":"block"},"condition":{"urlFilter":"||domisfera.com/img/patrocinadores/"},"id":216,"priority":10},
{"action":{"type":"block"},"condition":{"urlFilter":"||dontorrents.org/images/netflixprime.jpg"},"id":217,"priority":10},
{"action":{"type":"block"},"condition":{"urlFilter":"||dontorrents.org/images/startgaming*.jpg"},"id":218,"priority":10},
{"action":{"type":"block"},"condition":{"urlFilter":"||ecestaticos.com/file/127008ee463cd1776595c5cf2b0ff780/1434970380.png"},"id":219,"priority":10},
{"action":{"type":"block"},"condition":{"urlFilter":"||ecestaticos.com/file/c321612b3020bee67701c43d5d3129f7/1434970318.png"},"id":220,"priority":10},
{"action":{"type":"block"},"condition":{"urlFilter":"||economia3.com/wp-content/uploads/*/*/*.gif"},"id":221,"priority":10},
{"action":{"type":"block"},"condition":{"urlFilter":"||eestatic.com/assets_css/img/axa-portada-deportes.png"},"id":222,"priority":10},
{"action":{"type":"block"},"condition":{"urlFilter":"||elancasti.com.ar/u/banners/"},"id":223,"priority":10},
{"action":{"type":"block"},"condition":{"urlFilter":"||elchapuzasinformatico.com/wp-content/uploads/*/skin-"},"id":224,"priority":10},
{"action":{"type":"block"},"condition":{"urlFilter":"||elchapuzasinformatico.com/wp-content/uploads/*banner-"},"id":225,"priority":10},
{"action":{"type":"block"},"condition":{"urlFilter":"||elcucodigital.com/*.gif"},"id":226,"priority":10},
{"action":{"type":"block"},"condition":{"urlFilter":"||eldestapeweb.com/adjuntos/177/banners/"},"id":227,"priority":10},
{"action":{"type":"block"},"condition":{"urlFilter":"||eldiariodelapampa.com.ar/images/banners/"},"id":228,"priority":10},
{"action":{"type":"block"},"condition":{"urlFilter":"||eldiariodemadryn.com/wp-content/themes/eldiario_2017_bootstrap/images/ecoplas-banner-300x250px-1.gif"},"id":229,"priority":10},
{"action":{"type":"block"},"condition":{"urlFilter":"||eldiarionuevodia.com.ar/u/banners/"},"id":230,"priority":10},
{"action":{"type":"block"},"condition":{"urlFilter":"||eldivisadero.cl/media/banner/"},"id":231,"priority":10},
{"action":{"type":"block"},"condition":{"urlFilter":"||elmundo.es^*/patrocinador/"},"id":232,"priority":10},
{"action":{"type":"block"},"condition":{"urlFilter":"||elpatagonico.com/adjuntos/193/banners/"},"id":233,"priority":10},
{"action":{"type":"block"},"condition":{"urlFilter":"||elpuntodeequilibrio.com/assets/banners/"},"id":234,"priority":10},
{"action":{"type":"block"},"condition":{"urlFilter":"||escolar.net/wp-content/hoyenvertele*.jpg"},"id":235,"priority":10},
{"action":{"type":"block"},"condition":{"urlFilter":"||especiales.woman.es/wid-deportivos/index.html"},"id":236,"priority":10},
{"action":{"type":"block"},"condition":{"urlFilter":"||eventrid.cl/banner_espectaculos_cuadro"},"id":237,"priority":10},
{"action":{"type":"block"},"condition":{"urlFilter":"||farox.com/barra_productos/"},"id":238,"priority":10},
{"action":{"type":"block"},"condition":{"urlFilter":"||file01.lavanguardia.com/2013/04/09/54371066983-file.jpg"},"id":239,"priority":10},
{"action":{"type":"block"},"condition":{"urlFilter":"||file02.lavanguardia.com/*/*-patrocinadoragregadores.jpg"},"id":240,"priority":10},
{"action":{"type":"block"},"condition":{"urlFilter":"||file02.lavanguardia.com/2015/01/19/54423532669-file.png"},"id":241,"priority":10},
{"action":{"type":"block"},"condition":{"urlFilter":"||file02.lavanguardia.com/2015/03/02/54428665978-file.jpg"},"id":242,"priority":10},
{"action":{"type":"block"},"condition":{"urlFilter":"||file02.lavanguardia.com/2015/06/30/54432622531-file.jpg"},"id":243,"priority":10},
{"action":{"type":"block"},"condition":{"urlFilter":"||fm899.com.ar/public/images/banners/"},"id":244,"priority":10},
{"action":{"type":"block"},"condition":{"urlFilter":"||forocoches.com/image/varios/hawkers_2017a.png"},"id":245,"priority":10},
{"action":{"type":"block"},"condition":{"urlFilter":"||forokeys.com/foro/banners/"},"id":246,"priority":10},
{"action":{"type":"block"},"condition":{"urlFilter":"||foroparalelo.com/images/avisos/"},"id":247,"priority":10},
{"action":{"type":"block"},"condition":{"urlFilter":"||gacetamercantil.com.ar/banners/"},"id":248,"priority":10},
{"action":{"type":"block"},"condition":{"urlFilter":"||gamestorrents.*/realtime/"},"id":249,"priority":10},
{"action":{"type":"block"},"condition":{"urlFilter":"||geeknetic.es/ajax/serveadvert-live.asp?"},"id":250,"priority":10},
{"action":{"type":"block"},"condition":{"urlFilter":"||gnula.cc/kljhumsw.js"},"id":251,"priority":10},
{"action":{"type":"block"},"condition":{"urlFilter":"||gnula2.co/js/extra.js"},"id":252,"priority":10},
{"action":{"type":"block"},"condition":{"urlFilter":"||googleapis.com/lanacion-media-storage/*bannernacionnews.png"},"id":253,"priority":10},
{"action":{"type":"block"},"condition":{"urlFilter":"||gualeguaychu.gov.ar/apps/web/images/temporales/municipalidad-06.png"},"id":254,"priority":10},
{"action":{"type":"block"},"condition":{"urlFilter":"||hazteveg.com/img/banner"},"id":255,"priority":10},
{"action":{"type":"block"},"condition":{"urlFilter":"||hitfm.es/view/imgs/trident-hit-fm-fondo-*.jpg"},"id":256,"priority":10},
{"action":{"type":"block"},"condition":{"urlFilter":"||horadeopinion.com.ar/imagenes/*.gif"},"id":257,"priority":10},
{"action":{"type":"block"},"condition":{"urlFilter":"||horadeopinion.com.ar/wp-content/uploads/*/*/*.gif"},"id":258,"priority":10},
{"action":{"type":"block"},"condition":{"urlFilter":"||hostinet.com/comprar/affiliate/resource/"},"id":259,"priority":10},
{"action":{"type":"block"},"condition":{"urlFilter":"||hostinet.com/hstatics/templates/images/banner/"},"id":260,"priority":10},
{"action":{"type":"block"},"condition":{"urlFilter":"||hoyaragon.es/wp-content/uploads/*300x"},"id":261,"priority":10},
{"action":{"type":"block"},"condition":{"urlFilter":"||hoyaragon.es/wp-content/uploads/*_bmw_phev_nunca_tan_libre_descuento_goya_automocion_display_1000x250-*2.jpg"},"id":262,"priority":10},
{"action":{"type":"block"},"condition":{"urlFilter":"||hoyaragon.es/wp-content/uploads/*arvesa"},"id":263,"priority":10},
{"action":{"type":"block"},"condition":{"urlFilter":"||huelva24.com/upload/img/periodico/*.gif"},"id":264,"priority":10},
{"action":{"type":"block"},"condition":{"urlFilter":"||i.imgur.com/yqo2mgc.jpg"},"id":265,"priority":10},
{"action":{"type":"block"},"condition":{"urlFilter":"||imagenes.aquienlasierra.es/2019/"},"id":266,"priority":10},
{"action":{"type":"block"},"condition":{"urlFilter":"||imagenes.aquienlasierra.es/2020/"},"id":267,"priority":10},
{"action":{"type":"block"},"condition":{"urlFilter":"||imagenes.aquienlasierra.es/2021/"},"id":268,"priority":10},
{"action":{"type":"block"},"condition":{"urlFilter":"||images.eldiario.es/fotos/articulo-patrocinado"},"id":269,"priority":10},
{"action":{"type":"block"},"condition":{"urlFilter":"||img01.lavanguardia.com/2013/05/16/logo-canal-castellers-*.jpg"},"id":271,"priority":10},
{"action":{"type":"block"},"condition":{"urlFilter":"||img02.lavanguardia.com/*/vaughan-certified_*.jpg"},"id":272,"priority":10},
{"action":{"type":"block"},"condition":{"urlFilter":"||imgur.com/jlgkz0q.jpg"},"id":273,"priority":10},
{"action":{"type":"block"},"condition":{"urlFilter":"||impulsobaires.com.ar/uploads/banners/"},"id":274,"priority":10},
{"action":{"type":"block"},"condition":{"urlFilter":"||impulsonegocios.com/wp-content/uploads/*/*/*.gif"},"id":275,"priority":10},
{"action":{"type":"block"},"condition":{"urlFilter":"||impulsonegocios.com/wp-content/uploads/2018/10/libertad23102018.jpg"},"id":276,"priority":10},
{"action":{"type":"block"},"condition":{"urlFilter":"||incremente.com/bannerab.gif"},"id":277,"priority":10},
{"action":{"type":"block"},"condition":{"urlFilter":"||infoban.com.ar/imgpublicidad/"},"id":278,"priority":10},
{"action":{"type":"block"},"condition":{"urlFilter":"||infocanuelas.com/media/banner/"},"id":279,"priority":10},
{"action":{"type":"block"},"condition":{"urlFilter":"||infocielo.com/uploads/banners/"},"id":280,"priority":10},
{"action":{"type":"block"},"condition":{"urlFilter":"||infofueguina.com/u/banners/"},"id":281,"priority":10},
{"action":{"type":"block"},"condition":{"urlFilter":"||infoplatense.com.ar/*/*.gif"},"id":282,"priority":10},
{"action":{"type":"block"},"condition":{"urlFilter":"||infoplatense.com.ar/*/banner"},"id":283,"priority":10},
{"action":{"type":"block"},"condition":{"urlFilter":"||informaticamoderna.com/gran_banner.htm"},"id":284,"priority":10},
{"action":{"type":"block"},"condition":{"urlFilter":"||informaticamoderna.com/hospedados/banners/"},"id":285,"priority":10},
{"action":{"type":"block"},"condition":{"urlFilter":"||inmendoza.com/wp-content/uploads/*_1140x170_"},"id":286,"priority":10},
{"action":{"type":"block"},"condition":{"urlFilter":"||inmendoza.com/wp-content/uploads/banner/"},"id":287,"priority":10},
{"action":{"type":"block"},"condition":{"urlFilter":"||inmendoza.com^*/banners/"},"id":288,"priority":10},
{"action":{"type":"block"},"condition":{"urlFilter":"||inmodiario.com/img/banners/"},"id":289,"priority":10},
{"action":{"type":"block"},"condition":{"urlFilter":"||interbenavente.es/upload/img/periodico/img_2369.gif"},"id":290,"priority":10},
{"action":{"type":"block"},"condition":{"urlFilter":"||interbenavente.es/upload/img/periodico/img_28084.gif"},"id":291,"priority":10},
{"action":{"type":"block"},"condition":{"urlFilter":"||interbenavente.es/upload/img/periodico/img_31937.gif"},"id":292,"priority":10},
{"action":{"type":"block"},"condition":{"urlFilter":"||interbenavente.es/upload/img/periodico/img_35176.gif"},"id":293,"priority":10},
{"action":{"type":"block"},"condition":{"urlFilter":"||interbenavente.es/upload/img/periodico/img_36015.gif"},"id":294,"priority":10},
{"action":{"type":"block"},"condition":{"urlFilter":"||juegosdiarios.com/staticfiles.juegosdiarios.com/pu/"},"id":295,"priority":10},
{"action":{"type":"block"},"condition":{"urlFilter":"||jugandoonline.com.ar/entusitio/grafica/banner"},"id":296,"priority":10},
{"action":{"type":"block"},"condition":{"urlFilter":"||labsk.net/banners/"},"id":297,"priority":10},
{"action":{"type":"block"},"condition":{"urlFilter":"||labsk.net/carousel/"},"id":298,"priority":10},
{"action":{"type":"block"},"condition":{"urlFilter":"||labustia.cat/wp-content/uploads/*/banner"},"id":299,"priority":10},
{"action":{"type":"block"},"condition":{"urlFilter":"||lacapitalmdp.com/2017/11/fl-1.gif"},"id":300,"priority":10},
{"action":{"type":"block"},"condition":{"urlFilter":"||lacapitalmdp.com/2022/01/*.gif"},"id":301,"priority":10},
{"action":{"type":"block"},"condition":{"urlFilter":"||lacapitalmdp.com/img_design/paseo_aero.jpg"},"id":302,"priority":10},
{"action":{"type":"block"},"condition":{"urlFilter":"||laconversacion.net/wp-content/uploads/2017/07/img-20170710-wa0000.jpg"},"id":303,"priority":10},
{"action":{"type":"block"},"condition":{"urlFilter":"||laconversacion.net/wp-content/uploads/2017/10/banner-3.jpg"},"id":304,"priority":10},
{"action":{"type":"block"},"condition":{"urlFilter":"||laindustria.pe/banners/"},"id":305,"priority":10},
{"action":{"type":"block"},"condition":{"urlFilter":"||lancelotdigital.com/images/banners/"},"id":306,"priority":10},
{"action":{"type":"block"},"condition":{"urlFilter":"||lanoticia1.com/sites/default/files/*.gif"},"id":307,"priority":10},
{"action":{"type":"block"},"condition":{"urlFilter":"||laopinionsemanario.com.ar/sites/default/files/*.gif"},"id":308,"priority":10},
{"action":{"type":"block"},"condition":{"urlFilter":"||laprensa.com.ar/multimedios/ads/"},"id":309,"priority":10},
{"action":{"type":"block"},"condition":{"urlFilter":"||larazondechivilcoy.com.ar/u/banners/"},"id":310,"priority":10},
{"action":{"type":"block"},"condition":{"urlFilter":"||lavozdecataratas.com/contenido/banners/"},"id":311,"priority":10},
{"action":{"type":"block"},"condition":{"urlFilter":"||laxarxa.com/media/asset_publics/resources/000/009/887/original/publicitat.gif"},"id":312,"priority":10},
{"action":{"type":"block"},"condition":{"urlFilter":"||ldu.com.ec/fotos/publi_*.png"},"id":313,"priority":10},
{"action":{"type":"block"},"condition":{"urlFilter":"||leganews.es/wp-content/uploads/*/publicidad"},"id":314,"priority":10},
{"action":{"type":"block"},"condition":{"urlFilter":"||loteriasmundiales.com.ar/images/columna_publi_2/anuncie_aqui2.gif"},"id":315,"priority":10},
{"action":{"type":"block"},"condition":{"urlFilter":"||loteriasmundiales.com.ar/images/loterias/banners/"},"id":316,"priority":10},
{"action":{"type":"block"},"condition":{"urlFilter":"||madridpress.com/upload/img/periodico/*.gif"},"id":317,"priority":10},
{"action":{"type":"block"},"condition":{"urlFilter":"||magisnet.com/wp-content/uploads/2018/11/300centropsicologico-01.png"},"id":318,"priority":10},
{"action":{"type":"block"},"condition":{"urlFilter":"||manerasdevivir.com/pics/noticias/*.gif"},"id":319,"priority":10},
{"action":{"type":"block"},"condition":{"urlFilter":"||manerasdevivir.com/pics/publi/"},"id":320,"priority":10},
{"action":{"type":"block"},"condition":{"urlFilter":"||manuduque.com/wp-content/uploads/2021/10/banner"},"id":321,"priority":10},
{"action":{"type":"block"},"condition":{"urlFilter":"||mariosegura.com/wp-content/plugins/wp-owl-carousel/"},"id":322,"priority":10},
{"action":{"type":"block"},"condition":{"urlFilter":"||mariosegura.com/wp-content/uploads/*/*/*.gif"},"id":323,"priority":10},
{"action":{"type":"block"},"condition":{"urlFilter":"||media.easy.com.ar/is/image/easyarg/blaisteneasyhome"},"id":324,"priority":10},
{"action":{"type":"block"},"condition":{"urlFilter":"||mediterraneodigital.com/images/banners/"},"id":325,"priority":10},
{"action":{"type":"block"},"condition":{"urlFilter":"||mercadosonora.com.mx/wp-content/uploads/*/32x320biotiquin.png"},"id":326,"priority":10},
{"action":{"type":"block"},"condition":{"urlFilter":"||meridiano.com.ve/picfiles/logo-merbet_96x34.png"},"id":327,"priority":10},
{"action":{"type":"block"},"condition":{"urlFilter":"||mesebre.cat/img/pub/"},"id":328,"priority":10},
{"action":{"type":"block"},"condition":{"urlFilter":"||minube.com/administrator/minipresmanager/"},"id":329,"priority":10},
{"action":{"type":"block"},"condition":{"urlFilter":"||minube.com/administrator/suggestionboxmanager/"},"id":330,"priority":10},
{"action":{"type":"block"},"condition":{"urlFilter":"||misionescuatro.com/wp-content/uploads/*.gif"},"id":331,"priority":10},
{"action":{"type":"block"},"condition":{"urlFilter":"||mlstatic.com/img/mclics-images-merchads"},"id":332,"priority":10},
{"action":{"type":"block"},"condition":{"urlFilter":"||mmedia.20m.es/modulos/pastillas/nuevas/pastillas/home/gonzoogenerica.png"},"id":333,"priority":10},
{"action":{"type":"block"},"condition":{"urlFilter":"||modelocurriculum.net/wp-content/descuento-promo-plantillas-cv.jpg"},"id":334,"priority":10},
{"action":{"type":"block"},"condition":{"urlFilter":"||montevideo.com.uy/clima/imagenes/claroclima"},"id":335,"priority":10},
{"action":{"type":"block"},"condition":{"urlFilter":"||montevideo.com.uy/plantillas/temas17/imagenes17/mundobebe_dove.jpg"},"id":336,"priority":10},
{"action":{"type":"block"},"condition":{"urlFilter":"||musiquiatra.com/uploads/banners"},"id":338,"priority":10},
{"action":{"type":"block"},"condition":{"urlFilter":"||naciodigital.cat/redaccio/publicitat/"},"id":339,"priority":10},
{"action":{"type":"block"},"condition":{"urlFilter":"||netpol.es/foropolicia_banner"},"id":340,"priority":10},
{"action":{"type":"block"},"condition":{"urlFilter":"||netuy.net/banner_hosting_uruguay/"},"id":341,"priority":10},
{"action":{"type":"block"},"condition":{"urlFilter":"||noticias3d.com/imagenes/banners/"},"id":342,"priority":10},
{"action":{"type":"block"},"condition":{"urlFilter":"||noticiasdel6.com/*.gif"},"id":343,"priority":10},
{"action":{"type":"block"},"condition":{"urlFilter":"||noticiasdelaciencia.com/upload/img/periodico/img_2972.jpg"},"id":344,"priority":10},
{"action":{"type":"block"},"condition":{"urlFilter":"||notifalcon.com/wp-content/uploads/*/cropped*.jpg"},"id":345,"priority":10},
{"action":{"type":"block"},"condition":{"urlFilter":"||nueva-ciudad.com.ar/advf/imagenes/*.gif"},"id":346,"priority":10},
{"action":{"type":"block"},"condition":{"urlFilter":"||nueva-ciudad.com.ar/advf/imagenes/2016/09/57eaba064c5fc.png"},"id":347,"priority":10},
{"action":{"type":"block"},"condition":{"urlFilter":"||nueva-ciudad.com.ar/banners/"},"id":348,"priority":10},
{"action":{"type":"block"},"condition":{"urlFilter":"||objetivocastillalamancha.es/sites/default/files/noticias/banner"},"id":349,"priority":10},
{"action":{"type":"block"},"condition":{"urlFilter":"||objetivocastillalamancha.es/sites/default/files/styles/banercolumna"},"id":350,"priority":10},
{"action":{"type":"block"},"condition":{"urlFilter":"||objetivocastillalamancha.es/sites/default/files/styles/bannercolumna"},"id":351,"priority":10},
{"action":{"type":"block"},"condition":{"urlFilter":"||okdiario.com/img/endesa/endesa_300x90.gif"},"id":352,"priority":10},
{"action":{"type":"block"},"condition":{"urlFilter":"||pamplona.es/banner_noticias/"},"id":353,"priority":10},
{"action":{"type":"block"},"condition":{"urlFilter":"||pamplonaactual.com/wp-content/uploads/*.gif"},"id":354,"priority":10},
{"action":{"type":"block"},"condition":{"urlFilter":"||parlamentario.com/db/000/"},"id":355,"priority":10},
{"action":{"type":"block"},"condition":{"urlFilter":"||paxinasgalegas.es/bannerservice.ashx"},"id":356,"priority":10},
{"action":{"type":"block"},"condition":{"urlFilter":"||perspectivasur.com/archivos/banners/"},"id":357,"priority":10},
{"action":{"type":"block"},"condition":{"urlFilter":"||pivigames.blog/wp-content/uploads/*750x100"},"id":358,"priority":10},
{"action":{"type":"block"},"condition":{"urlFilter":"||planetabocajuniors.com.ar/imagenes/jaen/"},"id":359,"priority":10},
{"action":{"type":"block"},"condition":{"urlFilter":"||poseidonhd.nz/js/storage/1/"},"id":360,"priority":10},
{"action":{"type":"block"},"condition":{"urlFilter":"||practisistemas.com/images/home/claro.png"},"id":361,"priority":10},
{"action":{"type":"block"},"condition":{"urlFilter":"||practisistemas.com/images/home/movistar.png"},"id":362,"priority":10},
{"action":{"type":"block"},"condition":{"urlFilter":"||practisistemas.com/images/home/tigo.png"},"id":363,"priority":10},
{"action":{"type":"block"},"condition":{"urlFilter":"||practisistemas.com/images/home/virgin.png"},"id":364,"priority":10},
{"action":{"type":"block"},"condition":{"urlFilter":"||profesionalreview.com/wp-content/uploads/*/asus-skin_*.jpg"},"id":365,"priority":10},
{"action":{"type":"block"},"condition":{"urlFilter":"||proyecto-salud.com.ar/banners/"},"id":366,"priority":10},
{"action":{"type":"block"},"condition":{"urlFilter":"||proyecto-salud.com.ar/img/*.gif"},"id":367,"priority":10},
{"action":{"type":"block"},"condition":{"urlFilter":"||proyecto-salud.com.ar/img/*banner"},"id":368,"priority":10},
{"action":{"type":"block"},"condition":{"urlFilter":"||proyecto-salud.com.ar/img/novedades-medicas.jpg"},"id":369,"priority":10},
{"action":{"type":"block"},"condition":{"urlFilter":"||puntobiz.com.ar/data/img_cont/img_banners/"},"id":370,"priority":10},
{"action":{"type":"block"},"condition":{"urlFilter":"||puntomedio.mx/wp-content/uploads/2019/07/whatsapp-image-2019-07-29-at-3.40.53-pm-1.jpeg"},"id":371,"priority":10},
{"action":{"type":"block"},"condition":{"urlFilter":"||puntomedio.mx/wp-content/uploads/2019/11/kinea2.jpg"},"id":372,"priority":10},
{"action":{"type":"block"},"condition":{"urlFilter":"||px.fotos.cdn.0223.com.ar/f/5399f9f213cd649c19000009/"},"id":373,"priority":10},
{"action":{"type":"block"},"condition":{"urlFilter":"||px.fotos.cdn.0223.com.ar/f/539f4f6c5408217c16000029/"},"id":374,"priority":10},
{"action":{"type":"block"},"condition":{"urlFilter":"||px.fotos.cdn.0223.com.ar/f/5487365314cdac0400000148/"},"id":375,"priority":10},
{"action":{"type":"block"},"condition":{"urlFilter":"||px.fotos.cdn.0223.com.ar/f/55cd3fc7b07ac20500000282/"},"id":376,"priority":10},
{"action":{"type":"block"},"condition":{"urlFilter":"||rae.es/sites/all/common/images/logos/"},"id":377,"priority":10},
{"action":{"type":"block"},"condition":{"urlFilter":"||ramenparados.com/wp-content/uploads/*akira.jpg"},"id":378,"priority":10},
{"action":{"type":"block"},"condition":{"urlFilter":"||realovirtual.com/pictures/banners/"},"id":379,"priority":10},
{"action":{"type":"block"},"condition":{"urlFilter":"||realpolitik.com.ar/uploads/banners/"},"id":380,"priority":10},
{"action":{"type":"block"},"condition":{"urlFilter":"||recambios-expres.es/medias/oil-bundle-oil-es.png"},"id":381,"priority":10},
{"action":{"type":"block"},"condition":{"urlFilter":"||red92.com/images/uploaded/spots/"},"id":382,"priority":10},
{"action":{"type":"block"},"condition":{"urlFilter":"||religionenlibertad.com/imgpbs/"},"id":383,"priority":10},
{"action":{"type":"block"},"condition":{"urlFilter":"||rioja2.com/images/banners/"},"id":384,"priority":10},
{"action":{"type":"block"},"condition":{"urlFilter":"||rojadirectatv.tv/publicity/anuncio.php^"},"id":385,"priority":10},
{"action":{"type":"block"},"condition":{"urlFilter":"||rosariogarage.com/resources/banner/"},"id":386,"priority":10},
{"action":{"type":"block"},"condition":{"urlFilter":"||rota-cofrade.net/images/fotosdiseno/publi"},"id":387,"priority":10},
{"action":{"type":"block"},"condition":{"urlFilter":"||rs.20m.es/i/petitchef_cintillo.jpg"},"id":388,"priority":10},
{"action":{"type":"block"},"condition":{"urlFilter":"||s3.amazonaws.com/comparabien-default/ads/"},"id":389,"priority":10},
{"action":{"type":"block"},"condition":{"urlFilter":"||s3.amazonaws.com/neoauto.com%2felements%2fhomecover"},"id":390,"priority":10},
{"action":{"type":"block"},"condition":{"urlFilter":"||salpimenta.com.ar/wp-content/uploads/*.gif"},"id":391,"priority":10},
{"action":{"type":"block"},"condition":{"urlFilter":"||sanjustonoticias.com.ar/agregados/banners"},"id":392,"priority":10},
{"action":{"type":"block"},"condition":{"urlFilter":"||seriesypelisonline.com/wp-content/uploads/*/me-corro.png"},"id":393,"priority":10},
{"action":{"type":"block"},"condition":{"urlFilter":"||shellshock.io/img/promo/"},"id":394,"priority":10},
{"action":{"type":"block"},"condition":{"urlFilter":"||sinmordaza.com/images/*banner*.jpg"},"id":395,"priority":10},
{"action":{"type":"block"},"condition":{"urlFilter":"||sirchandler.com.ar/wp-content/uploads/202*/11/"},"id":396,"priority":10},
{"action":{"type":"block"},"condition":{"urlFilter":"||sirchandler.com.ar/wp-content/uploads/2021/10/"},"id":397,"priority":10},
{"action":{"type":"block"},"condition":{"urlFilter":"||sirchandler.com.ar/wp-content/uploads/2021/12/booking"},"id":398,"priority":10},
{"action":{"type":"block"},"condition":{"urlFilter":"||siteground.es/img/banners/"},"id":399,"priority":10},
{"action":{"type":"block"},"condition":{"urlFilter":"||smnoticias.com/wp-content/uploads/*/*.gif"},"id":400,"priority":10},
{"action":{"type":"block"},"condition":{"urlFilter":"||smnoticias.com/wp-content/uploads/2017/03/gelay.jpg"},"id":401,"priority":10},
{"action":{"type":"block"},"condition":{"urlFilter":"||smnoticias.com/wp-content/uploads/2017/03/san.miguel.municipio.jpg"},"id":402,"priority":10},
{"action":{"type":"block"},"condition":{"urlFilter":"||smnoticias.com/wp-content/uploads/2017/05/banner-concejo-deliberante.jpg"},"id":403,"priority":10},
{"action":{"type":"block"},"condition":{"urlFilter":"||smnoticias.com/wp-content/uploads/2017/06/maraton-asi.jpg"},"id":404,"priority":10},
{"action":{"type":"block"},"condition":{"urlFilter":"||smnoticias.com/wp-content/uploads/2017/07/banner-galmarini.jpg"},"id":405,"priority":10},
{"action":{"type":"block"},"condition":{"urlFilter":"||smnoticias.com/wp-content/uploads/2017/08/300x100-destacamentos.jpg"},"id":406,"priority":10},
{"action":{"type":"block"},"condition":{"urlFilter":"||smnoticias.com/wp-content/uploads/2017/09/banner-plaza-barrio-estudiantes.jpg"},"id":407,"priority":10},
{"action":{"type":"block"},"condition":{"urlFilter":"||smnoticias.com/wp-content/uploads/2017/09/prensa_senado3.jpg"},"id":408,"priority":10},
{"action":{"type":"block"},"condition":{"urlFilter":"||smnoticias.info/*.gif"},"id":409,"priority":10},
{"action":{"type":"block"},"condition":{"urlFilter":"||smnoticias.info/mpa.jpg"},"id":410,"priority":10},
{"action":{"type":"block"},"condition":{"urlFilter":"||smnoticias.info/separador.banner.jpg"},"id":411,"priority":10},
{"action":{"type":"block"},"condition":{"urlFilter":"||st.forocoches.com/image/top_c2_fcs_hd_hawkers.png"},"id":412,"priority":10},
{"action":{"type":"block"},"condition":{"urlFilter":"||st.forocoches.com/image/varios/iphone6_ipadmini.png"},"id":413,"priority":10},
{"action":{"type":"block"},"condition":{"urlFilter":"||st1.idealista.com/news/archivos/styles/348x90/public/ficheros_widget_news/img/balcon_concha_vanguardia.jpg"},"id":414,"priority":10},
{"action":{"type":"block"},"condition":{"urlFilter":"||static.emol.cl/emol50/js/funcionescomun.js?"},"id":415,"priority":10},
{"action":{"type":"block"},"condition":{"urlFilter":"||static.htcmania.com/*_180x150-"},"id":416,"priority":10},
{"action":{"type":"block"},"condition":{"urlFilter":"||static.htcmania.com/180-150-"},"id":417,"priority":10},
{"action":{"type":"block"},"condition":{"urlFilter":"||stream2watch.is/crons/pop_code.js"},"id":418,"priority":10},
{"action":{"type":"block"},"condition":{"urlFilter":"||streamtape.cc/mainstream3.js"},"id":419,"priority":10},
{"action":{"type":"block"},"condition":{"urlFilter":"||tabascohoy.com/img/blogmiguelcanton.png"},"id":420,"priority":10},
{"action":{"type":"block"},"condition":{"urlFilter":"||tabascohoy.com/img/temp/banner_miguelcanton.png"},"id":421,"priority":10},
{"action":{"type":"block"},"condition":{"urlFilter":"||tabascohoy.com/img/temp/banner_notasgoogle.png"},"id":422,"priority":10},
{"action":{"type":"block"},"condition":{"urlFilter":"||telexplorer.com.ar/images/banners/"},"id":423,"priority":10},
{"action":{"type":"block"},"condition":{"urlFilter":"||teliad.es/*/banner/"},"id":424,"priority":10},
{"action":{"type":"block"},"condition":{"urlFilter":"||tiemposur.com.ar/banners/"},"id":425,"priority":10},
{"action":{"type":"block"},"condition":{"urlFilter":"||tiemposur.com.ar/uploads/banners"},"id":426,"priority":10},
{"action":{"type":"block"},"condition":{"urlFilter":"||tiquetesbaratos.com/pruebas/periodicos/"},"id":427,"priority":10},
{"action":{"type":"block"},"condition":{"urlFilter":"||tucumanalas7.com.ar/u/banners/"},"id":428,"priority":10},
{"action":{"type":"block"},"condition":{"urlFilter":"||tumbaabierta.com/wp-content/uploads/*/*/banner_"},"id":429,"priority":10},
{"action":{"type":"block"},"condition":{"urlFilter":"||tumblr.com/eqq8p0h/2f9mqpk3y/gif__1_.gif"},"id":430,"priority":10},
{"action":{"type":"block"},"condition":{"urlFilter":"||tumblr.com/omgciym/apwozdebj/sin-t__tulo-2.jpg"},"id":431,"priority":10},
{"action":{"type":"block"},"condition":{"urlFilter":"||tumblr.com/omgciym/bdjozcv4x/pampling.jpg"},"id":432,"priority":10},
{"action":{"type":"block"},"condition":{"urlFilter":"||tumblr.com/omgciym/gylmyj90o/finovinilos.jpg"},"id":433,"priority":10},
{"action":{"type":"block"},"condition":{"urlFilter":"||tutiempo.net/ttbp.php"},"id":434,"priority":10},
{"action":{"type":"block"},"condition":{"urlFilter":"||uecdn.es/assets/desktop/master/img/patrocinio_"},"id":435,"priority":10},
{"action":{"type":"block"},"condition":{"urlFilter":"||ushuaia24.com.ar/download/multimedia.normal.*.gif"},"id":436,"priority":10},
{"action":{"type":"block"},"condition":{"urlFilter":"||vertelenovelasonline.com/wp-content/uploads/*/amazon.gif"},"id":437,"priority":10},
{"action":{"type":"block"},"condition":{"urlFilter":"||vertelenovelasonline.com/wp-content/uploads/*/untitled-design-*.gif"},"id":438,"priority":10},
{"action":{"type":"block"},"condition":{"urlFilter":"||vigoe.es/images/pbanner/"},"id":439,"priority":10},
{"action":{"type":"block"},"condition":{"urlFilter":"||widget.laxarxa.com/ext/embeddable_frames/"},"id":440,"priority":10},
{"action":{"type":"block"},"condition":{"urlFilter":"||widgets.helpmycash.com/ranking-financiero/"},"id":441,"priority":10},
{"action":{"type":"block"},"condition":{"urlFilter":"||xtremostereo.net/t3l33/"},"id":442,"priority":10},
{"action":{"type":"block"},"condition":{"urlFilter":"||yucatan.com.mx/wp-content/uploads/*/*/banner"},"id":443,"priority":10},
{"action":{"type":"block"},"condition":{"urlFilter":"||zapping.live/images/uploads/banners/zapping-*.gif^"},"id":444,"priority":10},
{"action":{"type":"block"},"condition":{"initiatorDomains":["diariomotor.com"],"urlFilter":"/ads/brand_day^"},"id":445,"priority":10},
{"action":{"type":"block"},"condition":{"initiatorDomains":["ecartelera.com"],"urlFilter":"/fallback_pub_"},"id":446,"priority":10},
{"action":{"type":"block"},"condition":{"urlFilter":"||annarecetasfaciles.com/*-idoneo.gif"},"id":447,"priority":10},
{"action":{"type":"block"},"condition":{"urlFilter":"||budokaifighters.com/images/"},"id":448,"priority":10},
{"action":{"type":"block"},"condition":{"urlFilter":"||elcolombiano.com/*/punto-de-compras-2-productos"},"id":449,"priority":10},
{"action":{"type":"block"},"condition":{"urlFilter":"||elhistoriador.com.ar/*/*banner"},"id":450,"priority":10},
{"action":{"type":"block"},"condition":{"urlFilter":"||elhistoriador.com.ar/*/2021/1*/"},"id":451,"priority":10},
{"action":{"type":"block"},"condition":{"urlFilter":"||elhistoriador.com.ar/*/fedun"},"id":452,"priority":10},
{"action":{"type":"block"},"condition":{"urlFilter":"||elitestream.co/script/storage/v6/"},"id":453,"priority":10},
{"action":{"type":"block"},"condition":{"urlFilter":"||elperiodicodeportivo.com.co/sites/default/files/inline-images/"},"id":454,"priority":10},
{"action":{"type":"block"},"condition":{"urlFilter":"||epasatiempos.es/js/af.js"},"id":455,"priority":10},
{"action":{"type":"block"},"condition":{"urlFilter":"||epasatiempos.es/js/dab.js"},"id":456,"priority":10},
{"action":{"type":"block"},"condition":{"urlFilter":"||estadiodeportivo.com/elementosweb/gestioncajas/ede/imag"},"id":457,"priority":10},
{"action":{"type":"block"},"condition":{"urlFilter":"||extra.com.co/sites/default/files/*/elite-barber-shop"},"id":458,"priority":10},
{"action":{"type":"block"},"condition":{"urlFilter":"||forosforex.com/images/banner/"},"id":459,"priority":10},
{"action":{"type":"block"},"condition":{"urlFilter":"||gtsstatic.com/static/mscripts/index_457.js"},"id":460,"priority":10},
{"action":{"type":"block"},"condition":{"urlFilter":"||imparteconocimientos.com/recursos/anti-adblocker.js"},"id":461,"priority":10},
{"action":{"type":"block"},"condition":{"urlFilter":"||incp.org.co/wp-content/uploads/2021/07/"},"id":462,"priority":10},
{"action":{"type":"block"},"condition":{"urlFilter":"||lavozdealmeria.es/js/addblock.js"},"id":463,"priority":10},
{"action":{"type":"block"},"condition":{"urlFilter":"||mangas.in/js/taktak.js"},"id":464,"priority":10},
{"action":{"type":"block"},"condition":{"urlFilter":"||masgamers.com/wp-content/uploads/2019"},"id":465,"priority":10},
{"action":{"type":"block"},"condition":{"urlFilter":"||motociclismo.es/js/compiled_blockadblock_15.js"},"id":466,"priority":10},
{"action":{"type":"block"},"condition":{"urlFilter":"||newsearnmoney.com/*/popup.js"},"id":467,"priority":10},
{"action":{"type":"block"},"condition":{"urlFilter":"||noticiasdelaciencia.com/libs_oss/adblock/"},"id":468,"priority":10},
{"action":{"type":"block"},"condition":{"urlFilter":"||noticierodelllano.com/wp-content/uploads/2021/05/"},"id":469,"priority":10},
{"action":{"type":"block"},"condition":{"urlFilter":"||odontologos.com.co/assets/images/advertising/"},"id":470,"priority":10},
{"action":{"type":"block"},"condition":{"urlFilter":"||odontologos.com.co/images/pauta/gif-1-pauta"},"id":471,"priority":10},
{"action":{"type":"block"},"condition":{"urlFilter":"||okdiario.com/app/4/js/check-blocker.js"},"id":472,"priority":10},
{"action":{"type":"block"},"condition":{"urlFilter":"||opanoticias.com/assets/imgs/banner/"},"id":473,"priority":10},
{"action":{"type":"block"},"condition":{"urlFilter":"||opanoticias.com/img/uccnoviembre"},"id":474,"priority":10},
{"action":{"type":"block"},"condition":{"urlFilter":"||pieldetoro.net/web/imagen/"},"id":475,"priority":10},
{"action":{"type":"block"},"condition":{"urlFilter":"||prensalibrecasanare.com/b202*/"},"id":476,"priority":10},
{"action":{"type":"block"},"condition":{"urlFilter":"||profesionalreview.com/*/2021/11/asus-z690-cashback"},"id":477,"priority":10},
{"action":{"type":"block"},"condition":{"urlFilter":"||superligatv.com/js/jquery.blockblock.js"},"id":478,"priority":10},
{"action":{"type":"block"},"condition":{"urlFilter":"||amaduras.com/img-publicidad/"},"id":479,"priority":10},
{"action":{"type":"block"},"condition":{"urlFilter":"||doncolombia.com/data/siropu/"},"id":480,"priority":10},
{"action":{"type":"block"},"condition":{"urlFilter":"||donlgbt.com/images/banner_"},"id":481,"priority":10},
{"action":{"type":"block"},"condition":{"urlFilter":"||esaschicas.com/data/siropu/"},"id":482,"priority":10},
{"action":{"type":"block"},"condition":{"urlFilter":"||fucklouder.com/images/thumbs/banners/"},"id":483,"priority":10},
{"action":{"type":"block"},"condition":{"urlFilter":"||hispasexy.org/buttons/banner728.gif"},"id":484,"priority":10},
{"action":{"type":"block"},"condition":{"urlFilter":"||madlifes.com/tools/get_banner.php"},"id":485,"priority":10},
{"action":{"type":"block"},"condition":{"urlFilter":"||mundosexanuncio.com/img_es/banners/"},"id":486,"priority":10},
{"action":{"type":"block"},"condition":{"urlFilter":"||pasionmujeres.com/ai/"},"id":487,"priority":10},
{"action":{"type":"block"},"condition":{"urlFilter":"||pepeporn.com/tools/get_banner.php"},"id":488,"priority":10},
{"action":{"type":"block"},"condition":{"urlFilter":"||petardashd.com/archivos/static/hd/img/sponsor/"},"id":489,"priority":10},
{"action":{"type":"block"},"condition":{"urlFilter":"||poringa.net/ra/"},"id":490,"priority":10},
{"action":{"type":"block"},"condition":{"urlFilter":"||pornogratisdiario.com/imagenes_publicidad/"},"id":491,"priority":10},
{"action":{"type":"block"},"condition":{"urlFilter":"||pornolandia.xxx/static/xxx/cameraprive/"},"id":492,"priority":10},
{"action":{"type":"block"},"condition":{"urlFilter":"||pulpo69.com/nb/"},"id":493,"priority":10},
{"action":{"type":"block"},"condition":{"urlFilter":"||spalumi.com/images/icons/escortsvipibiza32022.gif"},"id":494,"priority":10},
{"action":{"type":"block"},"condition":{"urlFilter":"||suiteporno.com/fragrant-fog-dc3b/"},"id":495,"priority":10},
{"action":{"type":"block"},"condition":{"urlFilter":"||teatroporno.com/ai/"},"id":496,"priority":10},
{"action":{"type":"block"},"condition":{"urlFilter":"||tupornogratis.xxx/bnr/"},"id":497,"priority":10},
{"action":{"type":"block"},"condition":{"urlFilter":"||videosporno.org/empty-band-2ead/"},"id":498,"priority":10},
{"action":{"type":"block"},"condition":{"urlFilter":"||xcuca.com/pout/"},"id":499,"priority":10},
{"action":{"type":"block"},"condition":{"urlFilter":"||xtusubs.com/zindexadspro1.php"},"id":500,"priority":10},
{"action":{"type":"block"},"condition":{"initiatorDomains":["alicanteplaza.es","castellonplaza.com","valenciaplaza.com"],"resourceTypes":["image"],"urlFilter":"/public/image/*banner*"},"id":502,"priority":10},
{"action":{"type":"block"},"condition":{"resourceTypes":["image"],"urlFilter":"||defensacentral.com/uploaded/banner-dondiario"},"id":504,"priority":10},
{"action":{"type":"block"},"condition":{"resourceTypes":["image"],"urlFilter":"||elcordillerano.com.ar/uploads/archivos/"},"id":505,"priority":10},
{"action":{"type":"block"},"condition":{"resourceTypes":["image"],"urlFilter":"||elsiglodetorreon.com.mx/images/banners/"},"id":506,"priority":10},
{"action":{"type":"block"},"condition":{"resourceTypes":["image"],"urlFilter":"||elsoldemexico.com.mx/cultura/gastronomia/*_banner-400x250_01.jpg^"},"id":507,"priority":10},
{"action":{"type":"block"},"condition":{"resourceTypes":["image"],"urlFilter":"||esmtb.com/embed/"},"id":508,"priority":10},
{"action":{"type":"block"},"condition":{"initiatorDomains":["paralelohoy.com.ar"],"resourceTypes":["image"],"urlFilter":"||googleusercontent.com/proxy^"},"id":509,"priority":10},
{"action":{"type":"block"},"condition":{"resourceTypes":["image"],"urlFilter":"||images.seriesturcas.gratis/*/banner_"},"id":510,"priority":10},
{"action":{"type":"block"},"condition":{"resourceTypes":["image"],"urlFilter":"||infoveloz.com/storage/*/ad_"},"id":511,"priority":10},
{"action":{"type":"block"},"condition":{"resourceTypes":["image"],"urlFilter":"||lostiempos.com/sites/default/files/takeover/desktop/"},"id":512,"priority":10},
{"action":{"type":"block"},"condition":{"resourceTypes":["image"],"urlFilter":"||media.airedesantafe.com.ar/*/banners/"},"id":513,"priority":10},
{"action":{"type":"block"},"condition":{"resourceTypes":["image"],"urlFilter":"||srnovelas.com/wp-content/uploads/*/descubre-wsp.jpg"},"id":515,"priority":10},
{"action":{"type":"block"},"condition":{"resourceTypes":["image"],"urlFilter":"||srnovelas.com/wp-content/uploads/*/sistemawsp.jpg"},"id":516,"priority":10},
{"action":{"type":"block"},"condition":{"initiatorDomains":["realidadsm.com"],"resourceTypes":["image"],"urlFilter":"||wp.com/realidadsm.com/wp-content/*banner"},"id":517,"priority":10},
{"action":{"type":"block"},"condition":{"initiatorDomains":["sinmordaza.com"],"resourceTypes":["image"],"urlFilter":"||wp.com/sinmordaza.com/*?w="},"id":518,"priority":10},
{"action":{"type":"block"},"condition":{"resourceTypes":["image"],"urlFilter":"||lacasadeel.net/banners/"},"id":519,"priority":10},
{"action":{"type":"block"},"condition":{"resourceTypes":["script"],"urlFilter":"||danimados.com/wp-content/cache/autoptimize/js/autoptimize_single_"},"id":520,"priority":10},
{"action":{"type":"block"},"condition":{"resourceTypes":["script"],"urlFilter":"||jerezcofrade.tv/wp-content/uploads/*/*.js"},"id":522,"priority":10},
{"action":{"type":"block"},"condition":{"resourceTypes":["script"],"urlFilter":"||rtvc.es/storage/*/249.js"},"id":523,"priority":10},
{"action":{"type":"block"},"condition":{"resourceTypes":["script"],"urlFilter":"||todopolicia.com/wp-content/uploads/"},"id":524,"priority":10},
{"action":{"type":"block"},"condition":{"resourceTypes":["xmlhttprequest"],"urlFilter":"||notebookcheck.org/fileadmin/sonstiges/amaz_"},"id":528,"priority":10},
{"action":{"type":"block"},"condition":{"resourceTypes":["sub_frame"],"urlFilter":"||elsiglodetorreon.com.mx/desplegados/banners/"},"id":529,"priority":10},
{"action":{"type":"block"},"condition":{"resourceTypes":["sub_frame"],"urlFilter":"||gameflare.com/common/promotions/own-images/"},"id":530,"priority":10},
{"action":{"type":"block"},"condition":{"resourceTypes":["sub_frame"],"urlFilter":"||juegosjuegos.ws/bfb^"},"id":531,"priority":10},
{"action":{"type":"block"},"condition":{"initiatorDomains":["valenciaplaza.com"],"resourceTypes":["sub_frame"],"urlFilter":"||recursos.equipohumano.com/*_plubli/enlace.html^"},"id":532,"priority":10},
{"action":{"type":"block"},"condition":{"resourceTypes":["sub_frame"],"urlFilter":"||gerente.com/co?_"},"id":534,"priority":10},
{"action":{"type":"block"},"condition":{"resourceTypes":["sub_frame"],"urlFilter":"||todorelatos.com/freecam/"},"id":535,"priority":10},
{"action":{"type":"block"},"condition":{"resourceTypes":["sub_frame"],"urlFilter":"||todorelatos.com/promo/"},"id":536,"priority":10},
{"action":{"type":"block"},"condition":{"domainType":"thirdParty","urlFilter":"||rubias19.tv/freecam/"},"id":538,"priority":10},
{"action":{"type":"block"},"condition":{"domainType":"thirdParty","urlFilter":"||clubdelectores.cl/cajaemolclub/"},"id":539,"priority":10},
{"action":{"type":"block"},"condition":{"domainType":"thirdParty","urlFilter":"||va6.thand.info/embed-^"},"id":540,"priority":10},
{"action":{"type":"block"},"condition":{"domainType":"thirdParty","initiatorDomains":["xtremostereo.net"],"resourceTypes":["script"]},"id":542,"priority":10},
{"action":{"type":"allow"},"condition":{"initiatorDomains":["depor.com"],"urlFilter":"||d1r08wok4169a5.cloudfront.net/iframes/depor_logo.svg"},"id":543,"priority":30},
{"action":{"type":"allow"},"condition":{"initiatorDomains":["pccomponentes.com"],"urlFilter":"||g.doubleclick.net/gampad/ads?"},"id":544,"priority":30},
{"action":{"type":"allow"},"condition":{"initiatorDomains":["pccomponentes.com"],"urlFilter":"||g.doubleclick.net/gpt/pubads_impl_"},"id":545,"priority":30},
{"action":{"type":"block"},"condition":{"urlFilter":"||fenix951.com.ar/nuevo_2013/img/banner/"},"id":546,"priority":10},
{"action":{"type":"allow"},"condition":{"initiatorDomains":["elcomercio.com"],"urlFilter":"||gecpublicidad.com/publicidades/especiales/assets/banner_ecuadoradio.jpg"},"id":547,"priority":30},
{"action":{"type":"allow"},"condition":{"initiatorDomains":["ivoox.com","pccomponentes.com","videos.cuantarazon.com","videos.humorenserie.com","videos.memedeportes.com","videos.vistoenlasredes.com","videos.vrutal.com"],"urlFilter":"||googletagservices.com/tag/js/gpt.js"},"id":548,"priority":30},
{"action":{"type":"block"},"condition":{"urlFilter":"||hispanicode.com/*/amazon/api/amazon.js"},"id":549,"priority":10},
{"action":{"type":"block"},"condition":{"urlFilter":"||cosasdecome.es/wp-content/uploads/sam-pro-images/"},"id":550,"priority":10},
{"action":{"type":"allow"},"condition":{"initiatorDomains":["videos.cuantarazon.com","videos.humorenserie.com","videos.memedeportes.com","videos.vistoenlasredes.com","videos.vrutal.com"],"urlFilter":"||ads.ampliffy.com/gampad/"},"id":551,"priority":30},
{"action":{"type":"allow"},"condition":{"initiatorDomains":["videos.cuantarazon.com","videos.humorenserie.com","videos.memedeportes.com","videos.vistoenlasredes.com","videos.vrutal.com"],"urlFilter":"||securepubads.g.doubleclick.net/gampad/ads?gdfp_req=1"},"id":552,"priority":30},
{"action":{"type":"allow"},"condition":{"initiatorDomains":["videos.cuantarazon.com","videos.humorenserie.com","videos.memedeportes.com","videos.vistoenlasredes.com","videos.vrutal.com"],"urlFilter":"||securepubads.g.doubleclick.net/gpt/pubads_impl_*.js"},"id":553,"priority":30},
{"action":{"type":"allow"},"condition":{"urlFilter":"||sscc.edu.ec/wp-content/"},"id":554,"priority":30},
{"action":{"type":"allow"},"condition":{"initiatorDomains":["eluniversal.com.mx"],"resourceTypes":["stylesheet"],"urlFilter":"||jsdelivr.net/npm/videojs-contrib-ads@6.7.0/dist/videojs.ads.css"},"id":556,"priority":30},
{"action":{"type":"allow"},"condition":{"initiatorDomains":["pccomponentes.com"],"resourceTypes":["image"],"urlFilter":"||googlesyndication.com/simgad/"},"id":559,"priority":30},
{"action":{"type":"allow"},"condition":{"resourceTypes":["image"],"urlFilter":"||comunidadcoto.com.ar/comunidad/resources/publicidad/"},"id":560,"priority":30},
{"action":{"type":"allow"},"condition":{"initiatorDomains":["videos.cuantarazon.com","videos.humorenserie.com","videos.memedeportes.com","videos.vistoenlasredes.com","videos.vrutal.com"],"resourceTypes":["image","media"],"urlFilter":"||tpc.googlesyndication.com/pageadimg/imgad"},"id":561,"priority":30},
{"action":{"type":"allow"},"condition":{"initiatorDomains":["videos.cuantarazon.com","videos.humorenserie.com","videos.memedeportes.com","videos.vistoenlasredes.com","videos.vrutal.com"],"resourceTypes":["image","media"],"urlFilter":"||tpc.googlesyndication.com/pimgad/"},"id":562,"priority":30},
{"action":{"type":"allow"},"condition":{"initiatorDomains":["20minutos.es"],"resourceTypes":["script"],"urlFilter":"||20m.es/prebid/"},"id":563,"priority":30},
{"action":{"type":"allow"},"condition":{"initiatorDomains":["13cradio.cl"],"resourceTypes":["script"],"urlFilter":"||adswizz.com/adswizz/js/synchroclient2.js"},"id":564,"priority":30},
{"action":{"type":"allow"},"condition":{"initiatorDomains":["20minutos.es"],"resourceTypes":["script"],"urlFilter":"||amazon-adsystem.com/aax2/apstag.js"},"id":566,"priority":30},
{"action":{"type":"block"},"condition":{"urlFilter":"||radiomontecarlo.com.uy/imgs/banners/"},"id":567,"priority":10},
{"action":{"type":"allow"},"condition":{"initiatorDomains":["3djuegosguias.com","3djuegospc.com","applesfera.com","compradiccion.com","directoalpaladar.com","espinof.com","genbeta.com","poprosa.com","trendencias.com","trendenciashombre.com","vidaextra.com","vitonica.com","xataka.com","xatakamovil.com"],"urlFilter":"||g.doubleclick.net/pagead/ads?"},"id":568,"priority":30},
{"action":{"type":"allow"},"condition":{"initiatorDomains":["mensajesdecumpleanosweb.com"],"resourceTypes":["script"],"urlFilter":"||go.ezodn.com/tardisrocinante/lazy_load.js?"},"id":569,"priority":30},
{"action":{"type":"allow"},"condition":{"initiatorDomains":["bolavip.com","dalealbo.cl","futbolcentroamerica.com","juanbeisbol.com","juanfutbol.com","lapaginamillonaria.com","redgol.cl","somosfanaticos.fans"],"resourceTypes":["script"],"urlFilter":"||live.primis.tech/live/"},"id":570,"priority":30},
{"action":{"type":"allow"},"condition":{"initiatorDomains":["3djuegosguias.com","3djuegospc.com","applesfera.com","compradiccion.com","directoalpaladar.com","espinof.com","genbeta.com","poprosa.com","trendencias.com","trendenciashombre.com","vidaextra.com","vitonica.com","xataka.com","xatakamovil.com"],"resourceTypes":["script"],"urlFilter":"||getjad.io/library/"},"id":571,"priority":30},
{"action":{"type":"allow"},"condition":{"initiatorDomains":["independentespanol.com"],"resourceTypes":["script"],"urlFilter":"||pub.pixels.ai/wrap-independent-no-prebid-lib.js"},"id":572,"priority":30},
{"action":{"type":"allow"},"condition":{"initiatorDomains":["independentespanol.com"],"resourceTypes":["script"],"urlFilter":"||pub.pixels.ai/wrap-independent-prebid-lib.js"},"id":573,"priority":30},
{"action":{"type":"allow"},"condition":{"initiatorDomains":["aristeguinoticias.com","hola.com"],"resourceTypes":["script"],"urlFilter":"||g.doubleclick.net/gpt/pubads_impl_"},"id":574,"priority":30},
{"action":{"type":"allow"},"condition":{"initiatorDomains":["aristeguinoticias.com"],"resourceTypes":["script","xmlhttprequest"],"urlFilter":"||g.doubleclick.net/tag/js/gpt.js"},"id":575,"priority":30},
{"action":{"type":"allow"},"condition":{"initiatorDomains":["mundoprimaria.com","vodgc.net"],"resourceTypes":["script"],"urlFilter":"||imasdk.googleapis.com/js/sdkloader/"},"id":576,"priority":30},
{"action":{"type":"allow"},"condition":{"initiatorDomains":["as.com"],"resourceTypes":["script"],"urlFilter":"||ak-ads-ns.prisasd.com/prebid/prebid_noticias.js"},"id":577,"priority":30},
{"action":{"type":"allow"},"condition":{"initiatorDomains":["gamezhero.com"],"resourceTypes":["script"],"urlFilter":"||assets.gameallianz.com/api/js/ads/ads.js"},"id":578,"priority":30},
{"action":{"type":"allow"},"condition":{"initiatorDomains":["videos.cuantarazon.com","videos.humorenserie.com","videos.memedeportes.com","videos.vistoenlasredes.com","videos.vrutal.com"],"resourceTypes":["script"],"urlFilter":"||imasdk.googleapis.com/js/sdkloader/ima3_debug.js"},"id":579,"priority":30},
{"action":{"type":"allow"},"condition":{"initiatorDomains":["api.vodgc.net"],"resourceTypes":["script"],"urlFilter":"||static.vodgc.net/*/videojs.ads-5.1.5.min.js"},"id":581,"priority":30},
{"action":{"type":"allow"},"condition":{"resourceTypes":["xmlhttprequest"],"urlFilter":"||adpass.atresmedia.com/*/index/*/ad*.js"},"id":582,"priority":30},
{"action":{"type":"allow"},"condition":{"initiatorDomains":["independentespanol.com"],"resourceTypes":["sub_frame"],"urlFilter":"||ads.pubmatic.com/adserver/js/pwtsync/"},"id":583,"priority":30},
{"action":{"type":"allow"},"condition":{"initiatorDomains":["teletica.com"],"resourceTypes":["sub_frame"],"urlFilter":"||bradmax.com/client/embed-player/*/pubads.g.doubleclick.net/"},"id":584,"priority":30},
{"action":{"type":"allow"},"condition":{"initiatorDomains":["teletica.com"],"resourceTypes":["sub_frame"],"urlFilter":"||iframes.5centscdn.com/5centscdn/*&adtagurl=https://pubads.g.doubleclick.net/"},"id":585,"priority":30},
{"action":{"type":"allow"},"condition":{"initiatorDomains":["tribunaavila.com","tribunaburgos.com","tribunaleon.com","tribunapalencia.com","tribunasalamanca.com","tribunasegovia.com","tribunasoria.com","tribunavalladolid.com","tribunazamora.com"],"resourceTypes":["sub_frame"],"urlFilter":"||tribunasalamanca.com/ads.html"},"id":586,"priority":30},
{"action":{"type":"allow"},"condition":{"initiatorDomains":["hentaihd.xyz"],"resourceTypes":["sub_frame"],"urlFilter":"||giolandscaping.com/ads/"},"id":587,"priority":30},
{"action":{"type":"allow"},"condition":{"initiatorDomains":["kissfm.es"],"resourceTypes":["media"],"urlFilter":"||adhandler.kissfmradio.cires21.com/get_link^"},"id":588,"priority":30},
{"action":{"type":"allow"},"condition":{"initiatorDomains":["videos.cuantarazon.com","videos.humorenserie.com","videos.memedeportes.com","videos.vistoenlasredes.com","videos.vrutal.com"],"resourceTypes":["media"],"urlFilter":"||gvt1.com/videoplayback/"},"id":589,"priority":30},
{"action":{"type":"allow"},"condition":{"domainType":"firstParty","urlFilter":"||firmadigital.gob.ec/wp-content/plugins/banner-ads-rotator/"},"id":590,"priority":30},
{"action":{"type":"block"},"condition":{"urlFilter":"||dolarito.ar/static/buenbit/"},"id":591,"priority":10},
{"action":{"type":"allow"},"condition":{"domainType":"firstParty","resourceTypes":["script"],"urlFilter":"||letrasyfuentes.com/tardisrocinante/screx.js?"},"id":592,"priority":30},
{"action":{"type":"allow"},"condition":{"domainType":"firstParty","initiatorDomains":["diariosur.es","diariovasco.com","elcomercio.es","elcorreo.com","eldiariomontanes.es","elnortedecastilla.es","hoy.es","ideal.es","larioja.com","lasprovincias.es","leonoticias.com"],"resourceTypes":["script"],"urlFilter":"/comun/js/2014/adfr*.js"},"id":593,"priority":30},
{"action":{"type":"allow"},"condition":{"domainType":"firstParty","initiatorDomains":["diaridegirona.cat","diariodeibiza.es","diariodemallorca.es","diarioinformacion.com","emporda.info","farodevigo.es","laopinion.es","laopinioncoruna.es","laopiniondemalaga.es","laopiniondemurcia.es","laopiniondezamora.es","laprovincia.es","levante-emv.com","mallorcazeitung.es","regio7.cat"],"resourceTypes":["script"],"urlFilter":"/elementosweb/js/ads.js"},"id":594,"priority":30},
{"action":{"type":"allow"},"condition":{"domainType":"firstParty","initiatorDomains":["diaridegirona.cat","diariodeibiza.es","diariodemallorca.es","diarioinformacion.com","emporda.info","farodevigo.es","laopinion.es","laopinioncoruna.es","laopiniondemalaga.es","laopiniondemurcia.es","laopiniondezamora.es","laprovincia.es","levante-emv.com","mallorcazeitung.es","regio7.cat"],"resourceTypes":["script"],"urlFilter":"/servicios/ads/dfp.js"},"id":595,"priority":30},
{"action":{"type":"allow"},"condition":{"domainType":"firstParty","resourceTypes":["sub_frame"],"urlFilter":"||hentaihd.xyz/ads/"},"id":596,"priority":30},
{"action":{"type":"allow"},"condition":{"initiatorDomains":["3djuegosguias.com","3djuegospc.com","applesfera.com","compradiccion.com","directoalpaladar.com","espinof.com","genbeta.com","poprosa.com","trendencias.com","trendenciashombre.com","vidaextra.com","vitonica.com","xataka.com","xatakamovil.com"],"resourceTypes":["script"],"urlFilter":"||getjad.io/prebid/"},"id":597,"priority":30},
{"action":{"type":"allow"},"condition":{"initiatorDomains":["3djuegosguias.com","3djuegospc.com","applesfera.com","compradiccion.com","directoalpaladar.com","espinof.com","genbeta.com","poprosa.com","trendencias.com","trendenciashombre.com","vidaextra.com","vitonica.com","xataka.com","xatakamovil.com"],"resourceTypes":["script"],"urlFilter":"||pagead2.googlesyndication.com/pagead/js/adsbygoogle.js"},"id":598,"priority":30},
{"action":{"type":"block"},"condition":{"urlFilter":"||dolarito.ar/static/vita/"},"id":599,"priority":10},
{"action":{"type":"block"},"condition":{"urlFilter":"||dolarito.ar/static/wallbit/"},"id":600,"priority":10},
{"action":{"type":"block"},"condition":{"urlFilter":"||elpotosi.net/img/advertising/"},"id":601,"priority":10},
{"action":{"type":"allow"},"condition":{"initiatorDomains":["api.apolomedia.com","carolina.cl","crhoy.com","niusdiario.es","paxtvmovil.org","radiocandela.cl","romantica.cl","rtve.es","tn.com.ar","vmf.edge-apps.net"],"urlFilter":"||imasdk.googleapis.com/js/sdkloader/ima3.js"},"id":602,"priority":30},
{"action":{"type":"allow"},"condition":{"initiatorDomains":["vmf.edge-apps.net"],"urlFilter":"||imasdk.googleapis.com/js/sdkloader/ima3_dai.js"},"id":603,"priority":30},
{"action":{"type":"block"},"condition":{"urlFilter":"||contextotucuman.com/banners/"},"id":604,"priority":10}
]
