[
{"action":{"type":"block"},"condition":{"urlFilter":".com/qc/"},"id":1,"priority":10},
{"action":{"type":"block"},"condition":{"excludedInitiatorDomains":["linkneverdie.net"],"urlFilter":".net/ads/"},"id":2,"priority":10},
{"action":{"type":"block"},"condition":{"urlFilter":".vn/ad/"},"id":3,"priority":10},
{"action":{"type":"block"},"condition":{"urlFilter":".vn/qc/"},"id":4,"priority":10},
{"action":{"type":"block"},"condition":{"requestDomains":["ad.vidverto.io","adflycode.com","ads-cdn.fptplay.net","ads.mxhnkn.pro","ads.starzd.com","adtima-static.zascdn.me","adtimaserver.vn","aiactiv.io","aj1047.online","aj2393.online","ajsc.yodimedia.com","amcdn.vn","api.adfly.vn","apinas.nct.vn","bidgear-syndication.com","cdn.adop.asia","cdn.adxcontent.com","cdn.tpmedia.online","cdnstoremedia.com","cdnv.tpmedia.online","click.advertnative.com","cnt.trvdp.com","contineljs.com","cpt.geniee.jp","cv.bentsdiorism.com","delivery.yomedia.vn","distinctrobin.com","ds.recrampwiped.com","excavatenearbywand.com","fairspin.ru.com","farawayinstallation.com","fv.togataurnfuls.com","genmonet.com","gullyending.com","iads.staticscdn.net","img.yeuketqua.net","js.aiservice.vn","jsc.yodimedia.com","lepidpomps.com","ligheechoagool.com","media.yomedia.vn","mt.deimosfestuca.com","ob.joyrodetoment.com","oursty.com","player.gliacloud.com","pub.akadigital.vn","pub.lavamedia.vn","qc.violet.vn","sbbanner.com","sourcetobin.com","ss.yomedia.vn","static.adconnect.vn","static.dable.io","static.philacct.com","tags.native-ad.net","ut.uranininnage.com","v9banners.com","vads.net.vn","wr.brandonketting.com","xa.boozierosmotic.com"]},"id":5,"priority":10},
{"action":{"type":"block"},"condition":{"urlFilter":"/ads/popup_"},"id":6,"priority":10},
{"action":{"type":"block"},"condition":{"urlFilter":"/banner-ads."},"id":7,"priority":10},
{"action":{"type":"block"},"condition":{"excludedInitiatorDomains":["marsvenus.vn"],"urlFilter":"/banner/*.gif"},"id":8,"priority":10},
{"action":{"type":"block"},"condition":{"urlFilter":"/blueserving."},"id":9,"priority":10},
{"action":{"type":"block"},"condition":{"urlFilter":"/giadinhonline.vn/files/qc/"},"id":10,"priority":10},
{"action":{"type":"allow"},"condition":{"initiatorDomains":["4g.tintuc247.top","753x.blogspot.com","anonyviet.com","audiotruyenfull.com","chuyenreview.net","cungthi.online","dafontvn.com","dl.thuthuatjb.com","duan24h.net","gocmod.com","hackbloxfruit.pro","hoctoan123.com","ichi.pro","idpvn.com","imail.edu.vn","ios.codevn.net","ipacrack.com","khotailieuonthi247.com","kientruc360.info","kites.vn","lehait.net","letrongdai.vn","lumionvietnam.com","mifirm.net","minhpc.com","nhacsong.pro","phuongtrinhhoahoc.com","quangcaoyenbai.com","sesenblog.com","sign.codevn.net","streamc.xyz","sum.vn","taisachonthi.com","thelanb.com","thitotnghiepthpt.vn","thuthuatmeovat.net","thuvienphatquang.com","tiengnhatdongian.com","toilaquantri.com","traderviet.tv","tromcap.com","vanhoatamlinh.com","vnjpclub.com","vongquaymayman.com","web1s.asia","windowslite.net","www.gvnvh18z.com","www.iosviet.com","xaydungplus.com","yhocdata.com"],"resourceTypes":["image","script","xmlhttprequest"],"urlFilter":"||pagead2.googlesyndication.com^"},"id":11,"priority":30},
{"action":{"type":"block"},"condition":{"initiatorDomains":["ghienphim.ad","jophim.top","mv.dailyphimz.com","mv.phimmoiaz.cc","mythethao.net","phim24k.top","phimmoi.club","quatvn.my","rophimz.top","soicau247s.org","tv.tvhayhd.org","vtipster.net","vutruphim.tv","xemtivi4k.com","z.chinav.sex"],"resourceTypes":["image"],"urlFilter":"||i.imgur.com^*.gif"},"id":12,"priority":10},
{"action":{"type":"block"},"condition":{"urlFilter":"/polyad."},"id":13,"priority":10},
{"action":{"type":"block"},"condition":{"urlFilter":"/popunder7."},"id":14,"priority":10},
{"action":{"type":"block"},"condition":{"excludedInitiatorDomains":["thegioididong.com"],"urlFilter":"/qcao/"},"id":15,"priority":10},
{"action":{"type":"block"},"condition":{"urlFilter":"/quang%20cao/"},"id":16,"priority":10},
{"action":{"type":"block"},"condition":{"urlFilter":"/quang_cao/"},"id":17,"priority":10},
{"action":{"type":"block"},"condition":{"urlFilter":"/quangcao."},"id":18,"priority":10},
{"action":{"type":"block"},"condition":{"urlFilter":"/quangcao/"},"id":19,"priority":10},
{"action":{"type":"block"},"condition":{"urlFilter":"/root/ads/"},"id":20,"priority":10},
{"action":{"type":"block"},"condition":{"urlFilter":"/sbbanner.com"},"id":21,"priority":10},
{"action":{"type":"block"},"condition":{"urlFilter":"/stores/ads_data/"},"id":22,"priority":10},
{"action":{"type":"block"},"condition":{"urlFilter":"/taichinhdoanhnghiep.net.vn/files/qc"},"id":23,"priority":10},
{"action":{"type":"block"},"condition":{"initiatorDomains":["afamily.vn","cafef.vn","gamek.vn","genk.vn","kenh14.vn","soha.vn","thanhnien.vn","tuoitre.vn"],"urlFilter":"/tracking_info.gif"},"id":24,"priority":10},
{"action":{"type":"block"},"condition":{"excludedInitiatorDomains":["danet.vn"],"urlFilter":"/videojs.ads."},"id":25,"priority":10},
{"action":{"type":"block"},"condition":{"excludedInitiatorDomains":["earthcam.com","jut.su"],"urlFilter":"/videojs.ima.js"},"id":26,"priority":10},
{"action":{"type":"block"},"condition":{"domainType":"thirdParty","requestDomains":["adflex.vn","adpia.vn","adtima.vn","ants.vn","blueseeddigital.com","fundingchoicesmessages.google.com","gammaplatform.com","genieesspv.jp","meta.vn","onnetwork.tv","pub.lavanetwork.net","qc.coccoc.com","realclick.vn"]},"id":27,"priority":10},
{"action":{"type":"block"},"condition":{"initiatorDomains":["chich69.top","fulllivehot.live","haysex.page","olivierperu.com","pheclip.love","phevl.sh","phim18vip.one","phimlongtieng.net","scdvd.com","sexhihi.fit","sieudam.sh","vlgaisex.pro","vlxx.net","www.motchill40.com"],"resourceTypes":["image"],"urlFilter":"||quoracdn.net^"},"id":28,"priority":10},
{"action":{"type":"block"},"condition":{"urlFilter":"||123nhadatviet.com/media/ck/banners/"},"id":29,"priority":10},
{"action":{"type":"block"},"condition":{"urlFilter":"||123nhadatviet.net/media/ck/banners/"},"id":30,"priority":10},
{"action":{"type":"block"},"condition":{"urlFilter":"||2banh.vn/images/banners/"},"id":31,"priority":10},
{"action":{"type":"block"},"condition":{"urlFilter":"||ads*.autodaily.vn"},"id":32,"priority":10},
{"action":{"type":"block"},"condition":{"initiatorDomains":["cakhiazxf.cc","fishfight.net","keonhacai55.pw","listnhacai88.com","mitomza.cc","rakhoivq.cc","seltzerland.com","vebozxn.cc","www.motchill40.com"],"urlFilter":"/i.imgur.com/*.gif"},"id":33,"priority":10},
{"action":{"type":"block"},"condition":{"initiatorDomains":["banbuondalat.com","diendanit.net","nhacdj.vn","phim18hdxx.com","phimbet.com","www.ssphim.lol","xamvn.online","xem.tructiepnba.me"],"resourceTypes":["image"],"urlFilter":"||i.imgur.com^"},"id":34,"priority":10},
{"action":{"type":"allow"},"condition":{"initiatorDomains":["24h.com.vn","danet.vn","fptplay.vn","game24h.vn","sctvonline.vn","toku.strp2p.com","vieon.vn","vtvgo.vn"],"resourceTypes":["script","xmlhttprequest"],"urlFilter":"||imasdk.googleapis.com^"},"id":35,"priority":30},
{"action":{"type":"block"},"condition":{"initiatorDomains":["mythethao.net"],"urlFilter":"||asecdn.w88media.com/vn/250x250-vn.gif"},"id":36,"priority":10},
{"action":{"type":"block"},"condition":{"resourceTypes":["image"],"urlFilter":"||image-eu-na-ctnytbefjq.4shares.live/90link/*.gif"},"id":37,"priority":10},
{"action":{"type":"block"},"condition":{"urlFilter":"||baonga.com/fileupload/images/*banner"},"id":38,"priority":10},
{"action":{"type":"block"},"condition":{"initiatorDomains":["bongdainfox.tv","cakhiazxf.cc","fishfight.net","mitomza.cc","rakhoivq.cc","vebozxn.cc"],"resourceTypes":["image"],"urlFilter":"||cdn.lfastcdn.com^*.gif"},"id":39,"priority":10},
{"action":{"type":"block"},"condition":{"initiatorDomains":["boctem.com","mn.mediastation.live","phimdacap.tv","player.cloudbeta.win","xemphim.site"],"resourceTypes":["script"],"urlFilter":"/vast.js"},"id":40,"priority":10},
{"action":{"type":"block"},"condition":{"initiatorDomains":["watch.rkplayer.xyz","xem.cakhia81.xyz","xem.rakhoi53.xyz"],"urlFilter":"||7jab1225.edgemaxcdn.org^*.gif"},"id":41,"priority":10},
{"action":{"type":"block"},"condition":{"urlFilter":"||chodansinh.net^*.gif"},"id":42,"priority":10},
{"action":{"type":"block"},"condition":{"urlFilter":"||chotlo3s.com^*gif"},"id":43,"priority":10},
{"action":{"type":"block"},"condition":{"urlFilter":"||code.gunnymienphi.net^*.gif"},"id":44,"priority":10},
{"action":{"type":"block"},"condition":{"urlFilter":"||danketoan.com/banner/"},"id":45,"priority":10},
{"action":{"type":"block"},"condition":{"initiatorDomains":["phim18vip.one","phimsexsub.website","thefaplive.com"],"resourceTypes":["image"],"urlFilter":"||discordapp."},"id":46,"priority":10},
{"action":{"type":"block"},"condition":{"initiatorDomains":["hhtq13.vip","hhtq3d.net","hhtq5.vip","hhvietsub.com","hhvsub1.com"],"resourceTypes":["image"],"urlFilter":"||s2.truyentot.com^*.gif"},"id":47,"priority":10},
{"action":{"type":"block"},"condition":{"urlFilter":"||forum.idichvuseo.com/images/quang-cao"},"id":48,"priority":10},
{"action":{"type":"block"},"condition":{"initiatorDomains":["nung18.com","phimxxx.ai"],"urlFilter":"||hellobabygirl.live/*/adx*.js"},"id":49,"priority":10},
{"action":{"type":"block"},"condition":{"initiatorDomains":["gavangtv10.net","xem1.gv03.live"],"resourceTypes":["image"],"urlFilter":"||stc02bc54661548.cloud.anycastapnic.com^*.gif"},"id":50,"priority":10},
{"action":{"type":"block"},"condition":{"initiatorDomains":["phimno1.live"],"urlFilter":"||github.com/vietcodeno1/basic-lesson/"},"id":51,"priority":10},
{"action":{"type":"block"},"condition":{"initiatorDomains":["home1.mannhan22.pro","mannhan97.xyz","mn.mediastation.live"],"resourceTypes":["image"],"urlFilter":"||mediastation.live^*.gif"},"id":52,"priority":10},
{"action":{"type":"block"},"condition":{"initiatorDomains":["hhninja30.tv","hhtm.net","phimhaytv.biz","yanhh3d.pro"],"resourceTypes":["image"],"urlFilter":"||blogger.googleusercontent.com^"},"id":53,"priority":10},
{"action":{"type":"block"},"condition":{"initiatorDomains":["phimchill.life","phimmoinet.click"],"resourceTypes":["image"],"urlFilter":"||tizihay.com^*.gif"},"id":54,"priority":10},
{"action":{"type":"block"},"condition":{"initiatorDomains":["nhadautu.vn"],"urlFilter":"||i.ex-cdn.com/nhadautu.vn/files/qc/"},"id":55,"priority":10},
{"action":{"type":"block"},"condition":{"initiatorDomains":["vozer.net"],"urlFilter":"||i.imgur.com/81uid6d.jpg"},"id":56,"priority":10},
{"action":{"type":"block"},"condition":{"initiatorDomains":["vozer.net"],"urlFilter":"||i.imgur.com/fbuh5aq.png"},"id":57,"priority":10},
{"action":{"type":"block"},"condition":{"initiatorDomains":["fishfight.net","vebozxn.cc"],"resourceTypes":["image"],"urlFilter":"/images/company/21.png"},"id":58,"priority":10},
{"action":{"type":"block"},"condition":{"urlFilter":"||iamcdn.net/players/playera.dmins.js"},"id":59,"priority":10},
{"action":{"type":"block"},"condition":{"urlFilter":"||iamcdn.net/players/playhydraxs.min.js"},"id":60,"priority":10},
{"action":{"type":"block"},"condition":{"urlFilter":"||kenhgamez.co^*.gif"},"id":61,"priority":10},
{"action":{"type":"block"},"condition":{"initiatorDomains":["phimtuoitho.tv","sex.javnong.cc"],"resourceTypes":["image"],"urlFilter":"||i.ibb.co^*.gif"},"id":62,"priority":10},
{"action":{"type":"block"},"condition":{"urlFilter":"||kienthuc.net.vn/*.ads"},"id":63,"priority":10},
{"action":{"type":"block"},"condition":{"urlFilter":"||laodong.vn/*quangcaoonline"},"id":64,"priority":10},
{"action":{"type":"block"},"condition":{"initiatorDomains":["anime13.site","xemphim.site"],"resourceTypes":["image"],"urlFilter":"||api.anime3s.com^*.gif"},"id":65,"priority":10},
{"action":{"type":"block"},"condition":{"urlFilter":"||mocfun.net/uploads/banners/"},"id":66,"priority":10},
{"action":{"type":"block"},"condition":{"initiatorDomains":["goatembed.com","www.rophim.moi"],"resourceTypes":["image"],"urlFilter":"||i.finallygotthexds.site/vpromolink/"},"id":67,"priority":10},
{"action":{"type":"block"},"condition":{"initiatorDomains":["tuoi69m.org","tuoinung.cam"],"resourceTypes":["image"],"urlFilter":"/wp-content/uploads/*.gif"},"id":68,"priority":10},
{"action":{"type":"block"},"condition":{"urlFilter":"||nhipcaudautu.vn/media/*.gif"},"id":69,"priority":10},
{"action":{"type":"block"},"condition":{"urlFilter":"||notepad.vn/media/images/like68.jpg"},"id":70,"priority":10},
{"action":{"type":"block"},"condition":{"initiatorDomains":["live4.vebo4.net"],"urlFilter":"||photo2.tinhte.vn^*.gif"},"id":71,"priority":10},
{"action":{"type":"block"},"condition":{"initiatorDomains":["phimsexvl69.net","vlxx.rip"],"resourceTypes":["image"],"urlFilter":"||cdn-01.w3img.com^*.gif"},"id":72,"priority":10},
{"action":{"type":"block"},"condition":{"initiatorDomains":["bunchatv.net"],"resourceTypes":["image"],"urlFilter":"||cdn-live.taoxanh.biz/live-dev/cms/*.gif"},"id":73,"priority":10},
{"action":{"type":"block"},"condition":{"urlFilter":"||photo2.tinhte.vn/data/attachment-files/*banner"},"id":74,"priority":10},
{"action":{"type":"block"},"condition":{"initiatorDomains":["jophim.top","phim24k.top","rophimz.top"],"resourceTypes":["image"],"urlFilter":"||github.com/user-attachments/assets/"},"id":75,"priority":10},
{"action":{"type":"block"},"condition":{"initiatorDomains":["phimsexvn1.blog","z.chinav.sex"],"resourceTypes":["image"],"urlFilter":"||hhkungfu.us^*.gif"},"id":76,"priority":10},
{"action":{"type":"block"},"condition":{"initiatorDomains":["nettruyenar.com","nettruyenviet1.com"],"resourceTypes":["image"],"urlFilter":"||newoneinoldoneout.pro/banners-web/"},"id":77,"priority":10},
{"action":{"type":"block"},"condition":{"initiatorDomains":["hhtqvietsub.cc"],"urlFilter":"||googleusercontent.com^"},"id":78,"priority":10},
{"action":{"type":"block"},"condition":{"initiatorDomains":["fullcliphot.org","fulllivehot.live"],"resourceTypes":["image"],"urlFilter":"||xfast.sbs/media/"},"id":79,"priority":10},
{"action":{"type":"block"},"condition":{"urlFilter":"||sggp.org.vn/*banner"},"id":80,"priority":10},
{"action":{"type":"block"},"condition":{"initiatorDomains":["gocmod.com"],"urlFilter":".servimg.com/u/f45/"},"id":81,"priority":10},
{"action":{"type":"block"},"condition":{"initiatorDomains":["xemphimviet.one"],"resourceTypes":["image"],"urlFilter":"||ghienphim.blog^*.gif"},"id":82,"priority":10},
{"action":{"type":"block"},"condition":{"urlFilter":"||sohuutritue.net.vn/files/qc/"},"id":83,"priority":10},
{"action":{"type":"block"},"condition":{"initiatorDomains":["monkeyd.net.vn"],"resourceTypes":["image"],"urlFilter":"||cdn.monkeydarchive.com/images/banner/"},"id":84,"priority":10},
{"action":{"type":"block"},"condition":{"initiatorDomains":["cap3.online","qmh.sex"],"resourceTypes":["image"],"urlFilter":"||video.qmh.sex/uploads/banners/"},"id":85,"priority":10},
{"action":{"type":"block"},"condition":{"initiatorDomains":["ybox.vn"],"urlFilter":"||static.ybox.vn^*.gif"},"id":86,"priority":10},
{"action":{"type":"block"},"condition":{"initiatorDomains":["phimmoinet.click"],"resourceTypes":["image"],"urlFilter":"||blvtap.com^*.gif"},"id":87,"priority":10},
{"action":{"type":"block"},"condition":{"urlFilter":"||thoigian.com.vn^*.gif"},"id":88,"priority":10},
{"action":{"type":"block"},"condition":{"urlFilter":"||thuysanvietnam.com.vn^*.gif"},"id":89,"priority":10},
{"action":{"type":"block"},"condition":{"urlFilter":"||tinhayvip.com^*.gif"},"id":90,"priority":10},
{"action":{"type":"block"},"condition":{"urlFilter":"||tinmoi.vn/?mod=ajax&act=getads"},"id":91,"priority":10},
{"action":{"type":"block"},"condition":{"urlFilter":"||toithuthuat.com^*.gif"},"id":92,"priority":10},
{"action":{"type":"block"},"condition":{"initiatorDomains":["truyentranh3qk.com"],"resourceTypes":["image"],"urlFilter":"||s1.truyentranh3q.com^*.gif"},"id":93,"priority":10},
{"action":{"type":"block"},"condition":{"urlFilter":"||tructiep.vn/website/adv/"},"id":94,"priority":10},
{"action":{"type":"block"},"condition":{"urlFilter":"||truyenconect.com/uploads/*-truyenconect_com-*."},"id":95,"priority":10},
{"action":{"type":"block"},"condition":{"initiatorDomains":["animevietsub.vip"],"resourceTypes":["image"],"urlFilter":"||lh3.googleusercontent.com/*=s0"},"id":96,"priority":10},
{"action":{"type":"block"},"condition":{"initiatorDomains":["nghenhinvietnam.vn"],"urlFilter":"||ads.nghenhinvietnam.vn^"},"id":97,"priority":10},
{"action":{"type":"block"},"condition":{"urlFilter":"||tudomuaban.com/public/upload/ad/"},"id":98,"priority":10},
{"action":{"type":"block"},"condition":{"initiatorDomains":["quatvn.my"],"resourceTypes":["media"],"urlFilter":"||quatvn2.net/tvc-gaixinh.mp4"},"id":99,"priority":10},
{"action":{"type":"block"},"condition":{"initiatorDomains":["www.gvnvh18z.com"],"resourceTypes":["image"],"urlFilter":"||blogger.googleusercontent.com^*.gif"},"id":100,"priority":10},
{"action":{"type":"block"},"condition":{"initiatorDomains":["motchillzl.com"],"urlFilter":"||ax.mpcdn.top^*.gif"},"id":101,"priority":10},
{"action":{"type":"block"},"condition":{"initiatorDomains":["motphimchillor.net"],"resourceTypes":["image"],"urlFilter":"||imagedelivery.net^"},"id":102,"priority":10},
{"action":{"type":"block"},"condition":{"initiatorDomains":["thapcamtvz.org"],"resourceTypes":["image"],"urlFilter":"||thapcamtvz.org^*.gif"},"id":103,"priority":10},
{"action":{"type":"block"},"condition":{"urlFilter":"||vnesports.net^*.gif"},"id":104,"priority":10},
{"action":{"type":"block"},"condition":{"urlFilter":"||vov.vn/ads/show-ads"},"id":105,"priority":10},
{"action":{"type":"block"},"condition":{"initiatorDomains":["nettruyenar.com","nettruyenviet1.com"],"resourceTypes":["script"],"urlFilter":"||newoneinoldoneout.pro/popup"},"id":106,"priority":10},
{"action":{"type":"block"},"condition":{"initiatorDomains":["tctruyen.org"],"resourceTypes":["image"],"urlFilter":"||cf.shopee.vn/file/"},"id":107,"priority":10},
{"action":{"type":"block"},"condition":{"initiatorDomains":["audiotruyenfull.com"],"resourceTypes":["image"],"urlFilter":"||down-vn.img.susercontent.com/file/vn-11134207-7ra0g-m7vtp74a0ozne9.webp"},"id":108,"priority":10},
{"action":{"type":"allow"},"condition":{"initiatorDomains":["sctvonline.vn"],"resourceTypes":["script"],"urlFilter":"||cdnjs.cloudflare.com/ajax/libs/videojs-contrib-ads/6.0.0/videojs-contrib-ads.js"},"id":109,"priority":30},
{"action":{"type":"block"},"condition":{"urlFilter":"||zaloweb."},"id":110,"priority":10},
{"action":{"type":"block"},"condition":{"initiatorDomains":["phimxxx.ai"],"resourceTypes":["image"],"urlFilter":"||mialsja.life^"},"id":111,"priority":10},
{"action":{"type":"block"},"condition":{"initiatorDomains":["phimtuoitho.tv"],"resourceTypes":["image"],"urlFilter":"||iili.io^*.gif"},"id":112,"priority":10},
{"action":{"type":"block"},"condition":{"urlFilter":"||ngaytho.me^*.gif"},"id":113,"priority":10},
{"action":{"type":"block"},"condition":{"initiatorDomains":["xemtivi4k.com"],"resourceTypes":["image"],"urlFilter":"||bp.blogspot.com^"},"id":114,"priority":10},
{"action":{"type":"block"},"condition":{"initiatorDomains":["vietnamfinance.vn"],"resourceTypes":["image"],"urlFilter":"||i.ex-cdn.com/vietnamfinance.vn/files/qc"},"id":115,"priority":10},
{"action":{"type":"block"},"condition":{"urlFilter":"||rphang.online^*.gif"},"id":116,"priority":10},
{"action":{"type":"block"},"condition":{"initiatorDomains":["vlgaisex.pro"],"resourceTypes":["image"],"urlFilter":"||vlgaisex.pro^*.gif"},"id":117,"priority":10},
{"action":{"type":"block"},"condition":{"urlFilter":"||truyensextv.com^*.gif"},"id":118,"priority":10},
{"action":{"type":"block"},"condition":{"resourceTypes":["image"],"urlFilter":"||xemphimviet.one^*.gif"},"id":119,"priority":10},
{"action":{"type":"block"},"condition":{"resourceTypes":["image","script","sub_frame"],"urlFilter":".tv/ads/"},"id":120,"priority":10},
{"action":{"type":"block"},"condition":{"initiatorDomains":["bongdaso66.net"],"resourceTypes":["image"],"urlFilter":"/adv/"},"id":121,"priority":10},
{"action":{"type":"block"},"condition":{"resourceTypes":["media"],"urlFilter":"||image-eu-na-ctnytbefjq.4shares.live/90link/*.mp4"},"id":122,"priority":10},
{"action":{"type":"block"},"condition":{"initiatorDomains":["motchillk.la"],"resourceTypes":["script"],"urlFilter":"/pop.js"},"id":123,"priority":10},
{"action":{"type":"block"},"condition":{"resourceTypes":["image"],"urlFilter":"/newchill/*gif"},"id":124,"priority":10},
{"action":{"type":"block"},"condition":{"resourceTypes":["image","script"],"urlFilter":"/storage.adpia.vn"},"id":125,"priority":10},
{"action":{"type":"block"},"condition":{"initiatorDomains":["clipphot.biz"],"resourceTypes":["image"],"urlFilter":"||xfast.sbs^*.gif"},"id":126,"priority":10},
{"action":{"type":"block"},"condition":{"initiatorDomains":["genzsex.blog"],"resourceTypes":["image"],"urlFilter":"||l1.stream4k.online^*.gif"},"id":127,"priority":10},
{"action":{"type":"block"},"condition":{"initiatorDomains":["tctruyen.org"],"resourceTypes":["image"],"urlFilter":"||img.lazcdn.com^*.gif"},"id":128,"priority":10},
{"action":{"type":"block"},"condition":{"resourceTypes":["image"],"urlFilter":"||blog.abit.vn/wp-content/uploads/2020/05/abit_"},"id":129,"priority":10},
{"action":{"type":"block"},"condition":{"initiatorDomains":["phimmoi.club"],"resourceTypes":["image"],"urlFilter":"||image.cdend.com^*.gif"},"id":130,"priority":10},
{"action":{"type":"allow"},"condition":{"initiatorDomains":["cungthi.online"],"urlFilter":"||googleads.g.doubleclick.net/pagead/"},"id":131,"priority":30},
{"action":{"redirect":{"extensionPath":"/web_accessible_resources/noop-0.1s.mp3"},"type":"redirect"},"condition":{"initiatorDomains":["www.motchill40.com"],"urlFilter":"||www.motchill40.com/3s.m3u8"},"id":132,"priority":11},
{"action":{"type":"block"},"condition":{"initiatorDomains":["gametv.vn"],"resourceTypes":["image"],"urlFilter":"||cdn-data.gtvplus.vn/banners/"},"id":133,"priority":10},
{"action":{"type":"block"},"condition":{"initiatorDomains":["cungtv.xyz"],"resourceTypes":["image"],"urlFilter":"||github.com^"},"id":134,"priority":10},
{"action":{"type":"block"},"condition":{"initiatorDomains":["webhoctienganh.com"],"resourceTypes":["image"],"urlFilter":"||cdn.webhoctienganh.com/asset/home/img/banner/"},"id":135,"priority":10},
{"action":{"type":"block"},"condition":{"initiatorDomains":["phimmoi.cash"],"resourceTypes":["image"],"urlFilter":"||pub-5fed774e465e4b98976b32ac90065247.r2.dev^*.gif"},"id":136,"priority":10},
{"action":{"type":"block"},"condition":{"urlFilter":"||voxx.fr^*.gif"},"id":137,"priority":10},
{"action":{"type":"block"},"condition":{"initiatorDomains":["truyenqqno.com"],"resourceTypes":["image","script"],"urlFilter":"||mplmncb.com/banners-web/"},"id":138,"priority":10},
{"action":{"type":"block"},"condition":{"initiatorDomains":["giavang.org"],"resourceTypes":["image"],"urlFilter":"||cdn.giavang.org/images/ads/"},"id":139,"priority":10},
{"action":{"type":"block"},"condition":{"initiatorDomains":["truyenqqno.com"],"resourceTypes":["script"],"urlFilter":"||mplmncb.com/popup/"},"id":140,"priority":10},
{"action":{"type":"allow"},"condition":{"initiatorDomains":["www.gvnvh18z.com"],"resourceTypes":["image"],"urlFilter":"||4.bp.blogspot.com/-faf4f4begfs/x6bgitbh8ri/aaaaaaaadr4/ti07qdfvywk4cpdnaj8mn5q_yvzug2cjgck4bgayycw/s1600/gvnvh18.png"},"id":141,"priority":30},
{"action":{"type":"block"},"condition":{"initiatorDomains":["nettruyenar.com"],"resourceTypes":["script"],"urlFilter":"||newoneinoldoneout.pro/zrlosadr.js"},"id":142,"priority":10},
{"action":{"type":"block"},"condition":{"initiatorDomains":["diendanmaychu.vn"],"resourceTypes":["image"],"urlFilter":"||hinhso.com^"},"id":143,"priority":10},
{"action":{"type":"block"},"condition":{"initiatorDomains":["dangcongsan.vn"],"resourceTypes":["image"],"urlFilter":"||file1.dangcongsan.vn^*.gif"},"id":144,"priority":10},
{"action":{"type":"block"},"condition":{"initiatorDomains":["motchillzl.com"],"resourceTypes":["script"],"urlFilter":"||ax.mpcdn.top/tags/js?id=motchill"},"id":145,"priority":10},
{"action":{"type":"allow"},"condition":{"initiatorDomains":["hackbloxfruit.pro"],"urlFilter":"||cdn.taboola.com/libtrc/default/loader.js"},"id":146,"priority":30},
{"action":{"type":"block"},"condition":{"initiatorDomains":["xnhau.hot"],"resourceTypes":["media"],"urlFilter":"||xnhau.blog^"},"id":147,"priority":10},
{"action":{"type":"block"},"condition":{"resourceTypes":["image"],"urlFilter":"||goal.90phut24.xyz^*.gif"},"id":148,"priority":10},
{"action":{"type":"allow"},"condition":{"initiatorDomains":["tuoitre.vn"],"urlFilter":"||js.aiservice.vn/rec/tto_home_stream1.js"},"id":149,"priority":30},
{"action":{"type":"block"},"condition":{"urlFilter":"||anime13.site^*.gif"},"id":150,"priority":10},
{"action":{"type":"block"},"condition":{"urlFilter":"||phimlongtieng.net/2s.m3u8"},"id":151,"priority":10},
{"action":{"type":"block"},"condition":{"resourceTypes":["image"],"urlFilter":"||animevietsub9.com/vast/"},"id":152,"priority":10},
{"action":{"type":"block"},"condition":{"initiatorDomains":["gocmod.com"],"resourceTypes":["script"],"urlFilter":"||gocmod.com/*code.js"},"id":153,"priority":10},
{"action":{"type":"block"},"condition":{"resourceTypes":["image"],"urlFilter":"||clipsexsub3x.net^*.gif"},"id":154,"priority":10},
{"action":{"type":"block"},"condition":{"initiatorDomains":["nghean24h.vn"],"resourceTypes":["image"],"urlFilter":"||media.nghean24h.vn^"},"id":155,"priority":10},
{"action":{"type":"block"},"condition":{"resourceTypes":["image"],"urlFilter":"||anhgaixinh.online^*.webp"},"id":156,"priority":10},
{"action":{"type":"block"},"condition":{"excludedInitiatorDomains":["aowvn.org"],"resourceTypes":["image"],"urlFilter":"||bp.blogspot.com/*banner"},"id":157,"priority":10},
{"action":{"type":"allow"},"condition":{"initiatorDomains":["gaingon3d.com"],"urlFilter":"||pagead2.googlesyndication.com^"},"id":158,"priority":30},
{"action":{"type":"block"},"condition":{"resourceTypes":["image"],"urlFilter":"||img.iketqua.com^*.gif"},"id":159,"priority":10},
{"action":{"type":"block"},"condition":{"resourceTypes":["image"],"urlFilter":"||halcyonhomecare.co.uk/images/banners/"},"id":160,"priority":10},
{"action":{"redirect":{"extensionPath":"/web_accessible_resources/noop.js"},"type":"redirect"},"condition":{"initiatorDomains":["lxmanga.space"],"resourceTypes":["script"],"urlFilter":"||bullionglidingscuttle.com/lv/esnk/2031811/code.js"},"id":161,"priority":11},
{"action":{"type":"block"},"condition":{"resourceTypes":["script"],"urlFilter":"/lv/esnk/"},"id":162,"priority":10},
{"action":{"type":"block"},"condition":{"urlFilter":"||ghienphim.ad/client_assets/js/minijumb.js"},"id":163,"priority":10},
{"action":{"type":"block"},"condition":{"urlFilter":"||vn6.sexviet88.xyz^*.gif"},"id":164,"priority":10},
{"action":{"type":"block"},"condition":{"resourceTypes":["image"],"urlFilter":"||listnhacai88.com^*.gif"},"id":165,"priority":10},
{"action":{"type":"block"},"condition":{"urlFilter":"||xem16.net^*.gif"},"id":166,"priority":10},
{"action":{"redirect":{"extensionPath":"/web_accessible_resources/noop.js"},"type":"redirect"},"condition":{"initiatorDomains":["lxmanga.space"],"resourceTypes":["script"],"urlFilter":"||crumpetprankerstench.com/on.js"},"id":167,"priority":11},
{"action":{"redirect":{"extensionPath":"/web_accessible_resources/noop.js"},"type":"redirect"},"condition":{"initiatorDomains":["lxmanga.space"],"resourceTypes":["script"],"urlFilter":"||jf.nairydeices.com/rxap4jba7jnut/114370"},"id":168,"priority":11},
{"action":{"type":"allow"},"condition":{"initiatorDomains":["hackbloxfruit.pro"],"resourceTypes":["xmlhttprequest"],"urlFilter":"||g.doubleclick.net^"},"id":169,"priority":30},
{"action":{"type":"block"},"condition":{"initiatorDomains":["phimxxx.ai"],"resourceTypes":["image"],"urlFilter":"||imgcdn.mikelarsenal.pro/images/"},"id":170,"priority":10},
{"action":{"type":"block"},"condition":{"resourceTypes":["image"],"urlFilter":"||phim.vkool8.net/images/ads/"},"id":171,"priority":10},
{"action":{"type":"block"},"condition":{"initiatorDomains":["xem1.gv03.live"],"resourceTypes":["xmlhttprequest"],"urlFilter":"||api-gavang.gvtv1.com/banners/graph"},"id":172,"priority":10},
{"action":{"redirect":{"extensionPath":"/web_accessible_resources/noop.js"},"type":"redirect"},"condition":{"initiatorDomains":["lxmanga.space"],"resourceTypes":["script"],"urlFilter":"||www.vipads.live/vn/"},"id":173,"priority":11},
{"action":{"type":"block"},"condition":{"urlFilter":"||www.bongdalu811.com^*.gif"},"id":174,"priority":10},
{"action":{"type":"block"},"condition":{"resourceTypes":["image"],"urlFilter":"||thuocbietduoc.com.vn/aqc/"},"id":175,"priority":10},
{"action":{"type":"block"},"condition":{"urlFilter":"||sayhentai.live/assets/js/ads.js"},"id":176,"priority":10},
{"action":{"type":"allow"},"condition":{"initiatorDomains":["game24h.vn"],"resourceTypes":["script","xmlhttprequest"],"urlFilter":"||services.vlitag.com^"},"id":177,"priority":30},
{"action":{"type":"block"},"condition":{"resourceTypes":["image"],"urlFilter":"||xamer.xyz/styles/file/"},"id":178,"priority":10},
{"action":{"type":"block"},"condition":{"resourceTypes":["image"],"urlFilter":"||quaivatdienanh.com/*banner"},"id":179,"priority":10},
{"action":{"type":"block"},"condition":{"urlFilter":"||lxmanga.space/storage/images/banners"},"id":180,"priority":10},
{"action":{"type":"block"},"condition":{"resourceTypes":["image"],"urlFilter":"||anime47.onl^*.gif"},"id":181,"priority":10},
{"action":{"type":"block"},"condition":{"domainType":"firstParty","resourceTypes":["image"],"urlFilter":"||buomtv.media/palivn/ad/"},"id":182,"priority":10},
{"action":{"type":"allow"},"condition":{"initiatorDomains":["the.tube"],"resourceTypes":["xmlhttprequest"],"urlFilter":"||www3.doubleclick.net^"},"id":183,"priority":30},
{"action":{"type":"block"},"condition":{"initiatorDomains":["metruyencv.com"],"resourceTypes":["image"],"urlFilter":"||static.cdnno.com/storage/topbox/*.webp"},"id":184,"priority":10},
{"action":{"type":"block"},"condition":{"domainType":"firstParty","resourceTypes":["script"],"urlFilter":"/plugins/adsmanager/"},"id":185,"priority":10},
{"action":{"type":"block"},"condition":{"resourceTypes":["image"],"urlFilter":"||motchillk.la^*.gif"},"id":186,"priority":10},
{"action":{"type":"block"},"condition":{"resourceTypes":["image"],"urlFilter":"||tailieuvnu.com/wp-content/uploads/2022/12/28/shopee-2*.png"},"id":187,"priority":10},
{"action":{"type":"block"},"condition":{"resourceTypes":["image"],"urlFilter":"||tepbac.com/upload/advertiment/"},"id":188,"priority":10},
{"action":{"type":"block"},"condition":{"resourceTypes":["image"],"urlFilter":"||thoigian.com.vn/mfiles/n/06/"},"id":189,"priority":10},
{"action":{"type":"block"},"condition":{"domainType":"thirdParty","initiatorDomains":["sexdiaryx.to"],"resourceTypes":["script"]},"id":190,"priority":10},
{"action":{"type":"block"},"condition":{"resourceTypes":["image"],"urlFilter":"||img.mmo4me.com/image.php?di=0qi2"},"id":191,"priority":10},
{"action":{"type":"block"},"condition":{"resourceTypes":["image"],"urlFilter":"||traderviet.tv/data/siropu/am/user/"},"id":192,"priority":10},
{"action":{"redirect":{"extensionPath":"/web_accessible_resources/noop-0.1s.mp3"},"type":"redirect"},"condition":{"initiatorDomains":["mn.mediastation.live"],"urlFilter":"||static-mn-vnd.mediastation.live/template/*.mp4"},"id":193,"priority":11},
{"action":{"type":"block"},"condition":{"resourceTypes":["image"],"urlFilter":"||phimhdc.com^*.gif"},"id":194,"priority":10},
{"action":{"type":"block"},"condition":{"resourceTypes":["image"],"urlFilter":"||vesotantai.com/upload/photo/"},"id":195,"priority":10},
{"action":{"redirect":{"extensionPath":"/web_accessible_resources/google-ima.js"},"type":"redirect"},"condition":{"initiatorDomains":["vtvcab.vn"],"resourceTypes":["script"],"urlFilter":"||on-web-cdn.gviet.vn/public/js/player/ads/ima3.js"},"id":196,"priority":11},
{"action":{"type":"block"},"condition":{"resourceTypes":["script"],"urlFilter":"/assets/js/vast.js"},"id":197,"priority":10},
{"action":{"type":"block"},"condition":{"excludedInitiatorDomains":["cdn2.kenhvn2.com"],"urlFilter":"/ads/*.gif"},"id":198,"priority":10},
{"action":{"type":"block"},"condition":{"resourceTypes":["image"],"urlFilter":"||motchillru.fm^*.gif"},"id":199,"priority":10},
{"action":{"type":"block"},"condition":{"resourceTypes":["image"],"urlFilter":"||xahoingaynay.com.vn/upload/"},"id":200,"priority":10},
{"action":{"type":"block"},"condition":{"initiatorDomains":["antt.vn"],"resourceTypes":["image"],"urlFilter":"||xmedia.antt.vn/upload/*.gif"},"id":201,"priority":10},
{"action":{"type":"block"},"condition":{"resourceTypes":["script"],"urlFilter":"docufind.org.uk/wp-content/themes/vlxx/js/*-adx.js"},"id":202,"priority":10},
{"action":{"type":"block"},"condition":{"resourceTypes":["image"],"urlFilter":"/ads/*.webp"},"id":203,"priority":10},
{"action":{"type":"block"},"condition":{"resourceTypes":["xmlhttprequest"],"urlFilter":"||client.rigelink.com/delivery/"},"id":204,"priority":10},
{"action":{"type":"block"},"condition":{"resourceTypes":["image"],"urlFilter":"||anime1s.com/_next/image?url=https%3a%2f%2f*.ibyteimg.com"},"id":205,"priority":10},
{"action":{"type":"block"},"condition":{"domainType":"firstParty","urlFilter":"||noitu.site^*.gif,"},"id":206,"priority":10},
{"action":{"type":"block"},"condition":{"resourceTypes":["image"],"urlFilter":"||anime1s.com/_next/image?url=https%3a%2f%2flh3.googleusercontent.com"},"id":207,"priority":10},
{"action":{"type":"block"},"condition":{"resourceTypes":["image"],"urlFilter":"||cliphotvn69.com^*.gif"},"id":208,"priority":10},
{"action":{"type":"block"},"condition":{"resourceTypes":["image"],"urlFilter":"||javtopxx2.com^*.gif"},"id":209,"priority":10},
{"action":{"type":"block"},"condition":{"domainType":"firstParty","resourceTypes":["script"],"urlFilter":"||run.vn/widget"},"id":210,"priority":10},
{"action":{"type":"block"},"condition":{"resourceTypes":["image"],"urlFilter":"||cliphot69.shop^*.gif"},"id":211,"priority":10},
{"action":{"type":"block"},"condition":{"urlFilter":"||vsc69.com/wp-content/themes/vuasanco/assets/scripts/scripts.js"},"id":212,"priority":10},
{"action":{"type":"block"},"condition":{"resourceTypes":["image"],"urlFilter":"||phimmoichillz.top/pop"},"id":213,"priority":10},
{"action":{"type":"block"},"condition":{"resourceTypes":["image"],"urlFilter":"||phimmoichillz.top^*.gif"},"id":214,"priority":10},
{"action":{"type":"block"},"condition":{"initiatorDomains":["congdongmassage.com"],"resourceTypes":["image"],"urlFilter":"||img.congdongmassage.com/banner/"},"id":215,"priority":10},
{"action":{"type":"block"},"condition":{"resourceTypes":["image"],"urlFilter":"||cash4clothes-aberdeen.co.uk^*.gif"},"id":216,"priority":10},
{"action":{"type":"block"},"condition":{"urlFilter":"||api.ybox.vn/graphql?query=*ads"},"id":217,"priority":10},
{"action":{"type":"block"},"condition":{"resourceTypes":["image"],"urlFilter":"||khotruyen.ac/banner_image/"},"id":218,"priority":10},
{"action":{"type":"block"},"condition":{"resourceTypes":["script"],"urlFilter":"||nettruyenviet1.com/assets/js/ads/"},"id":219,"priority":10},
{"action":{"type":"block"},"condition":{"resourceTypes":["script"],"urlFilter":"||nettruyenviet1.com/assets/js/pop"},"id":220,"priority":10},
{"action":{"type":"block"},"condition":{"resourceTypes":["image"],"urlFilter":"||truyenvn.shop^*banner"},"id":221,"priority":10},
{"action":{"type":"block"},"condition":{"resourceTypes":["script"],"urlFilter":"||adtima-static.zadn.vn^"},"id":222,"priority":10},
{"action":{"type":"block"},"condition":{"resourceTypes":["image"],"urlFilter":"||img.mmo4me.com/image.php?di=146j"},"id":223,"priority":10},
{"action":{"type":"block"},"condition":{"domainType":"thirdParty","resourceTypes":["media"],"urlFilter":"||bf.333xbet.com^"},"id":224,"priority":10},
{"action":{"type":"block"},"condition":{"resourceTypes":["image"],"urlFilter":"||hartoandco.com^*.gif"},"id":225,"priority":10},
{"action":{"responseHeaders":[{"header":"content-security-policy","operation":"append","value":"script-src data: blob: * 'self' 'unsafe-inline'"}],"type":"modifyHeaders"},"condition":{"resourceTypes":["main_frame","sub_frame"],"urlFilter":"||baomoi.com^"},"id":226},
{"action":{"type":"block"},"condition":{"domainType":"firstParty","resourceTypes":["image"],"urlFilter":"||hsctvn.com/uploads/products/"},"id":227,"priority":10},
{"action":{"type":"block"},"condition":{"domainType":"firstParty","resourceTypes":["image"],"urlFilter":"||vietjack.com/git/images/dehocki.png"},"id":228,"priority":10},
{"action":{"type":"block"},"condition":{"resourceTypes":["image"],"urlFilter":"||sexlive.biz/_next/image?url=%2fimages%2f*.avif&w=*&q=75"},"id":229,"priority":10},
{"action":{"type":"block"},"condition":{"resourceTypes":["image"],"urlFilter":"||truyensextv.com/anh/"},"id":230,"priority":10},
{"action":{"type":"block"},"condition":{"domainType":"firstParty","excludedInitiatorDomains":["vipurl.in"],"resourceTypes":["script"],"urlFilter":"/js/ads.js"},"id":231,"priority":10},
{"action":{"type":"block"},"condition":{"resourceTypes":["image"],"urlFilter":"||gamer18.net^*.gif"},"id":232,"priority":10},
{"action":{"type":"block"},"condition":{"resourceTypes":["image"],"urlFilter":"||img.mmo4me.com/image.php?di=w9ir"},"id":233,"priority":10},
{"action":{"type":"block"},"condition":{"resourceTypes":["script"],"urlFilter":".com/cpc/"},"id":234,"priority":10},
{"action":{"type":"block"},"condition":{"resourceTypes":["script"],"urlFilter":".net/cpf/"},"id":235,"priority":10},
{"action":{"type":"block"},"condition":{"resourceTypes":["script"],"urlFilter":"/content/js/jwplayer/vast.js"},"id":236,"priority":10},
{"action":{"type":"block"},"condition":{"resourceTypes":["script"],"urlFilter":"/aas/r45d/vki/"},"id":237,"priority":10},
{"action":{"type":"block"},"condition":{"resourceTypes":["image"],"urlFilter":"||hentaivn.taxi/banner_image/"},"id":238,"priority":10},
{"action":{"type":"block"},"condition":{"initiatorDomains":["cafef.vn","gamek.vn","genk.vn","kenh14.vn","thanhnien.vn"],"resourceTypes":["script"],"urlFilter":"/core/"},"id":239,"priority":10},
{"action":{"type":"block"},"condition":{"domainType":"firstParty","resourceTypes":["script"],"urlFilter":"||xemphimviet.one/client_assets/js/dataview/adsview.js"},"id":240,"priority":10},
{"action":{"type":"block"},"condition":{"resourceTypes":["script"],"urlFilter":"/disable-devtool.min.js"},"id":241,"priority":10},
{"action":{"type":"block"},"condition":{"resourceTypes":["image"],"urlFilter":"||phimsexhayvn96.com^*.gif"},"id":242,"priority":10},
{"action":{"type":"block"},"condition":{"domainType":"firstParty","resourceTypes":["script"],"urlFilter":"||hongbiennhanh24h.online/wp-content/themes/flatsome-child/assets/js/main.js"},"id":243,"priority":10},
{"action":{"type":"block"},"condition":{"resourceTypes":["script"],"urlFilter":"/siropu/am/core.min.js"},"id":244,"priority":10},
{"action":{"type":"block"},"condition":{"excludedInitiatorDomains":["cdn2.kenhvn2.com"],"resourceTypes":["script"],"urlFilter":"/v/*/vast.js"},"id":245,"priority":10},
{"action":{"responseHeaders":[{"header":"content-security-policy","operation":"append","value":"script-src data: 'self' 'unsafe-inline' http: https:"}],"type":"modifyHeaders"},"condition":{"resourceTypes":["main_frame","sub_frame"],"urlFilter":"||huongdanjava.com^"},"id":246},
{"action":{"type":"block"},"condition":{"domainType":"firstParty","resourceTypes":["script"],"urlFilter":"||nettruyenar.com/public/assets/js/pop"},"id":247,"priority":10},
{"action":{"type":"block"},"condition":{"resourceTypes":["script"],"urlFilter":"||ahaphimz.com/js/pov.js"},"id":248,"priority":10},
{"action":{"type":"block"},"condition":{"domainType":"firstParty","resourceTypes":["script"],"urlFilter":"||xemphimviet.one/client_assets/js/minijumb.js"},"id":249,"priority":10},
{"action":{"type":"block"},"condition":{"resourceTypes":["image"],"urlFilter":"||saarindiabng.com^*.gif"},"id":250,"priority":10},
{"action":{"type":"block"},"condition":{"resourceTypes":["script"],"urlFilter":"||animevietsub.vip/ads/"},"id":251,"priority":10},
{"action":{"type":"block"},"condition":{"domainType":"firstParty","urlFilter":"||europsi.org^*.gif"},"id":252,"priority":10},
{"action":{"responseHeaders":[{"header":"content-security-policy","operation":"append","value":"script-src 'self' 'unsafe-inline' data: https:"}],"type":"modifyHeaders"},"condition":{"resourceTypes":["main_frame","sub_frame"],"urlFilter":"||taoanhdep.com^"},"id":253},
{"action":{"type":"block"},"condition":{"domainType":"firstParty","resourceTypes":["image"],"urlFilter":"||qmanga.art/banner_image/"},"id":254,"priority":10},
{"action":{"type":"block"},"condition":{"resourceTypes":["script"],"urlFilter":"||nhipcaudautu.vn/*gafin"},"id":255,"priority":10},
{"action":{"type":"block"},"condition":{"resourceTypes":["image"],"urlFilter":"||sieukhung.ltd^*.gif"},"id":256,"priority":10},
{"action":{"type":"allow"},"condition":{"initiatorDomains":["cafef.vn","gamek.vn","genk.vn","kenh14.vn","thanhnien.vn"],"resourceTypes":["script"],"urlFilter":"||player.sohatv.vn/resource/"},"id":257,"priority":30},
{"action":{"type":"block"},"condition":{"resourceTypes":["script"],"urlFilter":"||server.zmedia.vn/static/"},"id":258,"priority":10},
{"action":{"type":"block"},"condition":{"resourceTypes":["script"],"urlFilter":"||the.tube/js/detect-ab.js"},"id":259,"priority":10},
{"action":{"type":"block"},"condition":{"resourceTypes":["script"],"urlFilter":"||the.tube/js/simpleblocker.js"},"id":260,"priority":10},
{"action":{"type":"block"},"condition":{"resourceTypes":["script"],"urlFilter":"||truyenwikidich.net/static/js/adx/"},"id":261,"priority":10},
{"action":{"type":"block"},"condition":{"resourceTypes":["script"],"urlFilter":"||vietjack.com/frontendweb/js/sp.js"},"id":262,"priority":10},
{"action":{"type":"block"},"condition":{"domainType":"firstParty","resourceTypes":["media"],"urlFilter":"||sexlive.biz/mb66.mp4"},"id":263,"priority":10},
{"action":{"type":"block"},"condition":{"resourceTypes":["script"],"urlFilter":"/player/vast.js"},"id":264,"priority":10},
{"action":{"type":"block"},"condition":{"resourceTypes":["image"],"urlFilter":"||thiendia1.vip/banner/"},"id":265,"priority":10},
{"action":{"type":"block"},"condition":{"resourceTypes":["image"],"urlFilter":"||motphimtv.bz^*.gif"},"id":266,"priority":10},
{"action":{"type":"block"},"condition":{"resourceTypes":["image"],"urlFilter":"||ghienphim.ad^*.gif"},"id":267,"priority":10},
{"action":{"type":"block"},"condition":{"domainType":"firstParty","resourceTypes":["image"],"urlFilter":"||phimhdcs.com/storage/files/*.gif"},"id":268,"priority":10},
{"action":{"type":"block"},"condition":{"domainType":"firstParty","resourceTypes":["script"],"urlFilter":"||26efp.com/js/dulak2.js"},"id":269,"priority":10},
{"action":{"type":"block"},"condition":{"domainType":"firstParty","resourceTypes":["image"],"urlFilter":"||zzonemanga.org/storage/banners/"},"id":270,"priority":10},
{"action":{"type":"block"},"condition":{"domainType":"firstParty","resourceTypes":["script"],"urlFilter":"||kenhthethaotv.com/wp-content/plugins/popup-builder/public/js/popupbuilder.js"},"id":271,"priority":10},
{"action":{"type":"block"},"condition":{"resourceTypes":["image"],"urlFilter":"||quatvn.my^*.gif"},"id":272,"priority":10},
{"action":{"type":"block"},"condition":{"resourceTypes":["image"],"urlFilter":"||sayhentai.live/storage/images/banner/"},"id":273,"priority":10},
{"action":{"type":"block"},"condition":{"resourceTypes":["xmlhttprequest"],"urlFilter":".vn/c3s-ad/"},"id":274,"priority":10},
{"action":{"type":"block"},"condition":{"resourceTypes":["xmlhttprequest"],"urlFilter":"/ads/*.xml"},"id":275,"priority":10},
{"action":{"type":"block"},"condition":{"resourceTypes":["image"],"urlFilter":"||checkscam.vn/wp-content/uploads/2025/10/2.png"},"id":276,"priority":10},
{"action":{"type":"block"},"condition":{"initiatorDomains":["bongdaso66.net"],"resourceTypes":["sub_frame"],"urlFilter":"/_bannerslot.aspx"},"id":277,"priority":10},
{"action":{"responseHeaders":[{"header":"content-security-policy","operation":"append","value":"script-src 'self' 'unsafe-inline' http: https:"}],"type":"modifyHeaders"},"condition":{"resourceTypes":["main_frame","sub_frame"],"urlFilter":"||www.iosviet.com^"},"id":278},
{"action":{"type":"block"},"condition":{"initiatorDomains":["vl.phe.to"],"resourceTypes":["sub_frame"],"urlFilter":"||cloufdlare.com/ads/vn1.html"},"id":279,"priority":10},
{"action":{"responseHeaders":[{"header":"content-security-policy","operation":"append","value":"script-src 'self' 'unsafe-inline'"}],"type":"modifyHeaders"},"condition":{"resourceTypes":["main_frame","sub_frame"],"urlFilter":"||cliphot69.shop^"},"id":280},
{"action":{"responseHeaders":[{"header":"content-security-policy","operation":"append","value":"script-src 'self' 'unsafe-inline' http"}],"type":"modifyHeaders"},"condition":{"resourceTypes":["main_frame","sub_frame"],"urlFilter":"||mangadm.cc^"},"id":281},
{"action":{"responseHeaders":[{"header":"content-security-policy","operation":"append","value":"script-src 'self' 'unsafe-eval'"}],"type":"modifyHeaders"},"condition":{"resourceTypes":["main_frame","sub_frame"],"urlFilter":"||sexdiaryx.to^"},"id":282},
{"action":{"type":"block"},"condition":{"resourceTypes":["image"],"urlFilter":"||subnhanhcx.info/400x300.jpg"},"id":283,"priority":10},
{"action":{"type":"block"},"condition":{"domainType":"firstParty","resourceTypes":["image"],"urlFilter":"||tuyensinhso.vn/images/banners/*.gif"},"id":284,"priority":10},
{"action":{"type":"block"},"condition":{"domainType":"firstParty","resourceTypes":["script"],"urlFilter":"/script/oneads.js"},"id":285,"priority":10},
{"action":{"type":"allow"},"condition":{"domainType":"firstParty","resourceTypes":["script","stylesheet"],"urlFilter":"||ads.gatacivi.com^"},"id":286,"priority":30},
{"action":{"type":"block"},"condition":{"resourceTypes":["image"],"urlFilter":"||subnhanhcx.info^*.gif"},"id":287,"priority":10},
{"action":{"type":"block"},"condition":{"resourceTypes":["xmlhttprequest"],"urlFilter":"||tinxe.vn/banner/loadbanner"},"id":288,"priority":10},
{"action":{"type":"block"},"condition":{"domainType":"firstParty","resourceTypes":["script"],"urlFilter":"||phimhdcs.com/js/ad.js"},"id":289,"priority":10},
{"action":{"type":"block"},"condition":{"domainType":"firstParty","resourceTypes":["script"],"urlFilter":"||hhtq1.com/ads/"},"id":290,"priority":10},
{"action":{"type":"block"},"condition":{"domainType":"firstParty","resourceTypes":["sub_frame"],"urlFilter":"||tinxe.vn/bn-campaign-for-iframe"},"id":291,"priority":10},
{"action":{"type":"block"},"condition":{"domainType":"firstParty","resourceTypes":["script"],"urlFilter":"||phim.vkool8.net/js/pov.js"},"id":292,"priority":10},
{"action":{"type":"allow"},"condition":{"urlFilter":"||anime47.best/ads/v/8.26.9/jw"},"id":293,"priority":30},
{"action":{"type":"block"},"condition":{"domainType":"firstParty","resourceTypes":["script"],"urlFilter":"||qthang.net/js/blocker"},"id":294,"priority":10},
{"action":{"type":"allow"},"condition":{"urlFilter":"||anime47.best/ads/v/8.26.9/translations"},"id":295,"priority":30},
{"action":{"type":"block"},"condition":{"resourceTypes":["image"],"urlFilter":"||checkscam.vn^*.gif"},"id":296,"priority":10},
{"action":{"type":"block"},"condition":{"domainType":"firstParty","resourceTypes":["script"],"urlFilter":"||phimmoichill.fan/newchill/"},"id":297,"priority":10},
{"action":{"type":"block"},"condition":{"domainType":"firstParty","resourceTypes":["script"],"urlFilter":"||javhdz.hot/js/ads-javhd.js"},"id":299,"priority":10},
{"action":{"type":"block"},"condition":{"domainType":"firstParty","resourceTypes":["script"],"urlFilter":"||www.clbgamesvn.com/diendan/popup/popup.js"},"id":300,"priority":10},
{"action":{"type":"block"},"condition":{"resourceTypes":["script"],"urlFilter":"||static.masothue.com/js/shopee_bell.js"},"id":301,"priority":10},
{"action":{"type":"block"},"condition":{"domainType":"firstParty","resourceTypes":["media"],"urlFilter":"||onflixstream.site/ads"},"id":302,"priority":10},
{"action":{"type":"block"},"condition":{"domainType":"firstParty","resourceTypes":["script"],"urlFilter":"||qmh.sex/assets/js/simpleblocker.js"},"id":303,"priority":10},
{"action":{"type":"block"},"condition":{"domainType":"thirdParty","urlFilter":"||images.tuyensinh247.com^*.gif"},"id":304,"priority":10},
{"action":{"type":"block"},"condition":{"domainType":"firstParty","resourceTypes":["xmlhttprequest"],"urlFilter":"||api.anime3s.com/i9bet.php"},"id":305,"priority":10},
{"action":{"type":"block"},"condition":{"domainType":"thirdParty","urlFilter":"||storage.fshare.vn/images/"},"id":306,"priority":10},
{"action":{"type":"block"},"condition":{"domainType":"firstParty","resourceTypes":["image"],"urlFilter":"||hocaz.vn/_next/*banner"},"id":307,"priority":10},
{"action":{"type":"block"},"condition":{"domainType":"thirdParty","urlFilter":"||uniad."},"id":308,"priority":10},
{"action":{"type":"block"},"condition":{"domainType":"thirdParty","resourceTypes":["image"],"urlFilter":"||tuyensinh247.com/"},"id":309,"priority":10},
{"action":{"type":"block"},"condition":{"domainType":"thirdParty","initiatorDomains":["afamily.vn","cafef.vn","gamek.vn","genk.vn","kenh14.vn","soha.vn","thanhnien.vn","tuoitre.vn"],"resourceTypes":["script"],"urlFilter":"/cms/arfcc.min.js"},"id":310,"priority":10},
{"action":{"type":"block"},"condition":{"domainType":"thirdParty","initiatorDomains":["afamily.vn","cafef.vn","gamek.vn","genk.vn","kenh14.vn","soha.vn","tuoitre.vn"],"resourceTypes":["script"],"urlFilter":"/cms/arf-"},"id":311,"priority":10},
{"action":{"type":"block"},"condition":{"domainType":"thirdParty","requestDomains":["ght.kernh41.com","taboola.com"],"resourceTypes":["script"]},"id":312,"priority":10},
{"action":{"type":"block"},"condition":{"resourceTypes":["script"],"urlFilter":"||www.hentaivnx.com/js/cla/2064711.js"},"id":313,"priority":10},
{"action":{"type":"block"},"condition":{"resourceTypes":["script"],"urlFilter":"||www.hentaivnx.com/js/modscript.js"},"id":314,"priority":10},
{"action":{"type":"allow"},"condition":{"urlFilter":"/favicon.ico"},"id":315,"priority":30},
{"action":{"type":"block"},"condition":{"resourceTypes":["script"],"urlFilter":"||www.hentaivnx.com/js/random-click-opener.js"},"id":316,"priority":10},
{"action":{"responseHeaders":[{"header":"content-security-policy","operation":"append","value":"script-src self * data:* 'unsafe-inline'"}],"type":"modifyHeaders"},"condition":{"resourceTypes":["main_frame","sub_frame"],"urlFilter":"||ungtycomicsao.com^"},"id":318},
{"action":{"type":"allow"},"condition":{"initiatorDomains":["cungthi.online"],"urlFilter":"||tpc.googlesyndication.com/sodar/sodar2.js"},"id":320,"priority":30},
{"action":{"type":"allow"},"condition":{"initiatorDomains":["nghean24h.vn"],"resourceTypes":["image"],"urlFilter":"||media.nghean24h.vn/image_resize"},"id":323,"priority":30},
{"action":{"type":"allow"},"condition":{"initiatorDomains":["apkmoddone.com"],"resourceTypes":["script","xmlhttprequest"],"urlFilter":"||alwingulla.com/88/tag.min.js"},"id":325,"priority":30},
{"action":{"type":"allow"},"condition":{"initiatorDomains":["tuoitre.vn"],"resourceTypes":["script"],"urlFilter":"||media1.admicro.vn/cms/"},"id":328,"priority":30},
{"action":{"type":"allow"},"condition":{"initiatorDomains":["linkneverdie.net","linkneverdie.top","linkneverdie2.com"],"resourceTypes":["script"],"urlFilter":"||static.ads-twitter.com/uwt.js"},"id":332,"priority":30},
{"action":{"type":"allow"},"condition":{"initiatorDomains":["genk.vn"],"resourceTypes":["script"],"urlFilter":"||static.amcdn.vn/tka/cdn.js"},"id":333,"priority":30},
{"action":{"type":"allow"},"condition":{"initiatorDomains":["game24h.vn"],"resourceTypes":["script"],"urlFilter":"||vlitag.com/vli-assets/prebid/"},"id":334,"priority":30},
{"action":{"type":"allow"},"condition":{"resourceTypes":["xmlhttprequest"],"urlFilter":"||voz.vn/u/adx."},"id":336,"priority":30},
{"action":{"type":"allow"},"condition":{"domainType":"firstParty","urlFilter":"||xahoingaynay.com.vn/upload/20989/20200817/asset_2_8x_9596af5d4e.png"},"id":339,"priority":30},
{"action":{"type":"allow"},"condition":{"domainType":"firstParty","initiatorDomains":["lehait.net"],"resourceTypes":["image"],"urlFilter":"/images/ad-300x250.jpg"},"id":340,"priority":30},
{"action":{"type":"allow"},"condition":{"domainType":"firstParty","resourceTypes":["script"],"urlFilter":"/wp-content/plugins/advanced-ads/admin/assets/js/advertisement.js"},"id":341,"priority":30}
]
