[
{
 "action": {
  "redirect": {
   "extensionPath": "/web_accessible_resources/empty"
  },
  "type": "redirect"
 },
 "condition": {
  "initiatorDomains": [
   "yandex.by",
   "yandex.kz",
   "yandex.ru",
   "yandex.uz"
  ],
  "regexFilter": "^https?:\\/\\/yastatic\\.net\\/www\\/_\\/[^\\s]{150,}",
  "resourceTypes": [
   "image"
  ]
 },
 "id": 1,
 "priority": 11
},
{
 "action": {
  "type": "allow"
 },
 "condition": {
  "initiatorDomains": [
   "nnm-club.me",
   "nnmclub.ro",
   "nnmclub.to"
  ],
  "regexFilter": "forum\\/(login|release|torrent)\\.php\\?(logout|mode)\\=",
  "resourceTypes": [
   "main_frame"
  ]
 },
 "id": 2,
 "priority": 30
}
]
