[
{"action":{"type":"block"},"condition":{"domainType":"thirdParty","excludedRequestDomains":["adatoolbar.com","aswpsdkus.com","chimpstatic.com","clickiocmp.com","mojirater.com","polldaddy.com","squareoffs.com","succeedscene.com","tallysight.com","veraviews.com"],"initiatorDomains":["15min.lt","247sports.com","abc17news.com","addictinggames.com","agrodigital.com","al.com","aliontherunblog.com","allaboutthetea.com","allmusic.com","allthingsthrifty.com","amessagewithabottle.com","arstechnica.com","artforum.com","artnews.com","audiomack.com","awkward.com","azcentral.com","barcablaugranes.com","barnsleychronicle.com","bethcakes.com","betweenenglandandiowa.com","bgr.com","billboard.com","blazersedge.com","blogher.com","bloxinformer.com","blu-ray.com","bluegraygal.com","boredpanda.com","briefeguru.de","brobible.com","cagesideseats.com","cbsnews.com","cbssports.com","celiacandthebeast.com","chaptercheats.com","cheatsheet.com","cleveland.com","clickondetroit.com","coloradoan.com","commercialobserver.com","competentedigitale.ro","cracked.com","dailydot.com","dailykos.com","dailyvoice.com","danslescoulisses.com","databazeknih.cz","deadline.com","decider.com","dexerto.com","didyouknowfacts.com","dogtime.com","dpreview.com","eater.com","ebaumsworld.com","egoallstars.com","eldiariony.com","fark.com","femestella.com","flickr.com","fmradiofree.com","forums.hfboards.com","free-power-point-templates.com","freeconvert.com","frogsandsnailsandpuppydogtail.com","funtasticlife.com","fwmadebycarli.com","golfdigest.com","greenbaypressgazette.com","grunge.com","gulflive.com","hollywoodreporter.com","homeglowdesign.com","honeygirlsworld.com","ibtimes.co.in","imgur.com","indiewire.com","intouchweekly.com","iphoneincanada.ca","jasminemaria.com","kens5.com","kinobox.cz","kion546.com","knowyourmeme.com","krem.com","last.fm","lehighvalleylive.com","lettyskitchen.com","lifeandstylemag.com","lifeinleggings.com","lizzieinlace.com","localnews8.com","lonestarlive.com","macwelt.de","macworld.com","madeeveryday.com","maidenhead-advertiser.co.uk","mandatory.com","mardomreport.net","masslive.com","melangery.com","miamiherald.com","mlive.com","mmamania.com","momtastic.com","mostlymorgan.com","motherwellmag.com","motor1.com","motorsport.com","musicfeeds.com.au","naszemiasto.pl","nationalpost.com","nationalreview.com","nbcsports.com","news.com.au","ninersnation.com","nj.com","nordot.app","nothingbutnewcastle.com","nsjonline.com","nypost.com","observer.com","ontvtonight.com","oregonlive.com","pagesix.com","palmbeachpost.com","patheos.com","pcbolsa.com","pennlive.com","pep.ph","phillyvoice.com","playstationlifestyle.net","pravda.sk","press-citizen.com","prydwen.gg","puckermom.com","pwinsider.com","reelmama.com","reuters.com","rlfans.com","robbreport.com","rollingstone.com","royalmailchat.co.uk","sandrarose.com","sbnation.com","sheknows.com","sidereel.com","silive.com","smartworld.it","sneakernews.com","sourcingjournal.com","sport-fm.gr","sportico.com","sportsgamblingpodcast.com","spotofteadesigns.com","ssnewstelegram.com","stacysrandomthoughts.com","stylecaster.com","superherohype.com","syracuse.com","tablelifeblog.com","tastingtable.com","techcrunch.com","thecelticblog.com","thedailymeal.com","theflowspace.com","themarysue.com","thenerdstash.com","thenerdyme.com","theprudentgarden.com","theverge.com","tiermaker.com","timesofisrael.com","tiscali.cz","tokfm.pl","torontosun.com","tvline.com","usatoday.com","usmagazine.com","variety.com","viralviralvideos.com","wallup.net","wannacomewith.com","wcnc.com","weather.com","wimp.com","windsorexpress.co.uk","woojr.com","worldoftravelswithkids.com","worldstar.com","worldstarhiphop.com","worldsurfleague.com","wunderground.com","wwd.com","wyborkierowcow.pl","wzzm13.com","ydr.com","yourcountdown.to","zdnet.com"],"isUrlFilterCaseSensitive":true,"regexFilter":"^https:\\/\\/[0-9a-z]{7,25}\\.com\\/[_0-9a-z\\/]{2}","requestDomains":["com"],"resourceTypes":["script"]},"id":1,"priority":10},
{"action":{"redirect":{"extensionPath":"/web_accessible_resources/noop.js"},"type":"redirect"},"condition":{"domainType":"thirdParty","excludedRequestDomains":["adatoolbar.com","aswpsdkus.com","chimpstatic.com","clickiocmp.com","mojirater.com","polldaddy.com","squareoffs.com","succeedscene.com","tallysight.com","veraviews.com"],"initiatorDomains":["15min.lt","247sports.com","abc17news.com","addictinggames.com","agrodigital.com","al.com","aliontherunblog.com","allaboutthetea.com","allmusic.com","allthingsthrifty.com","amessagewithabottle.com","arstechnica.com","artforum.com","artnews.com","audiomack.com","awkward.com","azcentral.com","barcablaugranes.com","barnsleychronicle.com","bethcakes.com","betweenenglandandiowa.com","bgr.com","billboard.com","blazersedge.com","blogher.com","bloxinformer.com","blu-ray.com","bluegraygal.com","boredpanda.com","briefeguru.de","brobible.com","cagesideseats.com","cbsnews.com","cbssports.com","celiacandthebeast.com","chaptercheats.com","cheatsheet.com","cleveland.com","clickondetroit.com","coloradoan.com","commercialobserver.com","competentedigitale.ro","cracked.com","dailydot.com","dailykos.com","dailyvoice.com","danslescoulisses.com","databazeknih.cz","deadline.com","decider.com","dexerto.com","didyouknowfacts.com","dogtime.com","dpreview.com","eater.com","ebaumsworld.com","egoallstars.com","eldiariony.com","fark.com","femestella.com","flickr.com","fmradiofree.com","forums.hfboards.com","free-power-point-templates.com","freeconvert.com","frogsandsnailsandpuppydogtail.com","funtasticlife.com","fwmadebycarli.com","golfdigest.com","greenbaypressgazette.com","grunge.com","gulflive.com","hollywoodreporter.com","homeglowdesign.com","honeygirlsworld.com","ibtimes.co.in","imgur.com","indiewire.com","intouchweekly.com","iphoneincanada.ca","jasminemaria.com","kens5.com","kinobox.cz","kion546.com","knowyourmeme.com","krem.com","last.fm","lehighvalleylive.com","lettyskitchen.com","lifeandstylemag.com","lifeinleggings.com","lizzieinlace.com","localnews8.com","lonestarlive.com","macwelt.de","macworld.com","madeeveryday.com","maidenhead-advertiser.co.uk","mandatory.com","mardomreport.net","masslive.com","melangery.com","miamiherald.com","mlive.com","mmamania.com","momtastic.com","mostlymorgan.com","motherwellmag.com","motor1.com","motorsport.com","musicfeeds.com.au","naszemiasto.pl","nationalpost.com","nationalreview.com","nbcsports.com","news.com.au","ninersnation.com","nj.com","nordot.app","nothingbutnewcastle.com","nsjonline.com","nypost.com","observer.com","ontvtonight.com","oregonlive.com","pagesix.com","palmbeachpost.com","patheos.com","pcbolsa.com","pennlive.com","pep.ph","phillyvoice.com","playstationlifestyle.net","pravda.sk","press-citizen.com","prydwen.gg","puckermom.com","pwinsider.com","reelmama.com","reuters.com","rlfans.com","robbreport.com","rollingstone.com","royalmailchat.co.uk","sandrarose.com","sbnation.com","sheknows.com","sidereel.com","silive.com","smartworld.it","sneakernews.com","sourcingjournal.com","sport-fm.gr","sportico.com","sportsgamblingpodcast.com","spotofteadesigns.com","ssnewstelegram.com","stacysrandomthoughts.com","stylecaster.com","superherohype.com","syracuse.com","tablelifeblog.com","tastingtable.com","techcrunch.com","thecelticblog.com","thedailymeal.com","theflowspace.com","themarysue.com","thenerdstash.com","thenerdyme.com","theprudentgarden.com","theverge.com","tiermaker.com","timesofisrael.com","tiscali.cz","tokfm.pl","torontosun.com","tvline.com","usatoday.com","usmagazine.com","variety.com","viralviralvideos.com","wallup.net","wannacomewith.com","wcnc.com","weather.com","wimp.com","windsorexpress.co.uk","woojr.com","worldoftravelswithkids.com","worldstar.com","worldstarhiphop.com","worldsurfleague.com","wunderground.com","wwd.com","wyborkierowcow.pl","wzzm13.com","ydr.com","yourcountdown.to","zdnet.com"],"isUrlFilterCaseSensitive":true,"regexFilter":"^https:\\/\\/[0-9a-z]{7,25}\\.com\\/(?:assets|build|bundles|chunks|dist|files|j|public|scripts|static)?\\/?(?:js\\/)?[0-9_a-z]{6,16}\\/?[0-9_a-z]{5,120}(?:[-.](?:app|bundle|ma?in|module|prod|index|v\\d|vendor))?(?:\\.js)?$","requestDomains":["com"],"resourceTypes":["script"]},"id":2,"priority":11},
{"action":{"type":"block"},"condition":{"domainType":"thirdParty","initiatorDomains":["animixplay.st","d0000d.com","d000d.com","d0o0d.com","do0od.com","doods.pro","dooodster.com","ds2play.com","ds2video.com","edgedeliverynetwork.com","flamecomics.xyz","ghbrisk.com","kshow123.tv","mixdrop.ps","nxbrew.net","pobreflixtv.uno","readcominonline.li","sussyscan.com","sussytoons.site","veporn.com"],"regexFilter":"^https?:\\/\\/(?:[a-z]{2}\\.)?[0-9a-z]{5,16}\\.[a-z]{3,7}\\/","resourceTypes":["script"]},"id":3,"priority":10},
{"action":{"type":"block"},"condition":{"domainType":"thirdParty","initiatorDomains":["123av.com","141jav.com","1piecemanga.com","4chanarchives.com","69shux.co","85po.com","aguea.net","animepelix.net","animerco.org","anizle.org","apkadmin.com","asiaflix.net","bigwarp.art","blogspot.com","bookfrom.net","cdn9mc.com","clicknupload.cfd","comohoy.com","d-pdf.com","desiupload.co","europixhd-official.com","filmnudes.com","flacdownloader.com","fmovies24-to.com","fsportshd.net","fztvseries.ng","hdpornflix.com","hentai2read.com","hianime.nz","hubdrive.space","indi-share.com","ironhentai.com","isekaitube.com","japaneseholes.com","javboys.com","javbraze.com","javhdporn.net","jgvdata.com","jpopsingles.eu","kisshentaiz.com","koshalworld.com","latinluchas.com","loadedfiles.org","loiflix.shop","madouqu.com","manhwa68.com","media.cm","megadiscografiascompletas.com","monoschino2.com","movielysium.net","moviemaniak.com","movies7.us","myxxgirl.com","nekopoi.care","neymartv.net","niraw.com","njav.com","notunmovie.net","novizer.com","nsfwgify.com","omegascans.org","onejav.com","pagalfree.com","pagalnew.com","pagalworld.us","photocalltv.org","pixvid.org","player.subespanolvip.com","plugincrack.com","poophd.pm","popcornmovies.org","pornhoarder.net","pornincest.net","raw.senmanga.com","seriesgod.com","sexiezpix.com","skidrowcodex.net","spotidownloader.com","streampoi.com","surrit.store","sxyprn.com","tapepops.com","thecakeboutiquect.com","thefantazy.com","thepiratebay.org","tokyomotion.net","torbobit.net","torrentgalaxy-official.com","torrentjogos.com.br","towheree.com","uniquestream.net","vidboys.com","xfantazy.com","xmegadrive.com"],"isUrlFilterCaseSensitive":true,"regexFilter":"\\/[0-9a-z]{2}\\/[0-9a-f]{32}\\.js","requestDomains":["com"],"requestMethods":["get"],"resourceTypes":["script","xmlhttprequest"]},"id":4,"priority":10},
{"action":{"type":"block"},"condition":{"initiatorDomains":["embedflix.online","koyso.com","methstreams.com","nepu.to"],"regexFilter":"\\/z-[a-z0-9]{7,10}(\\.js)?$","resourceTypes":["script"]},"id":5,"priority":10},
{"action":{"type":"block"},"condition":{"domainType":"firstParty","initiatorDomains":["imgadult.com","imgdrive.net","imgtaxi.com","imgwallet.com"],"regexFilter":"(?:com|net)\\/[0-9a-f]{12}\\.js$","resourceTypes":["script"]},"id":6,"priority":10},
{"action":{"type":"block"},"condition":{"domainType":"firstParty","initiatorDomains":["imgadult.com","imgdrive.net","imgtaxi.com","imgwallet.com"],"regexFilter":"(?:com|net)\\/[a-z-]{3,10}\\.html$","resourceTypes":["sub_frame"]},"id":7,"priority":10},
{"action":{"type":"block"},"condition":{"regexFilter":"^https:\\/\\/[a-z]{8}\\.(?:cfd|pro|xyz)\\/\\?params=aD[01][a-zA-Z0-9]{43}Z1c2VyPT[a-zA-Z0-9]{40}","requestDomains":["cfd","pro","xyz"],"resourceTypes":["main_frame","script"]},"id":8,"priority":10},
{"action":{"type":"block"},"condition":{"initiatorDomains":["chatgpt.com","openai.com","sora.com"],"regexFilter":"^https?:\\/\\/chatgpt\\.com\\/ces\\/v1\\/[a-z]$","requestMethods":["post"],"resourceTypes":["xmlhttprequest"]},"id":9,"priority":10},
{"action":{"type":"block"},"condition":{"domainType":"firstParty","initiatorDomains":["teen-hd-sex.com","tube-teen-18.com","xxx-asian-tube.com"],"regexFilter":"\\.com\\/[0-9a-z]{12,}\\/[0-9a-z]{12,}\\.js$","resourceTypes":["script"]},"id":10,"priority":10},
{"action":{"type":"allow"},"condition":{"domainType":"thirdParty","initiatorDomains":["maxstream.video","uprot.net"],"regexFilter":"^https:\\/\\/ads\\.host-cdn\\.net\\/\\w+\\.js\\?\\w+$","requestDomains":["ads.host-cdn.net"],"resourceTypes":["script"]},"id":11,"priority":30},
{"action":{"type":"block"},"condition":{"initiatorDomains":["gamatotv.info","gmtcloud.best"],"regexFilter":"\\bgamatotv\\.info\\/[a-z0-9]{32}\\.js\\b","resourceTypes":["script"]},"id":12,"priority":10},
{"action":{"type":"block"},"condition":{"domainType":"firstParty","initiatorDomains":["gu-global.com","uniqlo.com"],"regexFilter":"\\.com\\/[-_0-9a-zA-Z]{4,}\\/[-\\/_0-9a-zA-Z]{25,}$","resourceTypes":["script"]},"id":13,"priority":10},
{"action":{"type":"block"},"condition":{"domainType":"thirdParty","isUrlFilterCaseSensitive":true,"regexFilter":"^https?:\\/\\/[-a-z]{6,}\\.(?:com?|info|pro|xyz)\\/[a-d][-.\\/_A-Za-z][DHWXm][-.\\/_A-Za-z][59FVZ][-.\\/_A-Za-z][6swyz][-.\\/_A-Za-z][-\\/_0-9a-zA-Z][-.\\/_A-Za-z][-\\/_0-9a-zA-Z]{22,162}(?:$|\\?)","requestDomains":["co","com","info","pro","xyz"],"resourceTypes":["script","xmlhttprequest"]},"id":14,"priority":10},
{"action":{"type":"block"},"condition":{"domainType":"thirdParty","regexFilter":"^https?:\\/\\/[-a-z]{8,15}\\.(?:com|net)\\/400\\/\\d{7}(?:\\?v=\\d+)?$","requestDomains":["com","net"],"resourceTypes":["script"]},"id":15,"priority":10},
{"action":{"type":"block"},"condition":{"domainType":"thirdParty","regexFilter":"^https?:\\/\\/[-a-z]{8,15}\\.(?:com|net)\\/401\\/\\d{7}(?:\\?v=\\d+)?$","requestDomains":["com","net"],"resourceTypes":["script"]},"id":16,"priority":10},
{"action":{"type":"block"},"condition":{"domainType":"thirdParty","initiatorDomains":["marketwatch.com","wsj.com"],"isUrlFilterCaseSensitive":true,"regexFilter":"\\.cloudfront\\.net\\/[a-z]{9,12}\\.js$","resourceTypes":["script"]},"id":17,"priority":10},
{"action":{"type":"block"},"condition":{"domainType":"thirdParty","regexFilter":"^https?:\\/\\/[-a-z]{8,15}\\.(?:com|net)\\/500\\/\\d{7}\\?","requestDomains":["com","net"],"resourceTypes":["xmlhttprequest"]},"id":18,"priority":10},
{"action":{"type":"allow"},"condition":{"domainType":"firstParty","initiatorDomains":["pussyspace.com","pussyspace.net"],"regexFilter":"^https:\\/\\/[a-z]\\.pussyspace\\.(?:com|net)\\/(?:yip?|xvs)\\/videos\\/20\\d{4}\\/\\d{2}\\/\\d{9}\\/(?:original|thumbs_\\d{2})\\/\\d{0,2}(?:\\(m=e[0-9A-Za-z]{5,7}(?:aaaa)?\\)\\(mh=[-_0-9A-Za-z]{16}\\))?\\d{0,2}\\.jpg$","resourceTypes":["image"]},"id":19,"priority":30},
{"action":{"type":"allow"},"condition":{"domainType":"firstParty","initiatorDomains":["pussyspace.com","pussyspace.net"],"regexFilter":"^https:\\/\\/[a-z]\\.pussyspace\\.(?:com|net)\\/(?:yip?|xvs)\\/videos\\/thumbs169l\\/[0-9a-f]{2}\\/[0-9a-f]{2}\\/[0-9a-f]{2}\\/[0-9a-f]{32}(?:-\\d)?\\/[0-9a-f]{32}\\.\\d{1,2}\\.jpg$","resourceTypes":["image"]},"id":20,"priority":30},
{"action":{"type":"allow"},"condition":{"domainType":"firstParty","initiatorDomains":["pussyspace.com","pussyspace.net"],"regexFilter":"^https:\\/\\/[a-z]\\.pussyspace\\.(?:com|net)\\/(?:yip?|xvs)\\/videos\\/thumbs_5\\/\\d{1,2}(?:\\(m=e[0-9A-Za-z]{5,7}aaaa\\)\\(mh=[-_0-9A-Za-z]{16}\\))?\\.jpg$","resourceTypes":["image"]},"id":21,"priority":30},
{"action":{"type":"allow"},"condition":{"domainType":"firstParty","initiatorDomains":["pussyspace.com","pussyspace.net"],"regexFilter":"^https:\\/\\/[a-z]\\.pussyspace\\.(?:com|net)\\/[a-z]?jz\\/(?:[0-9a-f]\\/){3,5}[0-9a-f]{42}-?(?:\\d{2,3}|(?:(?:\\d{3,4}-){3}h264)?\\.(?:mp4-\\d{1,2}|flv-\\d))\\.jpg$","resourceTypes":["image"]},"id":22,"priority":30},
{"action":{"type":"allow"},"condition":{"domainType":"firstParty","initiatorDomains":["pussyspace.com","pussyspace.net"],"regexFilter":"^https:\\/\\/[a-z]\\.pussyspace\\.(?:com|net)\\/sb\\/t\\/\\d{6,8}\\/\\d\\/\\d\\/w:300\\/t\\d{1,2}-enh\\/(?:[0-9a-z]+-)*[0-9a-z]+\\.jpg$","resourceTypes":["image"]},"id":23,"priority":30},
{"action":{"type":"allow"},"condition":{"domainType":"firstParty","initiatorDomains":["pussyspace.com","pussyspace.net"],"regexFilter":"^https:\\/\\/st\\.pussyspace\\.(?:com|net)\\/upload\\/cat\\.image\\/[_3a-z]{2,16}\\.jpg$","resourceTypes":["image"]},"id":24,"priority":30},
{"action":{"type":"allow"},"condition":{"domainType":"firstParty","initiatorDomains":["pussyspace.com","pussyspace.net"],"regexFilter":"^https:\\/\\/st\\.pussyspace\\.(?:com|net)\\/upload\\/poster_img_url\\/par\\/c3Rhci9[%0-9A-Za-z]{16,32}&size_width\\/par\\/160\\/l\\.jpg$","resourceTypes":["image"]},"id":25,"priority":30},
{"action":{"type":"block"},"condition":{"domainType":"firstParty","initiatorDomains":["hottystop.com"],"regexFilter":"\\.com\\/[_0-9a-zA-Z]+\\.jpg$","resourceTypes":["image"]},"id":26,"priority":10},
{"action":{"type":"block"},"condition":{"domainType":"firstParty","initiatorDomains":["playsexgames.xxx"],"regexFilter":"xxx\\/(?:[a-z]+[_-]){1,2}[a-z]+\\.(?:gif|jpg)$","resourceTypes":["image"]},"id":27,"priority":10},
{"action":{"type":"block"},"condition":{"domainType":"firstParty","initiatorDomains":["palcomix.com"],"regexFilter":"\\.com\\/(full)?ad[0-9a-z]+\\.(?:gif|jpg)$","resourceTypes":["image"]},"id":28,"priority":10},
{"action":{"type":"block"},"condition":{"domainType":"thirdParty","excludedInitiatorDomains":["edu.ag","edu.by","edu.bz","edu.ge","edu.in","edu.me","edu.pe","edu.so","edu.ws","gov.ag","gov.by","gov.bz","gov.ge","gov.in","gov.me","gov.sh","gov.so","gov.to","gov.tv","gov.ws","proton.me","twitch.tv"],"initiatorDomains":["ad","ag","app","bet","biz","blue","boo","by","bz","casa","cc","ceo","cfd","click","club","com.se","cx","cyou","dad","day","dev","download","forum","fun","gdn","ge","hair","homes","how","icu","in","info","is","lat","link","live","lol","ltd","me","media","mobi","moe","monster","one","onl","online","page","pe","pro","re","red","sbs","sh","site","skin","space","stream","tel","to","today","top","tube","tv","world","ws","xyz"],"isUrlFilterCaseSensitive":true,"regexFilter":"\\/[0-9a-z]{2}\\/[0-9a-f]{32}\\.js","requestDomains":["com"],"requestMethods":["get"],"resourceTypes":["script","xmlhttprequest"]},"id":29,"priority":10},
{"action":{"type":"block"},"condition":{"domainType":"firstParty","initiatorDomains":["demonoid.is"],"isUrlFilterCaseSensitive":true,"regexFilter":"demonoid\\.is\\/[a-z0-9]{24}\\.jpg$","resourceTypes":["image"]},"id":30,"priority":10},
{"action":{"type":"block"},"condition":{"domainType":"firstParty","initiatorDomains":["distrowatch.com"],"regexFilter":"^https:\\/\\/distrowatch\\.com\\/images\\/[a-z]+\\/[a-z]+$","resourceTypes":["image"]},"id":31,"priority":10},
{"action":{"type":"block"},"condition":{"domainType":"firstParty","initiatorDomains":["nyaa.land"],"regexFilter":"nyaa\\.land\\/static\\/[a-z0-9]{32}\\.jpg$","resourceTypes":["image"]},"id":32,"priority":10},
{"action":{"type":"block"},"condition":{"domainType":"firstParty","initiatorDomains":["hentai2w.com"],"regexFilter":"\\.com\\/\\d+\\/[0-9a-z]+\\.js$","resourceTypes":["script"]},"id":33,"priority":10},
{"action":{"type":"block"},"condition":{"domainType":"firstParty","initiatorDomains":["camvideos.org"],"regexFilter":"\\/[0-9a-f]{12}\\.js$","resourceTypes":["script"]},"id":34,"priority":10},
{"action":{"type":"block"},"condition":{"domainType":"firstParty","initiatorDomains":["povaddict.com"],"regexFilter":"\\.com\\/[a-zA-Z]{10}\\.js$","resourceTypes":["script"]},"id":35,"priority":10},
{"action":{"type":"block"},"condition":{"domainType":"firstParty","initiatorDomains":["asiaontop.com"],"regexFilter":"\\/aot-content\\/modules\\/[^\\.]{40,}\\.js\\b","resourceTypes":["script"]},"id":36,"priority":10},
{"action":{"type":"block"},"condition":{"domainType":"firstParty","initiatorDomains":["zetporn.com"],"regexFilter":"\\.com\\/[A-Za-z]{9,}\\/[A-Za-z]{9,}\\.js$","resourceTypes":["script"]},"id":37,"priority":10},
{"action":{"type":"block"},"condition":{"domainType":"firstParty","initiatorDomains":["fleshed.com"],"regexFilter":"\\/static\\/[0-9a-z]+\\/[0-9a-z]+\\.js$","resourceTypes":["script"]},"id":38,"priority":10},
{"action":{"type":"block"},"condition":{"domainType":"firstParty","initiatorDomains":["eropics.to"],"regexFilter":"\\beropics\\.to\\/[a-zA-Z0-9]{8}\\.js$","resourceTypes":["script"]},"id":39,"priority":10},
{"action":{"type":"block"},"condition":{"initiatorDomains":["555.porn","abjav.com","abxxx.com","aniporn.com","asiantv.fun","bdsmx.tube","bigdick.tube","blackporn.tube","gaytxxx.com","hclips.com","hdzog.com","hdzog.tube","hotmovs.com","hotmovs.tube","imzog.com","in-porn.com","inporn.com","javdaddy.com","manysex.com","manysex.tube","mrgay.tube","onlyporn.tube","porn555.com","pornclassic.tube","pornforrelax.com","porngo.tube","pornhits.com","pornj.com","pornl.com","pornq.com","porntop.com","pornzog.com","privatehomeclips.com","puporn.com","see.xxx","senzuri.tube","sextu.com","shemalez.com","shemalez.tube","sss.xxx","teenorgy.video","thegay.com","thegay.tube","transtxxx.com","tubepornclassic.com","tuberel.com","txxx.com","txxx.tube","txxxporn.tube","upornia.com","upornia.tube","vjav.com","vjav.tube","voyeurhit.com","voyeurhit.tube","vxxx.com","xjav.tube","xmilf.com"],"regexFilter":"\\.[a-z]{3,5}\\/[0-9a-z]{8,12}\\/[0-9a-z]{8,12}\\.js$","resourceTypes":["script"]},"id":40,"priority":10},
{"action":{"type":"block"},"condition":{"domainType":"thirdParty","isUrlFilterCaseSensitive":true,"regexFilter":"^https?:\\/\\/[-a-z]{6,}\\.(?:com?|info|pro|xyz)\\/[a-d][-\\.\\/_A-Za-z][DHWXm][-\\.\\/_A-Za-z][59FVZ][-\\.\\/_A-Za-z][6swyz][-\\.\\/_A-Za-z][-\\/_0-9a-zA-Z][-\\.\\/_A-Za-z][-\\/_0-9a-zA-Z]+(?:$|\\?)","requestDomains":["co","com","info","pro","xyz"],"resourceTypes":["script","xmlhttprequest"]},"id":41,"priority":10},
{"action":{"type":"block"},"condition":{"domainType":"firstParty","initiatorDomains":["joysporn.sex"],"regexFilter":"\\/js\\/[a-z]j\\.js$","resourceTypes":["script"]},"id":42,"priority":10},
{"action":{"type":"block"},"condition":{"domainType":"firstParty","initiatorDomains":["thesun.co.uk"],"isUrlFilterCaseSensitive":true,"regexFilter":"^https:\\/\\/www\\.thesun\\.co\\.uk\\/[0-9a-z]{32}\\.js$","resourceTypes":["script"]},"id":43,"priority":10},
{"action":{"type":"block"},"condition":{"domainType":"firstParty","initiatorDomains":["panel.freemcserver.net"],"regexFilter":"panel\\.freemcserver\\.net\\/.{90,}\\?v=17","resourceTypes":["script"]},"id":44,"priority":10},
{"action":{"type":"block"},"condition":{"domainType":"firstParty","isUrlFilterCaseSensitive":true,"regexFilter":"\\/[A-Z]{1,2}\\/[-0-9a-z]{5,}\\.com\\/(?:[0-9a-f]{2}\\/){3}[0-9a-f]{32}\\.js$","requestDomains":["com"],"resourceTypes":["script"]},"id":45,"priority":10},
{"action":{"type":"block"},"condition":{"domainType":"firstParty","initiatorDomains":["hunterscomics.com"],"regexFilter":"^https:\\/\\/hunterscomics\\.com\\/wp-content\\/themes(\\/[a-f]{6}){2}\\.js\\?ver=","resourceTypes":["script"]},"id":46,"priority":10},
{"action":{"type":"block"},"condition":{"domainType":"thirdParty","excludedInitiatorDomains":["edu.in","edu.me","edu.ng","edu.nz","edu.pk","edu.pm","edu.so","edu.sv","edu.ug","edu.ws","gov.gg","gov.in","gov.me","gov.ng","gov.nz","gov.pk","gov.so","gov.sx","gov.to","gov.tv","gov.ws","proton.me","twitch.tv"],"initiatorDomains":["blog","buzz","cam","cc","click","cyou","dad","download","gg","homes","in","info","ink","life","link","live","lol","me","ng","nz","pk","pm","pro","rest","site","so","soccer","stream","sv","sx","to","today","top","tube","tv","ug","ws","xyz"],"regexFilter":"^https?:\\/\\/[a-z]{8,15}\\.com\\/$","requestDomains":["com"],"requestMethods":["head"],"resourceTypes":["xmlhttprequest"]},"id":47,"priority":10},
{"action":{"type":"block"},"condition":{"domainType":"firstParty","initiatorDomains":["souq-design.com"],"regexFilter":"^https:\\/\\/souq-design\\.com\\/wp-content\\/uploads(?:\\/[a-f]{6}){2}.js\\?ver=","resourceTypes":["script"]},"id":48,"priority":10},
{"action":{"type":"block"},"condition":{"domainType":"firstParty","initiatorDomains":["kick.com"],"isUrlFilterCaseSensitive":true,"regexFilter":"^https:\\/\\/kick\\.com\\/[0-9A-z]{16}\\/[0-9A-z]{16}\\?apiKey=","resourceTypes":["script"]},"id":49,"priority":10},
{"action":{"type":"block"},"condition":{"domainType":"firstParty","initiatorDomains":["mudah.my"],"regexFilter":"^https:\\/\\/mudah\\.my\\/[a-zA-Z0-9]{16}\\/[a-zA-Z0-9]{16}\\?apiKey=","resourceTypes":["script"]},"id":50,"priority":10},
{"action":{"type":"block"},"condition":{"domainType":"thirdParty","isUrlFilterCaseSensitive":true,"regexFilter":"^https:\\/\\/[a-z]{3,5}\\.[a-z]{10,14}\\.top\\/[a-z]{10,16}\\/[a-z]{5,6}(?:\\?d=\\d)?$","requestDomains":["top"],"resourceTypes":["script","xmlhttprequest"]},"id":51,"priority":10},
{"action":{"type":"block"},"condition":{"domainType":"firstParty","initiatorDomains":["club","com","one","pro"],"regexFilter":"\\/js\\/\\d{2,3}eka\\d{2,3}\\.js$","resourceTypes":["script"]},"id":52,"priority":10},
{"action":{"type":"block"},"condition":{"domainType":"thirdParty","isUrlFilterCaseSensitive":true,"regexFilter":"^https:\\/\\/[a-z]{8,12}\\.com\\/en\\/(?:[a-z]{2,10}\\/){0,2}[a-z]{2,}\\?(?:[a-z]+=[^&=?\\s]*?&)*?id=[12]\\d{6}\\b","requestDomains":["com"],"resourceTypes":["script"]},"id":53,"priority":10},
{"action":{"type":"block"},"condition":{"domainType":"thirdParty","regexFilter":"^https:\\/\\/(?:cdn77\\.)?aj[0-9a-z]{2}\\d{2}\\.online\\/[0-9a-z]{8}\\.js$","requestDomains":["online"],"resourceTypes":["script"]},"id":54,"priority":10},
{"action":{"type":"block"},"condition":{"domainType":"thirdParty","regexFilter":"^https:\\/\\/(?:cdn77\\.)?aj[0-9a-z]{2}\\d{2}\\.bid\\/[0-9a-z]{8}\\.js$","requestDomains":["bid"],"resourceTypes":["script"]},"id":55,"priority":10},
{"action":{"type":"block"},"condition":{"domainType":"thirdParty","isUrlFilterCaseSensitive":true,"regexFilter":"^https:\\/\\/[a-z]{2}\\.[a-z]+\\.com\\/r[0-9A-Za-z]{17,26}\\/\\d{4,6}$","requestDomains":["com"],"resourceTypes":["script"]},"id":56,"priority":10},
{"action":{"type":"block"},"condition":{"domainType":"thirdParty","isUrlFilterCaseSensitive":true,"regexFilter":"^https:\\/\\/[0-9a-f]{10}\\.[0-9a-f]{10}\\.com\\/[0-9a-f]{32}\\/\\d{6}\\b","requestDomains":["com"],"resourceTypes":["xmlhttprequest"]},"id":57,"priority":10},
{"action":{"type":"block"},"condition":{"domainType":"thirdParty","regexFilter":"^https:\\/\\/(?:cdn77\\.)?aj\\d{4}\\.bid\\/[-_0-9A-Za-z]{80,}\\?","requestDomains":["bid"],"resourceTypes":["xmlhttprequest"]},"id":58,"priority":10},
{"action":{"type":"block"},"condition":{"domainType":"thirdParty","excludedRequestDomains":["com","net"],"initiatorDomains":["extreme-down.tools"],"isUrlFilterCaseSensitive":true,"regexFilter":"^https?:\\/\\/[-a-z]{5,12}\\.[a-z]{3,6}\\/[0-9a-h]{1,17}\\?[0-9a-zA-Z]{1,21}=","requestMethods":["get"],"resourceTypes":["xmlhttprequest"]},"id":59,"priority":10},
{"action":{"type":"block"},"condition":{"domainType":"thirdParty","regexFilter":"^https:\\/\\/(?:cdn77\\.)?aj\\d{4}\\.bid\\/.+\\?","requestDomains":["bid"],"requestMethods":["get"],"resourceTypes":["xmlhttprequest"]},"id":60,"priority":10},
{"action":{"type":"block"},"condition":{"domainType":"thirdParty","regexFilter":"^https:\\/\\/(?:cdn77\\.)?aj[0-9a-z]{2}\\d{2}\\.online\\/[-_0-9A-Za-z]{70,}$","requestDomains":["online"],"resourceTypes":["sub_frame"]},"id":61,"priority":10},
{"action":{"type":"block"},"condition":{"domainType":"firstParty","initiatorDomains":["gsmarena.com"],"regexFilter":"\\.gsmarena\\.com\\/[0-9]+\\.php3","resourceTypes":["xmlhttprequest"]},"id":62,"priority":10},
{"action":{"type":"block"},"condition":{"regexFilter":"^https?:\\/\\/.*\\/easylist\\/[0-9]{5}"},"id":63,"priority":10},
{"action":{"type":"block"},"condition":{"regexFilter":"devfiles.pages.dev\\/img\\/[a-zA-Z0-9]{8,}.jpeg","resourceTypes":["image"]},"id":64,"priority":10},
{"action":{"type":"block"},"condition":{"regexFilter":"^https:\\/\\/([a-z]+\\.)?sythe\\.org\\/[\\w\\W]{30,}","resourceTypes":["image"]},"id":65,"priority":10},
{"action":{"type":"block"},"condition":{"regexFilter":"\\/t\\/[0-9]{3}\\/[0-9]{3}\\/a[0-9]{4,9}\\.js$","resourceTypes":["script"]},"id":66,"priority":10},
{"action":{"type":"block"},"condition":{"domainType":"thirdParty","excludedInitiatorDomains":["edu.in","edu.me","edu.ng","edu.nz","edu.pk","edu.pm","edu.so","edu.sv","edu.ug","edu.ws","gov.gg","gov.in","gov.me","gov.ng","gov.nz","gov.pk","gov.so","gov.sx","gov.to","gov.tv","gov.ws","proton.me","twitch.tv"],"initiatorDomains":["blog","buzz","cam","cc","click","cyou","dad","download","gg","homes","in","info","ink","life","link","live","lol","me","ng","nz","pk","pm","pro","rest","site","so","soccer","stream","sv","sx","to","today","top","tube","tv","ug","ws","xyz"],"regexFilter":"^https?:\\/\\/[a-z]{8,15}\\.net\\/$","requestDomains":["net"],"requestMethods":["head"],"resourceTypes":["xmlhttprequest"]},"id":67,"priority":10},
{"action":{"type":"block"},"condition":{"regexFilter":"\\/[0-9a-z]{8,10}\\?shu=[0-9a-z]{150,}","resourceTypes":["main_frame"]},"id":68,"priority":10},
{"action":{"type":"block"},"condition":{"regexFilter":"^https:\\/\\/grabify\\.org\\/[A-Z0-9]+$","resourceTypes":["main_frame"]},"id":69,"priority":10},
{"action":{"type":"block"},"condition":{"domainType":"firstParty","regexFilter":"\\/assets\\/jquery\\/jquery-\\d\\.\\d\\.(?:\\d\\.)?min\\.js\\?(?:v=2)?&?type=(?:adult|mainstream)$","resourceTypes":["script"]},"id":70,"priority":10},
{"action":{"type":"block"},"condition":{"domainType":"thirdParty","isUrlFilterCaseSensitive":true,"regexFilter":"^https?:\\/\\/[a-z]{8,15}\\.top\\/[-a-z]{4,}\\.css\\?aHR0c[\\/0-9a-zA-Z]{33,}=?=?$","resourceTypes":["stylesheet"]},"id":71,"priority":10},
{"action":{"type":"block"},"condition":{"domainType":"thirdParty","isUrlFilterCaseSensitive":true,"regexFilter":"^https?:\\/\\/[a-z]{8,15}\\.xyz\\/[-a-z]{4,}\\.css\\?aHR0c[\\/0-9a-zA-Z]{33,}=?=?$","resourceTypes":["stylesheet"]},"id":72,"priority":10},
{"action":{"type":"block"},"condition":{"domainType":"thirdParty","isUrlFilterCaseSensitive":true,"regexFilter":"^https?:\\/\\/[a-z]{8,15}\\.top\\/[a-z]{4,}\\.png\\?aHR0c[\\/0-9a-zA-Z]{33,}=?=?$","resourceTypes":["image"]},"id":73,"priority":10},
{"action":{"type":"block"},"condition":{"domainType":"thirdParty","isUrlFilterCaseSensitive":true,"regexFilter":"^https?:\\/\\/[a-z]{8,15}\\.xyz\\/[a-z]{4,}\\.png\\?aHR0c[\\/0-9a-zA-Z]{33,}=?=?$","resourceTypes":["image"]},"id":74,"priority":10},
{"action":{"type":"block"},"condition":{"domainType":"thirdParty","isUrlFilterCaseSensitive":true,"regexFilter":"^https?:\\/\\/[a-z]{7,}\\.buzz\\/[+\\/0-9a-zA-Z]{140,400}$","resourceTypes":["image"]},"id":75,"priority":10},
{"action":{"type":"block"},"condition":{"domainType":"thirdParty","isUrlFilterCaseSensitive":true,"regexFilter":"^https?:\\/\\/[a-z]{7,}\\.info\\/[+\\/0-9a-zA-Z]{140,400}$","resourceTypes":["image"]},"id":76,"priority":10},
{"action":{"type":"block"},"condition":{"domainType":"thirdParty","isUrlFilterCaseSensitive":true,"regexFilter":"^https?:\\/\\/[a-z]{7,}\\.lol\\/[+\\/0-9a-zA-Z]{140,400}$","resourceTypes":["image"]},"id":77,"priority":10},
{"action":{"type":"block"},"condition":{"domainType":"thirdParty","isUrlFilterCaseSensitive":true,"regexFilter":"^https?:\\/\\/[a-z]{7,}\\.one\\/[+\\/0-9a-zA-Z]{140,400}$","resourceTypes":["image"]},"id":78,"priority":10},
{"action":{"type":"block"},"condition":{"domainType":"thirdParty","isUrlFilterCaseSensitive":true,"regexFilter":"^https?:\\/\\/[a-z]{7,}\\.xyz\\/[+\\/0-9a-zA-Z]{140,400}$","resourceTypes":["image"]},"id":79,"priority":10},
{"action":{"type":"block"},"condition":{"domainType":"thirdParty","regexFilter":"^https?:\\/\\/[0-9a-z]{13,14}\\.cloudfront\\.net\\/\\?[a-z]{3,5}=\\d{6,7}$","resourceTypes":["script","xmlhttprequest"]},"id":80,"priority":10},
{"action":{"type":"block"},"condition":{"domainType":"thirdParty","regexFilter":"^https?:\\/\\/[a-z0-9]{5,15}\\.[a-z]{2,3}\\/5\\/\\d{6,7}(?:\\?_=\\d+|\\/\\??)?$","resourceTypes":["script","xmlhttprequest"]},"id":81,"priority":10},
{"action":{"type":"block"},"condition":{"domainType":"thirdParty","isUrlFilterCaseSensitive":true,"regexFilter":"^https:\\/\\/[0-9a-z]{8,}\\.[a-z0-9]{7,}\\.[a-z]{4,}\\/[0-9a-f]{32}\\/a4\\/[0-9a-f]{13}\\.js$","resourceTypes":["script"]},"id":82,"priority":10},
{"action":{"type":"block"},"condition":{"domainType":"thirdParty","isUrlFilterCaseSensitive":true,"regexFilter":"^https:\\/\\/[0-9a-z]{8,}\\.[a-z0-9]{7,}\\.[a-z]{4,}\\/[0-9a-f]{32}\\/b4\\/[0-9a-f]{13}\\.js$","resourceTypes":["script"]},"id":83,"priority":10},
{"action":{"type":"block"},"condition":{"domainType":"thirdParty","regexFilter":"^https?:\\/\\/[a-z]{6,12}\\.com\\/script\\/n[a-z]su\\.js$","resourceTypes":["script"]},"id":84,"priority":10},
{"action":{"type":"block"},"condition":{"domainType":"thirdParty","regexFilter":"^https:\\/\\/[a-z]{8}\\.xyz\\/main\\.js$","resourceTypes":["script"]},"id":85,"priority":10},
{"action":{"type":"block"},"condition":{"domainType":"thirdParty","excludedInitiatorDomains":["edu","gov"],"isUrlFilterCaseSensitive":true,"regexFilter":"^https?:\\/\\/cdn\\.[a-z]{3,8}\\.[a-z]{2,6}\\/app\\.js$","resourceTypes":["script"]},"id":86,"priority":10},
{"action":{"type":"block"},"condition":{"domainType":"thirdParty","regexFilter":"^https?:\\/\\/[a-z]{8,15}\\.club\\/[%0-9a-zA-Z]{170,}$","resourceTypes":["script"]},"id":87,"priority":10},
{"action":{"type":"block"},"condition":{"domainType":"thirdParty","regexFilter":"^https?:\\/\\/[a-z]{8,15}\\.fun\\/[%0-9a-zA-Z]{170,}$","resourceTypes":["script"]},"id":88,"priority":10},
{"action":{"type":"block"},"condition":{"domainType":"thirdParty","regexFilter":"^https?:\\/\\/[a-z]{8,15}\\.hair\\/[%0-9a-zA-Z]{170,}$","resourceTypes":["script"]},"id":89,"priority":10},
{"action":{"type":"block"},"condition":{"domainType":"thirdParty","regexFilter":"^https?:\\/\\/[a-z]{8,15}\\.work\\/[%0-9a-zA-Z]{170,}$","resourceTypes":["script"]},"id":90,"priority":10},
{"action":{"type":"block"},"condition":{"domainType":"thirdParty","regexFilter":"^https?:\\/\\/[a-z]{8,15}\\.xyz\\/[%0-9a-zA-Z]{170,}$","resourceTypes":["script"]},"id":91,"priority":10},
{"action":{"type":"block"},"condition":{"domainType":"thirdParty","isUrlFilterCaseSensitive":true,"regexFilter":"^https:\\/\\/cdn\\.jsdelivr\\.net\\/npm\\/[-a-z_]{4,22}@latest\\/dist\\/script\\.min\\.js$","resourceTypes":["script"]},"id":92,"priority":10},
{"action":{"type":"block"},"condition":{"domainType":"thirdParty","excludedInitiatorDomains":["edu.in","edu.me","edu.ng","edu.nz","edu.pk","edu.pm","edu.so","edu.sv","edu.ug","edu.ws","gov.gg","gov.in","gov.me","gov.ng","gov.nz","gov.pk","gov.so","gov.sx","gov.to","gov.tv","gov.ws","proton.me","twitch.tv"],"initiatorDomains":["blog","buzz","cam","cc","click","cyou","dad","download","gg","homes","in","info","ink","life","link","live","lol","me","ng","nz","pk","pm","pro","rest","site","so","soccer","stream","sv","sx","to","today","top","tube","tv","ug","ws","xyz"],"regexFilter":"^https?:\\/\\/[a-z]{8,15}\\.xyz\\/$","requestDomains":["xyz"],"requestMethods":["head"],"resourceTypes":["xmlhttprequest"]},"id":93,"priority":10},
{"action":{"type":"block"},"condition":{"domainType":"thirdParty","initiatorDomains":["analdin.com","bestjavporn.com","ero-anime.website","hdpornflix.com","javdock.com","javtiful.com","onscreens.me","supjav.com","up4fun.top"],"isUrlFilterCaseSensitive":true,"regexFilter":"\\.[a-z]{2,6}\\/[0-9a-zA-Z]{5,7}\\.js$","resourceTypes":["script"]},"id":94,"priority":10},
{"action":{"type":"block"},"condition":{"domainType":"thirdParty","isUrlFilterCaseSensitive":true,"regexFilter":"^https:\\/\\/[a-z]{3,4}\\.[0-9a-z-]{6,}\\.(?:com|xyz)\\/script\\/(?:[-.0-9A-Za-z]+\\.)?[-0-9A-Za-z]{2,30}\\.js$","resourceTypes":["script"],"responseHeaders":[{"header":"x-length"}]},"id":95,"priority":10},
{"action":{"type":"block"},"condition":{"domainType":"thirdParty","isUrlFilterCaseSensitive":true,"regexFilter":"^https:\\/\\/(?:[a-z]{2}\\.)?[a-z]{7,14}\\.[a-z]{3,7}\\/[a-z][0-9A-Za-z]{10,16}\\/[A-Za-z]{5}(?:\\?_=\\d+)?$","resourceTypes":["script"]},"id":96,"priority":10},
{"action":{"type":"block"},"condition":{"domainType":"thirdParty","regexFilter":"^https?:\\/\\/[0-9a-f]{50,}\\.s3\\.amazonaws\\.com\\/[0-9a-f]{10}$","resourceTypes":["xmlhttprequest"]},"id":97,"priority":10},
{"action":{"type":"block"},"condition":{"domainType":"firstParty","initiatorDomains":["arabshentai.com","filmyzones.com"],"isUrlFilterCaseSensitive":true,"regexFilter":"\\/wp-content\\/plugins\\/[a-f]{6}\\.js\\?ver=","resourceTypes":["script"]},"id":98,"priority":10},
{"action":{"type":"block"},"condition":{"domainType":"thirdParty","isUrlFilterCaseSensitive":true,"regexFilter":"^https?:\\/\\/[-a-z]{5,13}\\.[a-z]{3,6}\\/[0-9a-h]{1,17}\\?[0-9a-zA-Z]{1,22}=[%0-9a-zA-Z]{200,1300}","requestMethods":["get"],"resourceTypes":["xmlhttprequest"]},"id":99,"priority":10},
{"action":{"type":"block"},"condition":{"domainType":"thirdParty","isUrlFilterCaseSensitive":true,"regexFilter":"^https?:\\/\\/[a-z]{8,15}\\.top(\\/(?:\\d{1,5}|0NaN|articles?|browse|index|movie|news|pages?|static|view|web|wiki)){1,4}(?:\\.html|\\/)$","resourceTypes":["sub_frame"]},"id":100,"priority":10},
{"action":{"type":"block"},"condition":{"domainType":"thirdParty","isUrlFilterCaseSensitive":true,"regexFilter":"^https?:\\/\\/[a-z]{8,15}\\.xyz(\\/(?:\\d{1,5}|0NaN|articles?|browse|index|movie|news|pages?|static|view|web|wiki)){1,4}(?:\\.html|\\/)$","resourceTypes":["sub_frame"]},"id":101,"priority":10},
{"action":{"type":"block"},"condition":{"domainType":"thirdParty","excludedInitiatorDomains":["edu.me","edu.pm","gov.me","proton.me"],"initiatorDomains":["info","me","pm"],"isUrlFilterCaseSensitive":true,"regexFilter":"\\.cloudfront\\.net\\/[-+\\/0-9a-zA-Z]{13,}$","requestDomains":["cloudfront.net"],"resourceTypes":["script"],"responseHeaders":[{"header":"x-amz-cf-pop"}]},"id":102,"priority":10},
{"action":{"type":"block"},"condition":{"domainType":"thirdParty","isUrlFilterCaseSensitive":true,"regexFilter":"^https?:\\/\\/[a-z]{7,}\\.buzz\\/[+\\/0-9a-zA-Z]{400,1000}$","resourceTypes":["sub_frame"]},"id":103,"priority":10},
{"action":{"type":"block"},"condition":{"domainType":"thirdParty","isUrlFilterCaseSensitive":true,"regexFilter":"^https?:\\/\\/[a-z]{7,}\\.info\\/[+\\/0-9a-zA-Z]{400,1000}$","resourceTypes":["sub_frame"]},"id":104,"priority":10},
{"action":{"type":"block"},"condition":{"domainType":"thirdParty","isUrlFilterCaseSensitive":true,"regexFilter":"^https?:\\/\\/[a-z]{7,}\\.lol\\/[+\\/0-9a-zA-Z]{400,1000}$","resourceTypes":["sub_frame"]},"id":105,"priority":10},
{"action":{"type":"block"},"condition":{"domainType":"thirdParty","isUrlFilterCaseSensitive":true,"regexFilter":"^https?:\\/\\/[a-z]{7,}\\.one\\/[+\\/0-9a-zA-Z]{400,1000}$","resourceTypes":["sub_frame"]},"id":106,"priority":10},
{"action":{"type":"block"},"condition":{"domainType":"thirdParty","isUrlFilterCaseSensitive":true,"regexFilter":"^https?:\\/\\/[a-z]{7,}\\.xyz\\/[+\\/0-9a-zA-Z]{400,1000}$","resourceTypes":["sub_frame"]},"id":107,"priority":10},
{"action":{"type":"block"},"condition":{"domainType":"thirdParty","isUrlFilterCaseSensitive":true,"regexFilter":"^https:\\/\\/[0-9a-z]{3,15}\\.biz\\/\\?[a-z]e=[0-9a-z]{22,26}$","requestDomains":["biz"],"resourceTypes":["script"]},"id":108,"priority":10},
{"action":{"type":"block"},"condition":{"domainType":"thirdParty","excludedInitiatorDomains":["edu.me","edu.pm","gov.me","proton.me"],"initiatorDomains":["info","me","pm"],"isUrlFilterCaseSensitive":true,"regexFilter":"^https?:\\/\\/[a-z]{7,}\\.com\\/[+\\/0-9a-zA-Z]{19,}$","requestDomains":["com"],"resourceTypes":["sub_frame"],"responseHeaders":[{"header":"x-amz-cf-pop"}]},"id":109,"priority":10},
{"action":{"type":"block"},"condition":{"domainType":"firstParty","initiatorDomains":["netembed.xyz"],"regexFilter":"^https:\\/\\/netembed\\.xyz\\/[a-f0-9]{32}\\.js\\b","resourceTypes":["script"]},"id":110,"priority":10},
{"action":{"type":"block"},"condition":{"domainType":"thirdParty","initiatorDomains":["txxx.com"],"regexFilter":"\\.\\d{1,2}\\.[0-9a-f]{32}\\.js$","requestDomains":["js.txxx.tube"],"resourceTypes":["script"]},"id":111,"priority":10},
{"action":{"type":"block"},"condition":{"domainType":"thirdParty","excludedInitiatorDomains":["edu","gov"],"excludedRequestDomains":["exploretock.com","photopea.com"],"isUrlFilterCaseSensitive":true,"regexFilter":"^https:\\/\\/www\\.[a-z]{8,14}\\.com\\/[a-z]{1,4}\\.js$","requestDomains":["com"],"resourceTypes":["script"],"responseHeaders":[{"header":"x-powered-by","values":["Express"]}]},"id":112,"priority":10},
{"action":{"type":"block"},"condition":{"domainType":"thirdParty","isUrlFilterCaseSensitive":true,"regexFilter":"^https:\\/\\/www\\.[a-z]{8,16}\\.com\\/(?:[A-Za-z]+\\/)*(?:[_0-9A-Za-z]{1,20}[-.])*[_0-9A-Za-z]{1,20}\\.js$","requestDomains":["com"],"resourceTypes":["script","xmlhttprequest"],"responseHeaders":[{"header":"popads-node"},{"header":"link","values":["*adsco.re/>;rel=preconnect*"]}]},"id":113,"priority":10},
{"action":{"type":"block"},"condition":{"domainType":"thirdParty","isUrlFilterCaseSensitive":true,"regexFilter":"^https:\\/\\/[a-z]{2}\\.[a-z]{7,14}\\.com\\/r[0-9A-Za-z]{10,16}\\/[A-Za-z]{4,5}$","resourceTypes":["script","xmlhttprequest"]},"id":114,"priority":10},
{"action":{"type":"block"},"condition":{"domainType":"thirdParty","isUrlFilterCaseSensitive":true,"regexFilter":"^https:\\/\\/[0-9a-f]{10}\\.[0-9a-f]{10}\\.com\\/[0-9a-f]{32}\\.js$","requestDomains":["com"],"resourceTypes":["script"]},"id":115,"priority":10},
{"action":{"type":"block"},"condition":{"domainType":"thirdParty","regexFilter":"^https?:\\/\\/[a-z]{8,15}\\.xyz\\/$","requestDomains":["xyz"],"requestMethods":["head"],"resourceTypes":["xmlhttprequest"],"responseHeaders":[{"header":"access-control-expose-headers","values":["*X-DirectionPartner-Id*"]}]},"id":116,"priority":10},
{"action":{"type":"block"},"condition":{"domainType":"thirdParty","regexFilter":"^https?:\\/\\/[a-z]{8,15}\\.com\\/$","requestDomains":["com"],"requestMethods":["head"],"resourceTypes":["xmlhttprequest"],"responseHeaders":[{"header":"access-control-expose-headers","values":["*X-DirectionPartner-Id*"]}]},"id":117,"priority":10},
{"action":{"type":"block"},"condition":{"domainType":"firstParty","isUrlFilterCaseSensitive":true,"regexFilter":"\\/_static\\/[a-z0-9]{12}\\.js\\?nonce=\\d+$","resourceTypes":["script"],"responseHeaders":[{"header":"server","values":["*openresty/*"]}]},"id":118,"priority":10},
{"action":{"type":"block"},"condition":{"domainType":"thirdParty","initiatorDomains":["japscan.foo","japscan.lol","japscan.si","japscan.vip"],"isUrlFilterCaseSensitive":true,"regexFilter":"^https:\\/\\/acscdn\\.com\\/script\\/(?:aclib|atg|compatibility|ippg|suv4|ut)\\.js\\??(?:cb=\\d{13})?$","resourceTypes":["script"]},"id":119,"priority":40},
{"action":{"type":"block"},"condition":{"domainType":"thirdParty","excludedInitiatorDomains":["edu","gov"],"isUrlFilterCaseSensitive":true,"regexFilter":"^https?:\\/\\/[a-z]{5,7}\\.com\\/script\\/[-_0-9A-Za-z]+(\\.min)?\\.js$","resourceTypes":["script"],"responseHeaders":[{"header":"x-guploader-uploadid"}]},"id":120,"priority":10},
{"action":{"type":"block"},"condition":{"domainType":"thirdParty","excludedInitiatorDomains":["edu","gov"],"isUrlFilterCaseSensitive":true,"regexFilter":"^https:\\/\\/[0-9a-z]{6,12}\\.(?:com|in)(?:\\/[a-z]{2,10}){1,3}$","requestDomains":["com","in"],"resourceTypes":["script"],"responseHeaders":[{"header":"etag","values":["W/\"*-*\""]}]},"id":121,"priority":10},
{"action":{"type":"block"},"condition":{"domainType":"firstParty","initiatorDomains":["igg-games.co","igg-games.com","pcgamestorrents.com","pcgamestorrents.org"],"isUrlFilterCaseSensitive":true,"regexFilter":"\\/uploads\\/2025\\/\\d{2}\\/[0-9a-z]{6,12}\\.jpg$","resourceTypes":["image"]},"id":122,"priority":10},
{"action":{"type":"block"},"condition":{"domainType":"thirdParty","isUrlFilterCaseSensitive":true,"regexFilter":"^https?:\\/\\/s3\\.us-east-1\\.amazonaws\\.com\\/[0-9a-f]{50,}\\/[0-9a-f]{10}$","resourceTypes":["xmlhttprequest"]},"id":123,"priority":10},
{"action":{"type":"block"},"condition":{"excludedRequestDomains":["edu","gov"],"isUrlFilterCaseSensitive":true,"regexFilter":"^https?:\\/\\/a\\.[-0-9a-z]{4,}\\.[a-z]{2,5}\\/[0-9a-zA-Z]{5,7}\\.js$","resourceTypes":["script"]},"id":124,"priority":10},
{"action":{"type":"block"},"condition":{"excludedRequestDomains":["edu","gov"],"isUrlFilterCaseSensitive":true,"regexFilter":"^https?:\\/\\/asg\\.[-0-9a-z]{4,}\\.[a-z]{2,5}\\/[0-9a-zA-Z]{5,7}\\.js$","resourceTypes":["script"]},"id":125,"priority":10},
{"action":{"type":"block"},"condition":{"excludedRequestDomains":["edu","gov"],"isUrlFilterCaseSensitive":true,"regexFilter":"^https?:\\/\\/emsi\\.[-0-9a-z]{4,}\\.[a-z]{2,5}\\/[0-9a-zA-Z]{5,7}\\.js$","resourceTypes":["script"]},"id":126,"priority":10},
{"action":{"type":"block"},"condition":{"domainType":"thirdParty","initiatorDomains":["vfxmed.com","watchmodernfamilyonline.com"],"isUrlFilterCaseSensitive":true,"regexFilter":"^https:\\/\\/www\\.[a-z]{8,16}\\.com\\/(?:[A-Za-z]+\\/)*(?:[_0-9A-Za-z]{1,20}[-.])*[_0-9A-Za-z]{1,20}\\.js$","resourceTypes":["script","xmlhttprequest"]},"id":127,"priority":10},
{"action":{"type":"block"},"condition":{"domainType":"firstParty","initiatorDomains":["gsmarena.com"],"regexFilter":"\\.gsmarena\\.com\\/[0-9]+\\.[a-z]+\\?s?Search=","resourceTypes":["xmlhttprequest"]},"id":128,"priority":10},
{"action":{"type":"block"},"condition":{"initiatorDomains":["tr.sportplus.tv"],"regexFilter":"^https:\\/\\/apisplus2\\.live\\/v[0-9]\\.[0-9]\\/[a-z]+$","resourceTypes":["xmlhttprequest"]},"id":129,"priority":10},
{"action":{"type":"block"},"condition":{"domainType":"firstParty","initiatorDomains":["mangakakalot.gg","natomanga.com","nelomanga.net"],"isUrlFilterCaseSensitive":true,"regexFilter":"\\/js\\/(?:[a-z]+\\/)?[a-z]+_[a-f0-9]{32}\\.js\\b","resourceTypes":["script"]},"id":130,"priority":10},
{"action":{"type":"block"},"condition":{"isUrlFilterCaseSensitive":true,"regexFilter":"\\/static\\/js\\/jav\\.[a-f0-9]{12}\\.js$","resourceTypes":["script"]},"id":131,"priority":10},
{"action":{"type":"block"},"condition":{"regexFilter":"^https?:\\/\\/[-0-9a-z]{5,}\\.com\\/[0-9a-z]{8,10}\\?key=[0-9a-f]{32}$","requestDomains":["com"],"resourceTypes":["main_frame","sub_frame"]},"id":132,"priority":10},
{"action":{"type":"block"},"condition":{"domainType":"thirdParty","regexFilter":"^https?:\\/\\/[a-z]{8,15}\\.info\\/[%0-9a-zA-Z]{170,}$","resourceTypes":["script"]},"id":133,"priority":10},
{"action":{"redirect":{"extensionPath":"/web_accessible_resources/noop.js"},"type":"redirect"},"condition":{"domainType":"thirdParty","initiatorDomains":["japscan.foo","japscan.lol","japscan.si","japscan.vip"],"isUrlFilterCaseSensitive":true,"regexFilter":"^https?:\\/\\/(?:[a-z]{2}\\.)?[a-z]{7,14}\\.[a-z]{3,7}\\/[a-z][0-9A-Za-z]{10,}\\/\\d{4,6}$","resourceTypes":["script"]},"id":134,"priority":41},
{"action":{"type":"block"},"condition":{"domainType":"thirdParty","isUrlFilterCaseSensitive":true,"regexFilter":"^https:\\/\\/[0-9a-f]{10}\\.[0-9a-f]{10}\\.com\\/.*\\.js$","requestDomains":["com"],"resourceTypes":["script"]},"id":135,"priority":10},
{"action":{"type":"block"},"condition":{"domainType":"thirdParty","initiatorDomains":["animeflv.net","glodls.to","moviesmod.com.pl","playfa.com"],"isUrlFilterCaseSensitive":true,"regexFilter":"^https?:\\/\\/s3\\.us-east-1\\.amazonaws\\.com\\/[0-9a-f]+\\/[0-9a-f]{10}$","resourceTypes":["xmlhttprequest"]},"id":136,"priority":10},
{"action":{"type":"block"},"condition":{"domainType":"thirdParty","isUrlFilterCaseSensitive":true,"regexFilter":"^https:\\/\\/[-0-9a-z]{4,7}.[a-z]{3,5}\\/js\\/responsive\\.js$","resourceTypes":["script"],"responseHeaders":[{"header":"x-server"}]},"id":137,"priority":10},
{"action":{"type":"block"},"condition":{"domainType":"thirdParty","initiatorDomains":["www.youtube.com"],"regexFilter":"\\.googlevideo\\.com\\/videoplayback\\?expire=(?:[02-9]+|1[1-68-9]\\d+|17[1-48-9]\\d+)&","requestMethods":["get"],"resourceTypes":["xmlhttprequest"]},"id":138,"priority":10},
{"action":{"type":"block"},"condition":{"domainType":"thirdParty","initiatorDomains":["7fractals.icu","alexsports.cv","allevertakstream.space","bembed.net","btvsports.my","capo6play.com","capoplay.net","cr7-soccer.store","dropbang.net","embedv.net","listeamed.net","meltol.net","moflix-stream.day","moflix-stream.fans","nativesurge.net","sportstohfa.online","stellarthread.com","sterham.net","streamshunters.eu","totalsportek1000.com","v6embed.xyz","vid-guard.com","vipstand.pm","worldsports.st"],"regexFilter":"\\/[0-9a-f]{32}\\.js","requestDomains":["com"],"resourceTypes":["script","xmlhttprequest"]},"id":139,"priority":10},
{"action":{"type":"block"},"condition":{"domainType":"firstParty","excludedInitiatorDomains":["edu","gov"],"isUrlFilterCaseSensitive":true,"regexFilter":"^https:\\/\\/loader\\.[-0-9a-z]+\\.[a-z][a-z][a-z]?\\/loader\\.min\\.js$","resourceTypes":["script"]},"id":140,"priority":10},
{"action":{"type":"block"},"condition":{"regexFilter":"^https:\\/\\/supervideo\\.cc\\/[0-9]+\\.js\\b","requestDomains":["supervideo.cc"],"resourceTypes":["script"]},"id":141,"priority":10},
{"action":{"type":"block"},"condition":{"domainType":"firstParty","isUrlFilterCaseSensitive":true,"regexFilter":"\\/js\\/script_[0-9][0-9]\\.[0-9][0-9]\\.js\\?[0-9]+$","resourceTypes":["script"]},"id":142,"priority":10},
{"action":{"type":"block"},"condition":{"domainType":"thirdParty","initiatorDomains":["jav.guru"],"isUrlFilterCaseSensitive":true,"regexFilter":"^https:\\/\\/[-a-z]{6,}\\.(?:com?|info|pro|xyz)\\/[a-d][-.\\/_A-Za-z][DHWXm][-.\\/_A-Za-z][59FVZ][-.\\/_A-Za-z][6swyz][-.\\/_A-Za-z][-\\/_0-9a-zA-Z][-.\\/_A-Za-z][-\\/_0-9a-zA-Z]{22,162}(?:$|\\?)","requestDomains":["co","com","info","pro","xyz"],"resourceTypes":["script"]},"id":143,"priority":10},
{"action":{"type":"block"},"condition":{"domainType":"thirdParty","excludedInitiatorDomains":["edu","gov"],"isUrlFilterCaseSensitive":true,"regexFilter":"^https?:\\/\\/[-a-z]{9,13}\\.[a-z]+\\/[0-9a-z]+\\?[0-9A-Za-z]{15,}=[%0-9A-Za-z]+$","requestDomains":["online","site","space","store","website"],"requestMethods":["get"],"resourceTypes":["xmlhttprequest"],"responseHeaders":[{"header":"via","values":["2.3 tomcat"]}]},"id":144,"priority":10},
{"action":{"redirect":{"regexSubstitution":"\\1\\2"},"type":"redirect"},"condition":{"initiatorDomains":["www.amazon.co.jp","www.amazon.co.uk","www.amazon.com","www.amazon.de","www.primevideo.com"],"regexFilter":"(.*\\/GetPlaybackResources\\?.*)%2CCuepointPlaylist(.*)","resourceTypes":["xmlhttprequest"]},"id":145},
{"action":{"type":"block"},"condition":{"isUrlFilterCaseSensitive":true,"regexFilter":"\\.goplay\\.su\\/[a-z][0-9A-Za-z]{10,}\\/\\d{3,6}$","requestDomains":["goplay.su"],"resourceTypes":["xmlhttprequest"]},"id":146,"priority":10},
{"action":{"redirect":{"extensionPath":"/web_accessible_resources/noop.js"},"type":"redirect"},"condition":{"domainType":"thirdParty","regexFilter":"^https?:\\/\\/[a-z0-9]{5,15}\\.(?:com|net)\\/tag\\.min\\.js$","requestDomains":["com","net"],"resourceTypes":["script"]},"id":147,"priority":11},
{"action":{"type":"block"},"condition":{"domainType":"firstParty","excludedInitiatorDomains":["edu","gov"],"isUrlFilterCaseSensitive":true,"regexFilter":"\\/wp-content\\/uploads(?:\\/[a-f]{6}){2}\\.js","resourceTypes":["script"]},"id":148,"priority":10},
{"action":{"redirect":{"extensionPath":"/web_accessible_resources/noop.js"},"type":"redirect"},"condition":{"domainType":"firstParty","initiatorDomains":["zefoy.com"],"regexFilter":"^https:\\/\\/zefoy\\.com\\/[^\\/]+\\?","resourceTypes":["script"]},"id":149,"priority":11},
{"action":{"redirect":{"extensionPath":"/web_accessible_resources/noop.js"},"type":"redirect"},"condition":{"domainType":"firstParty","initiatorDomains":["com"],"isUrlFilterCaseSensitive":true,"regexFilter":"^https:\\/\\/[a-z][0-9][0-9][0-9]\\.[a-z]+\\.com\\/script\\.js$","resourceTypes":["script"]},"id":150,"priority":11},
{"action":{"redirect":{"extensionPath":"/web_accessible_resources/noop.js"},"type":"redirect"},"condition":{"domainType":"thirdParty","regexFilter":"^https?:\\/\\/(?:www\\.|[0-9a-z]{7,10}\\.)?[-0-9a-z]{5,}\\.com\\/\\/?(?:[0-9a-z]{2}\\/){2,3}[0-9a-f]{32}\\.js","requestDomains":["com"],"resourceTypes":["script","xmlhttprequest"]},"id":151,"priority":11},
{"action":{"type":"block"},"condition":{"domainType":"thirdParty","excludedRequestDomains":["adatoolbar.com","aswpsdkus.com","chimpstatic.com","clickiocmp.com","mojirater.com","polldaddy.com","squareoffs.com","succeedscene.com","tallysight.com","veraviews.com"],"isUrlFilterCaseSensitive":true,"regexFilter":"^https:\\/\\/[0-9a-z]{7,25}\\.com\\/(?:assets|build|bundles|chunks|dist|files|j|public|scripts|static)?\\/?(?:js\\/)?[0-9_a-z]{6,16}\\/?[0-9_a-z]{5,120}(?:[-.](?:app|bundle|ma?in|module|prod|index|v\\d|vendor))?(?:\\.js)?$","resourceTypes":["script"],"responseHeaders":[{"header":"via","values":["*, 1.1 google"]}]},"id":152,"priority":10},
{"action":{"type":"block"},"condition":{"domainType":"thirdParty","regexFilter":"^https?:\\/\\/[a-z]{8,15}\\.net\\/$","requestDomains":["net"],"requestMethods":["head"],"resourceTypes":["xmlhttprequest"],"responseHeaders":[{"header":"access-control-expose-headers","values":["*X-DirectionPartner-Id*"]}]},"id":153,"priority":10},
{"action":{"type":"block"},"condition":{"domainType":"firstParty","isUrlFilterCaseSensitive":true,"regexFilter":"^https:\\/\\/[a-z0-9]{6,10}\\.[a-z]{2,3}\\/js\\d?\\/noadblocker\\.js(?:\\?v=\\d)?$","resourceTypes":["script"]},"id":154,"priority":10},
{"action":{"type":"block"},"condition":{"domainType":"firstParty","excludedInitiatorDomains":["edu","gov"],"isUrlFilterCaseSensitive":true,"regexFilter":"^https:\\/\\/[-a-z0-9]+\\.[a-z]+\\/uploads(?:\\/[a-f]{6}){2}\\.js\\?ver=17\\d{8}$","resourceTypes":["script"]},"id":155,"priority":10},
{"action":{"type":"block"},"condition":{"domainType":"firstParty","initiatorDomains":["strumyk.net"],"isUrlFilterCaseSensitive":true,"regexFilter":"^https:\\/\\/strumyk\\.net\\/assets\\/[0-9]+.js$","resourceTypes":["script"]},"id":156,"priority":10},
{"action":{"type":"block"},"condition":{"domainType":"thirdParty","isUrlFilterCaseSensitive":true,"regexFilter":"^https?:\\/\\/[a-z]{4,}\\.top\\/z-[a-z0-9]{7,10}$","requestDomains":["top"],"resourceTypes":["script"]},"id":157,"priority":10},
{"action":{"type":"block"},"condition":{"domainType":"thirdParty","regexFilter":"^https:\\/\\/[0-9a-z]*\\.?[0-9a-z]+\\.cfd\\/[a-z][0-9A-Za-z]{10,20}\\/[A-Za-z]{5}$","requestDomains":["cfd"],"resourceTypes":["script"]},"id":158,"priority":10},
{"action":{"type":"block"},"condition":{"regexFilter":"^https?:\\/\\/(?:ak\\.)?[a-z0-9]{5,15}\\.(?:com|net)\\/1\\/\\d{7}","resourceTypes":["main_frame","sub_frame"]},"id":159,"priority":10},
{"action":{"type":"block"},"condition":{"regexFilter":"^https?:\\/\\/(?:ak\\.)?[a-z0-9]{5,15}\\.(?:com|net)\\/4\\/\\d{7}","resourceTypes":["main_frame","sub_frame"]},"id":160,"priority":10},
{"action":{"type":"block"},"condition":{"regexFilter":"^https?:\\/\\/(?:ak\\.)?[a-z0-9]{5,15}\\.(?:com|net)\\/5\\/\\d{7}","resourceTypes":["main_frame","sub_frame"]},"id":161,"priority":10},
{"action":{"type":"block"},"condition":{"domainType":"firstParty","initiatorDomains":["cloudnestra.com","xyz"],"isUrlFilterCaseSensitive":true,"regexFilter":"\\.[a-z]{2,}\\/[a-f0-9]{32}\\.js\\?_=17\\d+$","resourceTypes":["script"]},"id":162,"priority":10},
{"action":{"type":"block"},"condition":{"domainType":"firstParty","initiatorDomains":["manhwass.com"],"isUrlFilterCaseSensitive":true,"regexFilter":"\\.com\\/[0-9a-f]{9}\\.js\\?ver=","resourceTypes":["script"]},"id":163,"priority":10},
{"action":{"redirect":{"extensionPath":"/web_accessible_resources/noop.js"},"type":"redirect"},"condition":{"domainType":"thirdParty","regexFilter":"^https?:\\/\\/(?:www\\.|[0-9a-z]+\\.)?[-0-9a-z]+\\.com\\/\\/?(?:[0-9a-z]{2}\\/)+[0-9a-f]+\\.js","requestDomains":["com"],"resourceTypes":["script"]},"id":164,"priority":11},
{"action":{"type":"block"},"condition":{"domainType":"thirdParty","isUrlFilterCaseSensitive":true,"regexFilter":"^https:\\/\\/www\\.[a-z]{8,16}\\.com\\/(?:[a-zA-Z]{1,6}\\/){0,2}[a-z]{5,11}\\.min\\.js$","requestDomains":["com"],"resourceTypes":["script"],"responseHeaders":[{"header":"link","values":["*/>;rel=preconnect"]},{"header":"popads-node"}]},"id":165,"priority":10},
{"action":{"type":"block"},"condition":{"domainType":"thirdParty","isUrlFilterCaseSensitive":true,"regexFilter":"\\.cloudfront\\.net\\/(?:[a-zA-Z]{1,6}\\/){0,2}[a-z]{5,11}\\.min\\.js$","requestDomains":["cloudfront.net"],"resourceTypes":["script"],"responseHeaders":[{"header":"link","values":["*/>;rel=preconnect"]},{"header":"popads-node"}]},"id":166,"priority":10},
{"action":{"type":"block"},"condition":{"domainType":"thirdParty","isUrlFilterCaseSensitive":true,"regexFilter":"^https:\\/\\/[0-9a-z]{7,25}\\.net\\/(?:assets|build|bundles|chunks|dist|files|j|public|scripts|static)?\\/?(?:js\\/)?[0-9_a-z]{6,16}\\/?[0-9_a-z]{5,120}(?:[-.](?:app|bundle|ma?in|module|prod|index|v\\d|vendor))?(?:\\.js)?$","resourceTypes":["script"],"responseHeaders":[{"header":"via","values":["*, 1.1 google"]}]},"id":167,"priority":10},
{"action":{"type":"block"},"condition":{"isUrlFilterCaseSensitive":true,"regexFilter":"\\/z-\\d{8}\\.js$","resourceTypes":["script"]},"id":168,"priority":10},
{"action":{"type":"block"},"condition":{"domainType":"firstParty","excludedInitiatorDomains":["edu","gov"],"isUrlFilterCaseSensitive":true,"regexFilter":"^https:\\/\\/loader\\.[-0-9a-z]+\\.[a-z][a-z][a-z]?\\/script\\/www\\.[-0-9a-z]+\\.js$","resourceTypes":["script"]},"id":169,"priority":10},
{"action":{"type":"block"},"condition":{"domainType":"firstParty","initiatorDomains":["smallencode.me"],"regexFilter":"^https:\\/\\/smallencode\\.me\\/[a-zA-Z0-9]+\\/[0-9]+\\.js$","resourceTypes":["script"]},"id":170,"priority":10},
{"action":{"type":"block"},"condition":{"domainType":"thirdParty","isUrlFilterCaseSensitive":true,"regexFilter":"^https:\\/\\/[a-z]{2}\\.[a-z]{7,14}\\.shop\\/i[0-9A-Za-z]{10,16}\\/[A-Za-z]{4,5}\\b","resourceTypes":["sub_frame"]},"id":171,"priority":10},
{"action":{"type":"block"},"condition":{"domainType":"thirdParty","regexFilter":"^https:\\/\\/[0-9a-z]*\\.?[0-9a-z]+\\.rest\\/[a-z][0-9A-Za-z]{10,20}\\/[A-Za-z]{5}$","requestDomains":["rest"],"resourceTypes":["script"]},"id":172,"priority":10},
{"action":{"type":"block"},"condition":{"domainType":"thirdParty","excludedInitiatorDomains":["edu","gov"],"excludedRequestDomains":["edu","gov"],"isUrlFilterCaseSensitive":true,"regexFilter":"^https?:\\/\\/(?:[a-z]{2}\\.)?[a-z]{7,14}\\.[a-z]{3,7}\\/[a-z][0-9A-Za-z]{10,}\\/\\d{3,6}$","resourceTypes":["script"],"responseHeaders":[{"header":"access-control-allow-headers"}]},"id":173,"priority":10},
{"action":{"redirect":{"extensionPath":"/web_accessible_resources/noop.js"},"type":"redirect"},"condition":{"domainType":"thirdParty","regexFilter":"^https?:\\/\\/[a-z0-9]{5,15}\\.(?:com|net)\\/tag\\.min\\.js","requestDomains":["com","net"],"resourceTypes":["script"]},"id":174,"priority":11},
{"action":{"redirect":{"extensionPath":"/web_accessible_resources/noop.txt"},"type":"redirect"},"condition":{"domainType":"thirdParty","regexFilter":"^https?:\\/\\/[a-z0-9]{5,15}\\.(?:com|net)\\/tag\\.min\\.js","requestDomains":["com","net"],"resourceTypes":["xmlhttprequest"]},"id":175,"priority":11},
{"action":{"type":"block"},"condition":{"domainType":"thirdParty","isUrlFilterCaseSensitive":true,"regexFilter":"^https:\\/\\/[-a-z]{8,}\\.com\\/[f-j][-0-9A-Z_a-z]{2,}\\/[0-9A-Za-z][-\\/0-9A-Z_a-z]{7,}$","requestDomains":["com"],"requestMethods":["get"],"resourceTypes":["script"],"responseHeaders":[{"header":"x-request-id"}]},"id":177,"priority":10}
]
