{"selectors":["{\"selector\":\".c-prose__ignore\",\"tasks\":[[\"has-text\",\"Every article pushes\"]]}","{\"selector\":\".dashboard-changelog\",\"tasks\":[[\"has-text\",\"Latest from our changelog\"]]}","{\"selector\":\".fixed.bottom-0\",\"tasks\":[[\"has-text\",\"Try Atlas\"]]}","{\"selector\":\".html-content\",\"tasks\":[[\"has-text\",\"Got a tip\"]]}","{\"selector\":\".p-4.z-50\",\"tasks\":[[\"has-text\",\"Upgrade to\"]]}","{\"selector\":\".trust-nugget-pp\",\"tasks\":[[\"has-text\",\"Our journalism\"]]}","{\"selector\":\".wp-block-template-part\",\"tasks\":[[\"has-text\",\"Support us\"]]}","{\"selector\":\".z-modal.border-white\",\"tasks\":[[\"has-text\",\"Support\"]]}","{\"selector\":\"div.my-2\",\"tasks\":[[\"has-text\",\"Support SpaceWeatherLive.com!\"]]}","{\"selector\":\"#cartology-product-cig-tile\",\"tasks\":[[\"has-text\",\"Start Free Trial\"]]}","{\"selector\":\".border-border-200\",\"tasks\":[[\"has-text\",\"Try Claude Desktop now\"]]}","{\"selector\":\".mui-style-9ulf7o-root\",\"tasks\":[[\"has-text\",\"Donate today!\"]]}","{\"selector\":\"cdx-cta\",\"tasks\":[[\"has-text\",\"Learn more\"]]}","{\"selector\":\".tds-content > p\",\"tasks\":[[\"has-text\",\"Donate now\"]]}","{\"selector\":\".mt-10\",\"tasks\":[[\"has-text\",\"Laravel Jobs\"]]}","{\"selector\":\".element-action-button\",\"tasks\":[[\"has-text\",\"DO YOU KNOW MORE\"]]}","{\"selector\":\".element-action-button\",\"tasks\":[[\"has-text\",\"SHARE YOUR STORY\"]]}","{\"selector\":\".pb--medium\",\"tasks\":[[\"has-text\",\"Be part of the solution\"]]}","{\"selector\":\".bb-aside\",\"tasks\":[[\"has-text\",\"Get in Touch\"]]}","{\"selector\":\".common-html-frame.html-content\",\"tasks\":[[\"has-text\",\"how much\"]]}","{\"selector\":\".text-\\\\[18px\\\\]\",\"tasks\":[[\"has-text\",\"Support Us\"]]}","{\"selector\":\".player-overlay-background\",\"tasks\":[[\"has-text\",\"Consider Turbo\"]]}","{\"selector\":\".wp-block-group__inner-container\",\"tasks\":[[\"has-text\",\"Support the Washington Monthly\"]]}","{\"selector\":\".Ryrdad\",\"tasks\":[[\"has-text\",\"Please help us improve\"]]}","{\"selector\":\".devsite-snackbar-snack\",\"tasks\":[[\"has-text\",\"Please help us\"]]}","{\"selector\":\"[aria-describedby=\\\"promo_desc_id\\\"]\",\"tasks\":[[\"has-text\",\"/Time for a new laptop|Gemini, |Choose Chrome|built by Google|Search differently|Cherchez différemment|Search just got easier|Try more ways|Switch to Chrome|Keep things dark/\"]]}","{\"selector\":\"[aria-label=\\\"Info\\\"]\",\"tasks\":[[\"has-text\",\"Switch to Chrome\"]]}","{\"selector\":\"[jscontroller=\\\"HCSvae\\\"]\",\"tasks\":[[\"has-text\",\"Sign in to Google\"]]}","{\"selector\":\"div[jsname=\\\"wA2P2b\\\"]\",\"tasks\":[[\"has-text\",\"How helpful were the results\"]]}","{\"selector\":\"#content > .ytd-rich-section-renderer\",\"tasks\":[[\"has-text\",\"YouTube Playables\"]]}","{\"selector\":\".YtdTalkToRecsFlowRendererHost\",\"tasks\":[[\"has-text\",\"What hobbies are you interested in developing?\"]]}","{\"selector\":\"tp-yt-paper-dialog.ytd-popup-container\",\"tasks\":[[\"has-text\",\"/How do you feel|Which of the following|following Premium|Get background play|Choose all that apply|Become a member of this channel|Free trial|How are your|How interested|Live TV|Wish videos|better TV|cable box|cable reimagined|hidden fees|of YouTube TV|on YouTube TV|unlimited DVR|with YouTube TV|without the ads|try this feature|Terms apply|View live scores/\"]]}","{\"selector\":\"tp-yt-paper-dialog.ytmusic-popup-container\",\"tasks\":[[\"has-text\",\"/family plan|Premium|ad-free|background play|kept playing|month free|without the ads|Try YouTube Music/\"]]}","{\"selector\":\".YtdTalkToRecsFlowRendererHost\",\"tasks\":[[\"has-text\",\"/Ask for videos|What do you like|Help us improve/\"]]}","{\"selector\":\".MuiPaper-elevation.MuiPaper-root\",\"tasks\":[[\"has-text\",\"Create an Account\"]]}","{\"selector\":\".c9h3U\",\"tasks\":[[\"has-text\",\"Share feedback\"]]}","{\"selector\":\"[style=\\\"background-color: rgb(124, 92, 255); color: rgb(255, 255, 255);\\\"]\",\"tasks\":[[\"has-text\",\"Join over 100 million people\"]]}","{\"selector\":\"html\",\"action\":[\"style\",\"overflow: auto !important\"],\"cssable\":true}","{\"selector\":\"body, html\",\"action\":[\"style\",\"height: auto !important; overflow: auto !important\"],\"cssable\":true}","{\"selector\":\"body, html\",\"action\":[\"style\",\"overflow: auto !important; position: initial !important;\"],\"cssable\":true}","{\"selector\":\"html\",\"action\":[\"style\",\"overflow: auto !important; position: initial !important;\"],\"cssable\":true}","{\"selector\":\"figure\",\"action\":[\"style\",\"opacity: 1 !important;\"],\"cssable\":true}","{\"selector\":\".topic-in-gated-category .container.posts::before\",\"action\":[\"style\",\"background: transparent !important;\"],\"cssable\":true}","{\"selector\":\"body.topic-in-gated-category\",\"action\":[\"remove-class\",\"topic-in-gated-category\"]}","{\"selector\":\".react-responsive-modal-root\",\"tasks\":[[\"has-text\",\"Get Started\"]]}","{\"selector\":\".z-1000\",\"tasks\":[[\"has-text\",\"Get Started\"]]}","{\"selector\":\"body\",\"action\":[\"style\",\"position: static !important; overflow: auto !important; width: auto !important;\"],\"cssable\":true}","{\"selector\":\".widget-placed\",\"action\":[\"style\",\"top:0 !important\"],\"cssable\":true}","{\"selector\":\".sticky__blackbar\",\"action\":[\"style\",\"top:0 !important\"],\"cssable\":true}","{\"selector\":\"._2kkM6y\",\"action\":[\"style\",\"padding-top: unset !important;\"],\"cssable\":true}","{\"selector\":\".modal_open\",\"action\":[\"style\",\"height: auto !important; overflow: auto !important;\"],\"cssable\":true}","{\"selector\":\"body\",\"action\":[\"style\",\"overflow: auto !important; position: initial !important;\"],\"cssable\":true}","{\"selector\":\"html\",\"action\":[\"style\",\"overflow: unset !important\"],\"cssable\":true}","{\"selector\":\"body\",\"action\":[\"style\",\"overflow: auto !important;\"],\"cssable\":true}","{\"selector\":\"body\",\"action\":[\"style\",\"display: block !important\"],\"cssable\":true}","{\"selector\":\".ReactModalPortal\",\"tasks\":[[\"has-text\",\"confidence\"]]}","{\"selector\":\"[data-broadcast-modal]\",\"action\":[\"remove\",\"\"]}","{\"selector\":\"body\",\"action\":[\"style\",\"overflow: scroll !important\"],\"cssable\":true}","{\"selector\":\".ch-bubble-border.clickable .ch-bubble-action\",\"action\":[\"style\",\"pointer-events: auto;\"],\"cssable\":true}","{\"selector\":\".ch-bubble-border.clickable\",\"action\":[\"style\",\"pointer-events: none;\"],\"cssable\":true}","{\"selector\":\".site-header__inner__3w4vv\",\"action\":[\"style\",\"top:0 !important\"],\"cssable\":true}","{\"selector\":\".page-header\",\"action\":[\"style\",\"top:0 !important\"],\"cssable\":true}","{\"selector\":\".MuiPaper-root.MuiPaper-elevation\",\"tasks\":[[\"has-text\",\"Create your own My DHL account\"]]}","{\"selector\":\"body.sg-dialog-no-scroll\",\"action\":[\"style\",\"overflow: auto !important; position: static !important;\"],\"cssable\":true}","{\"selector\":\".post.blur\",\"action\":[\"style\",\"filter: none !important;\"],\"cssable\":true}","{\"selector\":\"\",\"tasks\":[[\"matches-path\",\"/\\\\/(search|tag)\\\\//\"],[\"spath\",\" .nicoadVideoItem\"]]}","{\"selector\":\"\",\"tasks\":[[\"matches-path\",\"/tag/\"],[\"spath\",\".nicodicNicoadVideoList\"]]}","{\"selector\":\".no-scroll\",\"action\":[\"style\",\"overflow: auto !important;\"],\"cssable\":true}","{\"selector\":\".suppress-scroll\",\"action\":[\"style\",\"overflow: auto !important;\"],\"cssable\":true}","{\"selector\":\"body[style=\\\"overflow-y: hidden;\\\"]\",\"action\":[\"style\",\"overflow-y: auto !important;\"],\"cssable\":true}","{\"selector\":\"body[style^=\\\"position:\\\"]\",\"action\":[\"style\",\"position: static !important; top: unset !important; width: unset !important;\"],\"cssable\":true}","{\"selector\":\".right-sidebar\",\"action\":[\"style\",\"right: 0 !important\"],\"cssable\":true}","{\"selector\":\"html.fable-no-scroll\",\"action\":[\"style\",\"overflow: auto !important; touch-action: auto !important;\"],\"cssable\":true}"],"selectorLists":["0,7","1","2","19,3","4","5","6","8","12,9","10","11","13","14","15,16","17","18","20","21","22","23,27,28","24","25","26","29,30,31,33","32","34","35","36","37","38","39","39,48","40","41","42,43","44,45,46","46","47","49,50","51","52","53","53,55","54","56","57","58,59","60","61","62","63","64","65,66","67","68","69","70","71","72"],"selectorListRefs":[5,30,58,34,53,9,40,26,39,17,30,1,19,37,39,38,27,25,2,35,30,46,54,47,3,41,36,29,10,30,51,33,50,30,42,29,30,28,30,14,30,48,4,30,13,15,21,29,11,29,32,49,6,30,41,28,30,23,31,12,55,30,16,8,52,57,44,24,30,56,0,30,30,43,41,45,30,7,20,18,22],"hostnames":["ftm.eu","pbs.org","amazon.*","linux.do","ufret.jp","claude.ai","forvo.com","kayak.com","shein.com","twitch.tv","apnews.com","github.com","google.com","reason.com","salary.com","scribd.com","tumblr.com","usnews.com","chatgpt.com","ground.news","kartable.fr","mathway.com","paircare.jp","reuters.com","stuff.co.nz","medscape.com","t-nation.com","thecradle.co","theworld.org","truthout.org","yoreparo.com","bloomberg.com","brainly.co.id","e360.yale.edu","grammarly.com","huckberry.com","levernews.com","linuxbabe.com","neilpatel.com","positive.news","valuewalk.com","4kdownload.com","asuracomic.net","nerdwallet.com","nzherald.co.nz","propublica.org","www.google.com","abhiandroid.com","dailysignal.com","fastcompany.com","marketplace.org","my.dhlparcel.nl","navylookout.com","newrepublic.com","route-fifty.com","splashlearn.com","timeslive.co.za","www.youtube.com","commondreams.org","laravel-news.com","saisoncard.co.jp","sqmagazine.co.uk","theintercept.com","woolworths.co.nz","www.nicovideo.jp","flightradar24.com","freshchoice.co.nz","music.youtube.com","news.mongabay.com","rocket-boys.co.jp","united24media.com","currentaffairs.org","ociservices.gov.in","onegreenplanet.org","themoscowtimes.com","walletinvestor.com","imagecolorpicker.com","spaceweatherlive.com","developer.android.com","washingtonmonthly.com","chromewebstore.google.com"],"hasEntities":true,"fromRegexes":[]}