{"selectors":["{\"selector\":\"#Odp5De\",\"tasks\":[[\"has-text\",\"AI Overview\"]]}","{\"selector\":\"#llm-link\",\"tasks\":[[\"has-text\",\"Summarise these results\"]]}","{\"selector\":\"#main > [data-ved]\",\"tasks\":[[\"has-text\",\"AI Overview\"]]}","{\"selector\":\"#react-duckbar li\",\"tasks\":[[\"has-text\",\"Search Assist\"]]}","{\"selector\":\".VwJg8d\",\"tasks\":[[\"has-text\",\"AI Shopping\"]]}","{\"selector\":\".autoSummaryCard__UEStF\",\"tasks\":[[\"has-text\",\"AI thread summaries\"]]}","{\"selector\":\".desktop\\\\:my-4\",\"tasks\":[[\"has-text\",\"Show Quick Read\"]]}","{\"selector\":\".helpPanelContainerRoot\",\"tasks\":[[\"has-text\",\"Help guide\"]]}","{\"selector\":\".llm.suggestion\",\"tasks\":[[\"has-text\",\"Answer with AI\"]]}","{\"selector\":\".search-answers-preview-section\",\"tasks\":[[\"has-text\",\"Answers\"]]}","{\"selector\":\".tab--icon\",\"tasks\":[[\"has-text\",\"AI Search\"]]}","{\"selector\":\".w-\\\\[110vw\\\\]\",\"tasks\":[[\"has-text\",\"Hello!\"]]}","{\"selector\":\"[data-hveid=\\\"CAIQAQ\\\"]\",\"tasks\":[[\"has-text\",\"Gemini, an AI assistant\"]]}"],"selectorLists":["0,12,2,4","1","3","5","6","7","8","9","10","11"],"selectorListRefs":[9,8,1,3,2,0,7,6,4,5],"hostnames":["pcmag.com","ecosia.org","mojeek.com","app.slack.com","duckduckgo.com","www.google.com","www.reddit.com","search.brave.com","republicworld.com","support.google.com"],"hasEntities":false,"fromRegexes":[]}