{"selectors":["{\"selector\":\"#alertTab\",\"tasks\":[[\"has-text\",\"Enter your email address\"]]}","{\"selector\":\"#home-section3\",\"tasks\":[[\"has-text\",\"Newsletter\"]]}","{\"selector\":\".MuiBox-root\",\"tasks\":[[\"has-text\",\"Subscribe to our Newsletter\"]]}","{\"selector\":\".Promotion_container__kYNro\",\"tasks\":[[\"has-text\",\"Sign up now!\"]]}","{\"selector\":\".above-footer-section\",\"tasks\":[[\"has-text\",\"newsletter\"]]}","{\"selector\":\".advanced.embed-media\",\"tasks\":[[\"has-text\",\"Get a daily look\"]]}","{\"selector\":\".align-items-center.py-2\",\"tasks\":[[\"has-text\",\"Sign Up\"]]}","{\"selector\":\".article-body > p\",\"tasks\":[[\"has-text\",\"sign up for our newsletters\"]]}","{\"selector\":\".article-body-module__promo-box__hVl8h\",\"tasks\":[[\"has-text\",\"newsletter\"]]}","{\"selector\":\".article-body__promo-box__3bCm_\",\"tasks\":[[\"has-text\",\"Sign up\"]]}","{\"selector\":\".article-content-wrapper > p\",\"tasks\":[[\"has-text\",\"into your inbox\"]]}","{\"selector\":\".article-main__more\",\"tasks\":[[\"has-text\",\"Sign up\"]]}","{\"selector\":\".article__block--footnoteBlock--align-right\",\"tasks\":[[\"has-text\",\"Subscribe\"]]}","{\"selector\":\".article__body--botttom > div > p\",\"tasks\":[[\"has-text\",\"a free newsletter\"]]}","{\"selector\":\".bg-base-200\",\"tasks\":[[\"has-text\",\"Sign up\"]]}","{\"selector\":\".bg-cover\",\"tasks\":[[\"has-text\",\"Sign up\"]]}","{\"selector\":\".bg-fok-gray-500\",\"tasks\":[[\"has-text\",\"Join our mailing list\"]]}","{\"selector\":\".bg-gray-100\",\"tasks\":[[\"has-text\",\"newsletter\"]]}","{\"selector\":\".bg-gray-50\",\"tasks\":[[\"has-text\",\"Fake news\"]]}","{\"selector\":\".bg-gray-600\",\"tasks\":[[\"has-text\",\"Read the latest business news\"]]}","{\"selector\":\".bg-left.bg-cover\",\"tasks\":[[\"has-text\",\"Subscribe\"]]}","{\"selector\":\".bg-primary-dark\",\"tasks\":[[\"has-text\",\"newsletter\"]]}","{\"selector\":\".bg-purple-50\",\"tasks\":[[\"has-text\",\"Fan of great business\"]]}","{\"selector\":\".bg-slate-300\",\"tasks\":[[\"has-text\",\"Sign up for the newsletter.\"]]}","{\"selector\":\".bg-white.border-\\\\[\\\\#eceff2\\\\]\",\"tasks\":[[\"has-text\",\"Weekday Newsletter\"]]}","{\"selector\":\".border-decryptGridline\",\"tasks\":[[\"has-text\",\"Newsletter\"]]}","{\"selector\":\".border-gray-175\",\"tasks\":[[\"has-text\",\"BT in your inbox\"]]}","{\"selector\":\".border-gray-200\",\"tasks\":[[\"has-text\",\"Get the news\"]]}","{\"selector\":\".border-primary-dark\\\\/50\",\"tasks\":[[\"has-text\",\"newsletter\"]]}","{\"selector\":\".border-secondary-900\",\"tasks\":[[\"has-text\",\"Get the news\"]]}","{\"selector\":\".bottom-0\",\"tasks\":[[\"has-text\",\"/Join now to read full articles|Save 25% on reporting you won’t find anywhere else/\"]]}","{\"selector\":\".box-wrapper\",\"tasks\":[[\"has-text\",\"Stay up to date\"]]}","{\"selector\":\".bt-inp\",\"tasks\":[[\"has-text\",\"Sign up\"]]}","{\"selector\":\".btn-ocean\",\"tasks\":[[\"has-text\",\"Newsletter Sign Up\"]]}","{\"selector\":\".callout\",\"tasks\":[[\"has-text\",\"inbox\"]]}","{\"selector\":\".card-body\",\"tasks\":[[\"has-text\",\"Daily Newsletter\"]]}","{\"selector\":\".col1span3\",\"tasks\":[[\"has-text\",\"Newsletters\"]]}","{\"selector\":\".corner-accent\",\"tasks\":[[\"has-text\",\"Subscribe for free\"]]}","{\"selector\":\".cta-top-of-post.wp-block-group\",\"tasks\":[[\"has-text\",\"Sign up for\"]]}","{\"selector\":\".dark\\\\:bg-main-850\",\"tasks\":[[\"has-text\",\"Join our Newsletters\"]]}","{\"selector\":\".dcr-1mt0mpc\",\"tasks\":[[\"has-text\",\"Sign up\"]]}","{\"selector\":\".e-con.e-con-boxed\",\"tasks\":[[\"has-text\",\"Resist censorship\"]]}","{\"selector\":\".e-con.e-con-full\",\"tasks\":[[\"has-text\",\"Get news, features\"]]}","{\"selector\":\".elementor-button-link\",\"tasks\":[[\"has-text\",\"Sign Up\"]]}","{\"selector\":\".elementor-element-38bd005\",\"tasks\":[[\"has-text\",\"Newsletter\"]]}","{\"selector\":\".elementor-shortcode\",\"tasks\":[[\"has-text\",\"Signup Now\"]]}","{\"selector\":\".et_pb_row_1_tb_body\",\"tasks\":[[\"has-text\",\"Sign up for our weekly newsletter\"]]}","{\"selector\":\".et_pb_section\",\"tasks\":[[\"has-text\",\"Sign up for our weekly newsletter\"]]}","{\"selector\":\".factbox\",\"tasks\":[[\"has-text\",\"Sign up\"]]}","{\"selector\":\".fusion_builder_column_inner_1_1\",\"tasks\":[[\"has-text\",\"BNC Newsletters\"]]}","{\"selector\":\".has-background\",\"tasks\":[[\"has-text\",\"Never miss a post\"]]}","{\"selector\":\".has-background\",\"tasks\":[[\"has-text\",\"Sign up for Express\"]]}","{\"selector\":\".has-border-color.wp-block-columns\",\"tasks\":[[\"has-text\",\"NEWSLETTER\"]]}","{\"selector\":\".has-border-color\",\"tasks\":[[\"has-text\",\"Discover more\"]]}","{\"selector\":\".has-light-gray-background-color\",\"tasks\":[[\"has-text\",\"STAY INFORMED\"]]}","{\"selector\":\".has-link-color.has-background\",\"tasks\":[[\"has-text\",\"free newsletter\"]]}","{\"selector\":\".has-medium-font-size\",\"tasks\":[[\"has-text\",\"Join our free newsletter\"]]}","{\"selector\":\".has-palette-color-6-color\",\"tasks\":[[\"has-text\",\"Sign up\"]]}","{\"selector\":\".has-secondary-background-color\",\"tasks\":[[\"has-text\",\"Subscribe\"]]}","{\"selector\":\".hidden\",\"tasks\":[[\"has-text\",\"Fake news\"]]}","{\"selector\":\".inset-0.fixed\",\"tasks\":[[\"has-text\",\"Sign up\"]]}","{\"selector\":\".is-position-sticky\",\"tasks\":[[\"has-text\",\"Subscribe\"]]}","{\"selector\":\".lg\\\\:gap-3\",\"tasks\":[[\"has-text\",\"Weekly roundup\"]]}","{\"selector\":\".lg\\\\:grid-cols-\\\\[445px_1fr\\\\].gap-y-10 > div\",\"tasks\":[[\"has-text\",\"Sign up to Dexerto\"]]}","{\"selector\":\".lg\\\\:u-max-w-\\\\[345px\\\\]\",\"tasks\":[[\"has-text\",\"Sign up\"]]}","{\"selector\":\".m-detail--body > p\",\"tasks\":[[\"has-text\",\"Sign up for the\"]]}","{\"selector\":\".max-w-\\\\[48rem\\\\]\",\"tasks\":[[\"has-text\",\"Sign up for the Daily Brief\"]]}","{\"selector\":\".mb-16\",\"tasks\":[[\"has-text\",\"Sign up\"]]}","{\"selector\":\".md\\\\:p-10\",\"tasks\":[[\"has-text\",\"newsletter\"]]}","{\"selector\":\".md\\\\:px-2.py-10\",\"tasks\":[[\"has-text\",\"Subscribe to the newsletter\"]]}","{\"selector\":\".mom-hidden-auth\",\"tasks\":[[\"has-text\",\"Join Our\"]]}","{\"selector\":\".msl\",\"tasks\":[[\"has-text\",\"Subscribe for free\"]]}","{\"selector\":\".mt-10\",\"tasks\":[[\"has-text\",\"Level up your inbox\"]]}","{\"selector\":\".nl-container\",\"tasks\":[[\"has-text\",\"inbox\"]]}","{\"selector\":\".optin\",\"tasks\":[[\"has-text\",\"Sign Up\"]]}","{\"selector\":\".p-4.bg-\\\\[\\\\#F5F5F5\\\\]\",\"tasks\":[[\"has-text\",\"Subscribe to our newsletter\"]]}","{\"selector\":\".p-4\",\"tasks\":[[\"has-text\",\"Sign up for the Daily Brief\"]]}","{\"selector\":\".p-5.bg-white.rounded-xl\",\"tasks\":[[\"has-text\",\"Weather in your inbox\"]]}","{\"selector\":\".p-6.border-gray-200\",\"tasks\":[[\"has-text\",\"Stay Informed\"]]}","{\"selector\":\".p1\",\"tasks\":[[\"has-text\",\"newsletter\"]]}","{\"selector\":\".page-article > p\",\"tasks\":[[\"has-text\",\"Sign up here\"]]}","{\"selector\":\".page-article.article__content > p > strong\",\"tasks\":[[\"has-text\",\"newsletter\"]]}","{\"selector\":\".pr-\\\\[30px\\\\]\",\"tasks\":[[\"has-text\",\"Weather in your inbox\"]]}","{\"selector\":\".px20.pb32\",\"tasks\":[[\"has-text\",\"Sign up for\"]]}","{\"selector\":\".recommendationSection\",\"tasks\":[[\"has-text\",\"Newsletter\"]]}","{\"selector\":\".right_pod\",\"tasks\":[[\"has-text\",\"E-mail Address\"]]}","{\"selector\":\".rounded-3xl\",\"tasks\":[[\"has-text\",\"in your inbox\"]]}","{\"selector\":\".rounded-lg\",\"tasks\":[[\"has-text\",\"Improve your dev skills!\"]]}","{\"selector\":\".row > .entry-content > p\",\"tasks\":[[\"has-text\",\"daily newsletter\"]]}","{\"selector\":\".shadow-xl.m-2.p-4\",\"tasks\":[[\"has-text\",\"Sign up for email updates\"]]}","{\"selector\":\".sidebar-form\",\"tasks\":[[\"has-text\",\"Sign Up For Our Newsletter\"]]}","{\"selector\":\".sm\\\\:my-10.xs\\\\:my-6\",\"tasks\":[[\"has-text\",\"Sign up for\"]]}","{\"selector\":\".su-items-left\",\"tasks\":[[\"has-text\",\"Subscribe\"]]}","{\"selector\":\".t-bg-surface-zero.t-p-6\",\"tasks\":[[\"has-text\",\"Newsletter\"]]}","{\"selector\":\".text-2\",\"tasks\":[[\"has-text\",\"Subscribe\"]]}","{\"selector\":\".text-wt-background\",\"tasks\":[[\"has-text\",\"Subscribe\"]]}","{\"selector\":\".to-fntv-purple\\\\/20\",\"tasks\":[[\"has-text\",\"Breaking News Alerts\"]]}","{\"selector\":\".u-space-y-6.u-items-center\",\"tasks\":[[\"has-text\",\"Staying current\"]]}","{\"selector\":\".variant-default.card\",\"tasks\":[[\"has-text\",\"/newsletter|Sign up for/\"]]}","{\"selector\":\".w-embed\",\"tasks\":[[\"has-text\",\"Sign up now\"]]}","{\"selector\":\".wd_dkblue-background\",\"tasks\":[[\"has-text\",\"Stay up to date\"]]}","{\"selector\":\".widget_custom_html\",\"tasks\":[[\"has-text\",\"newsletter\"]]}","{\"selector\":\".widget_custom_html\",\"tasks\":[[\"has-text\",\"substack\"]]}","{\"selector\":\".wp-block-column > .is-layout-flow.wp-block-group\",\"tasks\":[[\"has-text\",\"Subscribe\"]]}","{\"selector\":\".wp-block-cover-is-layout-flow\",\"tasks\":[[\"has-text\",\"Get our newsletter\"]]}","{\"selector\":\".wp-block-genesis-blocks-gb-columns\",\"tasks\":[[\"has-text\",\"Subscribe by Email\"]]}","{\"selector\":\".wp-block-genesis-blocks-gb-container\",\"tasks\":[[\"has-text\",\"Free Email Guide\"]]}","{\"selector\":\".wp-block-group-is-layout-flow.has-background.has-base-background-color\",\"tasks\":[[\"has-text\",\"Email Me This For Later\"]]}","{\"selector\":\".wp-block-group-is-layout-flow\",\"tasks\":[[\"has-text\",\"Subscribe\"]]}","{\"selector\":\".wp-block-group.alignfull\",\"tasks\":[[\"has-text\",\"/Stay connected to the community\\\\.|Subscribe to our newsletter!/\"]]}","{\"selector\":\".wp-block-group__inner-container\",\"tasks\":[[\"has-text\",\"Discover more\"]]}","{\"selector\":\".z-sticky.bottom-0.sticky\",\"tasks\":[[\"has-text\",\"opportunity\"]]}","{\"selector\":\"[data-testid=\\\"scroll-modal-wrapper\\\"]\",\"tasks\":[[\"has-text\",\"sign up\"]]}","{\"selector\":\"#custom_html-12\",\"tasks\":[[\"has-text\",\"newsletters\"]]}","{\"selector\":\"div.is-style-border\",\"tasks\":[[\"has-text\",\"Daily News\"]]}","{\"selector\":\"div.mt-10\",\"tasks\":[[\"has-text\",\"Daily Newsletter\"]]}","{\"selector\":\"div.mt-10\",\"tasks\":[[\"has-text\",\"newsletter\"]]}","{\"selector\":\"div.wp-block-cover\",\"tasks\":[[\"has-text\",\"Be the first to know\"]]}","{\"selector\":\".bottom-0.fixed\",\"tasks\":[[\"has-text\",\"weekly newsletters\"]]}","{\"selector\":\".lg\\\\:p-\\\\[16px\\\\]\",\"tasks\":[[\"has-text\",\"newsletters\"]]}","{\"selector\":\"em > strong\",\"tasks\":[[\"has-text\",\"daily newsletter\"]]}","{\"selector\":\".p-6.justify-center\",\"tasks\":[[\"has-text\",\"Daily newsletter\"]]}","{\"selector\":\".order-lg-2\",\"tasks\":[[\"has-text\",\"Sign up to our newsletter\"]]}","{\"selector\":\".sidebar-sticky\",\"tasks\":[[\"has-text\",\"newsletter\"]]}","{\"selector\":\".comp > strong\",\"tasks\":[[\"has-text\",\"newsletter\"]]}","{\"selector\":\".pb-1.gap-4\",\"tasks\":[[\"has-text\",\"Sign up for\"]]}","{\"selector\":\".pb-6\",\"tasks\":[[\"has-text\",\"Newsletter\"]]}","{\"selector\":\".sidebar-box\",\"tasks\":[[\"has-text\",\"GET OUR NEWSLETTER NOW\"]]}","{\"selector\":\".td-block-title.block-title\",\"tasks\":[[\"has-text\",\"NEWSLETTER\"]]}","{\"selector\":\"form\",\"tasks\":[[\"has-text\",\"/Subscribe and thrive|Your inbox is ready/\"]]}","{\"selector\":\".has-senary-background-color\",\"tasks\":[[\"has-text\",\"Email\"]]}","{\"selector\":\".has-tertiary-background-color\",\"tasks\":[[\"has-text\",\"Week\"]]}","{\"selector\":\".bg-gray-100\",\"tasks\":[[\"has-text\",\"Sign up\"]]}","{\"selector\":\".v-card.v-card--flat\",\"tasks\":[[\"has-text\",\"Sign up to receive\"]]}","{\"selector\":\".w-full\",\"tasks\":[[\"has-text\",\"Mailing\"]]}","{\"selector\":\"h3.section_name\",\"tasks\":[[\"has-text\",\"Newsletter\"]]}","{\"selector\":\".d-lg-block.sp-module\",\"tasks\":[[\"has-text\",\"newsletter\"]]}","{\"selector\":\".pb-6.border-b\",\"tasks\":[[\"has-text\",\"Signup\"]]}","{\"selector\":\"p > em\",\"tasks\":[[\"has-text\",\"Sign up for\"]]}","{\"selector\":\".p-8.bg-dynamic-primary\",\"tasks\":[[\"has-text\",\"straight to your inbox\"]]}","{\"selector\":\".shadow-card.p-8\",\"tasks\":[[\"has-text\",\"Laravel Newsletter\"]]}","{\"selector\":\".pt-\\\\[60px\\\\]\",\"tasks\":[[\"has-text\",\"newsletter\"]]}","{\"selector\":\".fxsEzN\",\"tasks\":[[\"has-text\",\"Sign up to our newsletter\"]]}","{\"selector\":\"section.sidebar-section\",\"tasks\":[[\"has-text\",\"email\"]]}","{\"selector\":\".has-background.has-dark-gray-background-color\",\"tasks\":[[\"has-text\",\"Sign up\"]]}","{\"selector\":\".sidebar-item-container\",\"tasks\":[[\"has-text\",\"Email me\"]]}","{\"selector\":\".has-background\",\"tasks\":[[\"has-text\",\"/newsletter|inbox/\"]]}","{\"selector\":\".promo-card-primary\",\"tasks\":[[\"has-text\",\"Check your inbox\"]]}","{\"selector\":\".pull-right.inline-gallery-container\",\"tasks\":[[\"has-text\",\"Post this\"]]}","{\"selector\":\".mobile-only-on-col-ab\",\"tasks\":[[\"has-text\",\"Subscribe\"]]}","{\"selector\":\".bg-gray-50\",\"tasks\":[[\"has-text\",\"Want to stay informed\"]]}","{\"selector\":\".border-brand-pink\",\"tasks\":[[\"has-text\",\"inbox\"]]}","{\"selector\":\"p.ArticleParagraph_root__4mszW > small\",\"tasks\":[[\"has-text\",\"Sign up\"]]}","{\"selector\":\"p.slate-paragraph > em\",\"tasks\":[[\"has-text\",\"Sign up for\"]]}","{\"selector\":\".md\\\\:decorative-horizontal-lines\",\"tasks\":[[\"has-text\",\"subscribe\"]]}","{\"selector\":\"strong\",\"tasks\":[[\"has-text\",\"daily newsletter\"]]}","{\"selector\":\".hide.post__sidebar\",\"tasks\":[[\"has-text\",\"Share this article\"]]}","{\"selector\":\".elementor-section\",\"tasks\":[[\"has-text\",\"Subscribe for\"]]}","{\"selector\":\".elementor-widget-container\",\"tasks\":[[\"has-text\",\"tired of censorship\"]]}","{\"selector\":\"[style=\\\"text-align:center\\\"]\",\"tasks\":[[\"has-text\",\"newsletter\"]]}","{\"selector\":\".text_multiline\",\"tasks\":[[\"has-text\",\"newsletter\"]]}","{\"selector\":\".wp-block-pullquote\",\"tasks\":[[\"has-text\",\"Sign up for\"]]}","{\"selector\":\".wp-block-group__inner-container\",\"tasks\":[[\"has-text\",\"Discover\"]]}","{\"selector\":\"strong > .link--button\",\"tasks\":[[\"has-text\",\"newsletter\"]]}","{\"selector\":\"strong > em\",\"tasks\":[[\"has-text\",\"Sign up\"]]}","{\"selector\":\".restricted-body.html-content\",\"tasks\":[[\"has-text\",\"Email us\"]]}","{\"selector\":\".restricted-body.html-content\",\"tasks\":[[\"has-text\",\"your inbox\"]]}","{\"selector\":\".wp-block-quote\",\"tasks\":[[\"has-text\",\"inbox daily\"]]}","{\"selector\":\"p.t-links-underlinedy\",\"tasks\":[[\"has-text\",\"Sign up for The Brief\"]]}","{\"selector\":\".LostInventoryMessage_root__YllYq\",\"tasks\":[[\"has-text\",\"newsletter\"]]}","{\"selector\":\".wp-block-group\",\"tasks\":[[\"has-text\",\"Subscribe to our Newsletter\"]]}","{\"selector\":\"[data-testid=\\\"contributions-liveblog-epic\\\"]\",\"tasks\":[[\"has-text\",\"daily newsletter\"]]}","{\"selector\":\".bg-soft-teal\",\"tasks\":[[\"has-text\",\"Subscribe\"]]}","{\"selector\":\".rounded-3.px-5\",\"tasks\":[[\"has-text\",\"Newsletter\"]]}","{\"selector\":\".bg-dark-brown\",\"tasks\":[[\"has-text\",\"Sign up\"]]}","{\"selector\":\"tr > .right-article\",\"tasks\":[[\"has-text\",\"Sign up\"]]}","{\"selector\":\".rounded-md.md\\\\:p-8.p-5.shadow-light\",\"tasks\":[[\"has-text\",\"Sign up\"]]}","{\"selector\":\".duet--article--highlight\",\"tasks\":[[\"has-text\",\"Sign up here\"]]}","{\"selector\":\".textwidget > .textwidget\",\"tasks\":[[\"has-text\",\"Subscribe\"]]}","{\"selector\":\".has-medium-font-size\",\"tasks\":[[\"has-text\",\"newsletter\"]]}","{\"selector\":\".mt-\\\\[2rem\\\\]\",\"tasks\":[[\"has-text\",\"newsletter\"]]}","{\"selector\":\"div[class^=\\\"-_\\\"] > form\",\"tasks\":[[\"has-text\",\"newsletters\"]]}","{\"selector\":\".section > .wrapper\",\"tasks\":[[\"has-text\",\"Newsletters\"]]}","{\"selector\":\"body\",\"action\":[\"style\",\"overflow: auto !important;\"],\"cssable\":true}","{\"selector\":\"html\",\"action\":[\"style\",\"overflow:auto !important\"],\"cssable\":true}","{\"selector\":\"body\",\"action\":[\"style\",\"overflow: auto !important; position: initial !important;\"],\"cssable\":true}","{\"selector\":\"body\",\"action\":[\"style\",\"height: auto !important; overflow: auto !important\"],\"cssable\":true}","{\"selector\":\"body, html\",\"action\":[\"style\",\"overflow: auto !important; position: initial !important;\"],\"cssable\":true}","{\"selector\":\"body\",\"action\":[\"style\",\"overflow: scroll !important\"],\"cssable\":true}","{\"selector\":\"html, body\",\"action\":[\"style\",\"overflow: auto !important; position: initial !important;\"],\"cssable\":true}","{\"selector\":\"html\",\"action\":[\"style\",\"position: static !important; overflow: auto !important; width: auto !important;\"],\"cssable\":true}","{\"selector\":\"html\",\"action\":[\"style\",\"overflow: auto !important\"],\"cssable\":true}","{\"selector\":\"body\",\"action\":[\"style\",\"position: static !important; overflow: auto !important; width: auto !important;\"],\"cssable\":true}","{\"selector\":\"html\",\"action\":[\"style\",\"overflow: auto !important;\"],\"cssable\":true}","{\"selector\":\"body, html\",\"action\":[\"style\",\"height: auto !important; overflow: auto !important\"],\"cssable\":true}","{\"selector\":\"div#wrapper\",\"action\":[\"style\",\"filter: none !important\"],\"cssable\":true}","{\"selector\":\"body\",\"action\":[\"style\",\"overflow:initial!important\"],\"cssable\":true}","{\"selector\":\".index-wrap\",\"action\":[\"style\",\"overflow: auto !important;\"],\"cssable\":true}","{\"selector\":\"body.overflow-hidden\",\"action\":[\"style\",\"overflow: auto !important;\"],\"cssable\":true}","{\"selector\":\".newsletter-signup\",\"action\":[\"style\",\"max-height:0px;visibility: hidden !important;\"],\"cssable\":true}","{\"selector\":\"body\",\"action\":[\"style\",\"overflow: auto !important\"],\"cssable\":true}","{\"selector\":\"html\",\"action\":[\"style\",\"overflow: auto !important; position: initial !important;\"],\"cssable\":true}","{\"selector\":\"*\",\"action\":[\"style\",\"filter: none !important\"],\"cssable\":true}","{\"selector\":\"body\",\"action\":[\"style\",\"overflow: scroll !important; position: unset !important\"],\"cssable\":true}","{\"selector\":\".__show__pMA1C.__wrap__jEIal\",\"tasks\":[[\"has-text\",\"to your inbox\"]]}","{\"selector\":\"body, html\",\"action\":[\"style\",\"position: static !important; overflow: auto !important; width: auto !important;\"],\"cssable\":true}","{\"selector\":\"body\",\"action\":[\"style\",\"overflow:auto !important\"],\"cssable\":true}","{\"selector\":\"body[style=\\\"overflow: hidden;\\\"]\",\"action\":[\"style\",\"overflow: auto !important;\"],\"cssable\":true}","{\"selector\":\"body\",\"action\":[\"style\",\"overflow: auto !important; max-height: unset !important;\"],\"cssable\":true}","{\"selector\":\"html\",\"action\":[\"style\",\"height: auto !important; overflow: auto !important\"],\"cssable\":true}","{\"selector\":\".bg-light\",\"tasks\":[[\"has-text\",\"newsletter\"]]}","{\"selector\":\".widget_text\",\"tasks\":[[\"has-text\",\"newsletter\"]]}","{\"selector\":\".border.rounded.p-2\",\"tasks\":[[\"has-text\",\"news letter\"]]}","{\"selector\":\".unselectable\",\"action\":[\"style\",\"-webkit-touch-callout: default !important; -webkit-user-select: text !important; -moz-user-select: text !important; -ms-user-select: text !important; user-select: text !important;\"],\"cssable\":true}","{\"selector\":\"body\",\"action\":[\"style\",\"-moz-user-select: text !important; -ms-user-select: text !important; user-select: text !important;\"],\"cssable\":true}","{\"selector\":\"#body *:not(input):not(textarea)\",\"action\":[\"style\",\"-webkit-touch-callout: default !important; -webkit-user-select: text !important; -moz-user-select: text !important; -ms-user-select: text !important; user-select: text !important;\"],\"cssable\":true}","{\"selector\":\"#bottomAd\",\"action\":[\"style\",\"position: absolute !important; left: -4000px !important;\"],\"cssable\":true}","{\"selector\":\".moola-search-view\",\"tasks\":[[\"has-text\",\"hide these ads\"]]}","{\"selector\":\"#desktopWrapper\",\"action\":[\"style\",\"position: static !important;\"],\"cssable\":true}","{\"selector\":\".gridCentered\",\"action\":[\"style\",\"margin-top: auto !important;\"],\"cssable\":true}","{\"selector\":\".navigationWrapper\",\"action\":[\"style\",\"top: 0px !important;\"],\"cssable\":true}","{\"selector\":\"*\",\"action\":[\"style\",\"-webkit-touch-callout: default !important; -webkit-user-select: text !important; -moz-user-select: text !important; -ms-user-select: text !important; user-select: text !important;\"],\"cssable\":true}","{\"selector\":\".notificationsContainer\",\"tasks\":[[\"has-text\",\"whitelisten of beleef Tweakers\"]]}","{\"selector\":\"#modal_login\",\"tasks\":[[\"upward\",2]]}","{\"selector\":\".fbUserStory\",\"tasks\":[[\"has-text\",\"Popular Across Facebook\"]]}","{\"selector\":\".userContentWrapper\",\"tasks\":[[\"has-text\",\"Popular Across Facebook\"]]}","{\"selector\":\"p\",\"action\":[\"style\",\"-webkit-touch-callout: default !important; -webkit-user-select: text !important; -moz-user-select: text !important; -ms-user-select: text !important; user-select: text !important;\"],\"cssable\":true}","{\"selector\":\"*\",\"action\":[\"style\",\"-webkit-touch-callout: default !important; -webkit-user-select: text !important;-moz-user-select: text !important;-ms-user-select: text !important;user-select: text !important;\"],\"cssable\":true}","{\"selector\":\"\",\"tasks\":[[\"xpath\",\"//*[contains(text(),\\\"AdB\\\")]\"]]}","{\"selector\":\".unselectable\",\"action\":[\"style\",\"-webkit-touch-callout: default !important; -webkit-user-select: text !important;-moz-user-select: text !important;-ms-user-select: text !important;user-select: text !important;\"],\"cssable\":true}","{\"selector\":\".nosel\",\"action\":[\"style\",\"-webkit-touch-callout: default !important; -webkit-user-select: text !important; -moz-user-select: text !important; -ms-user-select: text !important; user-select: text !important;\"],\"cssable\":true}","{\"selector\":\"[id]\",\"action\":[\"style\",\"-webkit-touch-callout: default !important; -webkit-user-select: text !important; -moz-user-select: text !important; -ms-user-select: text !important; user-select: text !important;\"],\"cssable\":true}","{\"selector\":\"#pftop\",\"action\":[\"style\",\"height: auto !important;padding-bottom:5px !important\"],\"cssable\":true}","{\"selector\":\"[class]\",\"action\":[\"style\",\"-webkit-touch-callout: default !important; -webkit-user-select: text !important; -moz-user-select: text !important; -ms-user-select: text !important; user-select: text !important;\"],\"cssable\":true}","{\"selector\":\"body\",\"action\":[\"style\",\"-webkit-touch-callout: default !important; -webkit-user-select: text !important;-moz-user-select: text !important;-ms-user-select: text !important;user-select: text !important;\"],\"cssable\":true}","{\"selector\":\"body\",\"action\":[\"style\",\"-webkit-touch-callout: default !important; -webkit-user-select: text !important; -moz-user-select: text !important; -ms-user-select: text !important; user-select: text !important;\"],\"cssable\":true}","{\"selector\":\".definicao_verbete_homologado_interna\",\"action\":[\"style\",\"height:100% !important;\"],\"cssable\":true}","{\"selector\":\"body.modal-open\",\"action\":[\"style\",\"overflow-x: hidden !important; overflow-y: scroll !important;\"],\"cssable\":true}","{\"selector\":\".storytextp\",\"action\":[\"style\",\"user-select: text !important; -webkit-user-select: text !important;\"],\"cssable\":true}","{\"selector\":\"[href*=\\\"/result\\\"]\",\"action\":[\"style\",\"text-shadow: none !important; color: #8b0000 !important;\"],\"cssable\":true}","{\"selector\":\"[href*=\\\"/meet\\\"]\",\"action\":[\"style\",\"text-shadow: none !important; color: #8b0000 !important;\"],\"cssable\":true}","{\"selector\":\"[_ngcontent-serverapp-c135]\",\"action\":[\"style\",\"text-shadow: none !important; color: #000 !important;\"],\"cssable\":true}","{\"selector\":\"[ngbtooltip]\",\"action\":[\"style\",\"text-shadow: none !important; color: #6c757d !important;\"],\"cssable\":true}","{\"selector\":\".hiddenRanking\",\"action\":[\"style\",\"text-shadow: none !important; color: #6c757d !important;\"],\"cssable\":true}","{\"selector\":\"*\",\"action\":[\"style\",\"-webkit-user-select: text !important; -moz-user-select: text !important; -ms-user-select: text !important; user-select: text !important;\"],\"cssable\":true}","{\"selector\":\"[_ngcontent-serverapp-c134]\",\"action\":[\"style\",\"text-shadow: none !important; color: #000 !important;\"],\"cssable\":true}","{\"selector\":\"script\",\"tasks\":[[\"has-text\",\"/addLinkToCopy/i\"]]}","{\"selector\":\"\",\"tasks\":[[\"xpath\",\"//div[contains(text(),\\\"Adblock\\\")]/..\"]]}","{\"selector\":\".js-dismissable-hero\",\"tasks\":[[\"has-text\",\"Sign up\"]]}","{\"selector\":\".SetPageTerm\",\"action\":[\"style\",\"display: block !important\"],\"cssable\":true}","{\"selector\":\".post-section\",\"action\":[\"style\",\"filter: none !important; -webkit-filter: none !important; pointer-events: all !important\"],\"cssable\":true}","{\"selector\":\".signup_wall_prevent_scroll #root\",\"action\":[\"style\",\"filter: none !important;\"],\"cssable\":true}","{\"selector\":\".signup_wall_prevent_scroll\",\"action\":[\"style\",\"position: unset !important; padding-right: 0 !important;\"],\"cssable\":true}","{\"selector\":\"body\",\"action\":[\"style\",\"overflow-x: hidden !important; overflow-y: scroll !important;\"],\"cssable\":true}","{\"selector\":\"html\",\"action\":[\"style\",\"overflow-x: hidden !important; overflow-y: scroll !important;\"],\"cssable\":true}","{\"selector\":\"html, body\",\"action\":[\"style\",\"overflow: auto !important;\"],\"cssable\":true}","{\"selector\":\"[class*=\\\"ImageElement-blockPointerEvents-\\\"]\",\"action\":[\"style\",\"pointer-events: auto !important\"],\"cssable\":true}","{\"selector\":\"[class*=\\\"Module-blockGridPointerEvents-\\\"] .grid__item-image\",\"action\":[\"style\",\"pointer-events: auto !important\"],\"cssable\":true}","{\"selector\":\"#lightbox-wrap img\",\"action\":[\"style\",\"pointer-events: auto !important\"],\"cssable\":true}","{\"selector\":\"*::selection\",\"action\":[\"style\",\"background-color:#338FFF !important;\"],\"cssable\":true}","{\"selector\":\"body\",\"action\":[\"style\",\"-webkit-touch-callout: default !important;-webkit-user-select: text !important;-moz-user-select: text !important;-ms-user-select: text !important;user-select: text !important;\"],\"cssable\":true}","{\"selector\":\".Post-body--truncated\",\"action\":[\"style\",\"max-height: unset !important;\"],\"cssable\":true}","{\"selector\":\"script\",\"tasks\":[[\"has-text\",\"oncontextmenu\"]]}","{\"selector\":\"body\",\"action\":[\"style\",\"overflow-x: hidden !important; overflow-y: scroll !important; padding-right: 0 !important;\"],\"cssable\":true}","{\"selector\":\"script\",\"tasks\":[[\"has-text\",\"We think our Android\"]]}","{\"selector\":\"*::selection\",\"action\":[\"style\",\"background-color:#338FFF!important\"],\"cssable\":true}","{\"selector\":\".fb_lightbox-lock\",\"action\":[\"style\",\"overflow-x: hidden !important; overflow-y: scroll !important;\"],\"cssable\":true}","{\"selector\":\"*\",\"action\":[\"style\",\"-webkit-touch-callout: default!important; -webkit-user-drag: element!important; -webkit-user-select: text!important; -moz-user-select: text!important; -ms-user-select: text!important; user-select: text!important;\"],\"cssable\":true}","{\"selector\":\".blocked\",\"action\":[\"style\",\"filter: none !important;\"],\"cssable\":true}","{\"selector\":\".blocked .text\",\"action\":[\"style\",\"filter: none!important;-webkit-filter: none!important;\"],\"cssable\":true}","{\"selector\":\"body > div:nth-of-type(1) > div\",\"tasks\":[[\"has-text\",\"adblocker\"]]}","{\"selector\":\".obscured\",\"action\":[\"style\",\"color: black !important;text-shadow: none !important; filter: none !important\"],\"cssable\":true}","{\"selector\":\"html\",\"action\":[\"style\",\"overflow: hidden !important;\"],\"cssable\":true}","{\"selector\":\".dark-theme-dialog__dialogBody___106Di\",\"tasks\":[[\"upward\",4]]}","{\"selector\":\"\",\"tasks\":[[\"xpath\",\"//*[contains(text(),\\\"blocking software\\\")]/../../..\"]]}","{\"selector\":\".result-snippet\",\"action\":[\"style\",\"-webkit-touch-callout: default !important; -webkit-user-select: text !important;-moz-user-select: text !important;-ms-user-select: text !important;user-select: text !important;\"],\"cssable\":true}","{\"selector\":\"script\",\"tasks\":[[\"has-text\",\"copyprotect\"]]}","{\"selector\":\".modal-content\",\"tasks\":[[\"has\",{\"selector\":\".text > b\",\"tasks\":[[\"has-text\",\"Privacy Policy\"]]}]]}","{\"selector\":\"body > div\",\"action\":[\"style\",\"-webkit-touch-callout: default !important; -webkit-user-select: text !important;-moz-user-select: text !important;-ms-user-select: text !important;user-select: text !important;\"],\"cssable\":true}","{\"selector\":\".post-body\",\"action\":[\"style\",\"-webkit-touch-callout: default !important; -webkit-user-select: text !important;-moz-user-select: text !important;-ms-user-select: text !important;user-select: text !important;\"],\"cssable\":true}","{\"selector\":\"body[style*=\\\"overflow\\\"]\",\"action\":[\"style\",\"overflow: auto !important;\"],\"cssable\":true}","{\"selector\":\"body:has(#blocking-modal)\",\"action\":[\"style\",\"pointer-events: auto !important;\"],\"cssable\":true}","{\"selector\":\"body:not(.with-listing-chooser)\",\"action\":[\"style\",\"overflow: visible !important; position: static !important;\"],\"cssable\":true}","{\"selector\":\"body\",\"action\":[\"style\",\"pointer-events: auto !important; overflow: auto !important;\"],\"cssable\":true}","{\"selector\":\".modal-open\",\"action\":[\"style\",\"overflow: auto !important; padding-top: 0 !important;\"],\"cssable\":true}","{\"selector\":\".post-body\",\"action\":[\"style\",\"-webkit-user-select: text !important; -moz-user-select: text !important; -ms-user-select: text !important; user-select: text !important;\"],\"cssable\":true}","{\"selector\":\".adsbygoogle\",\"tasks\":[[\"upward\",1]]}","{\"selector\":\".lyricBody\",\"action\":[\"style\",\"-webkit-touch-callout: default !important; -webkit-user-select: text !important; -moz-user-select: text !important; -ms-user-select: text !important; user-select: text !important;\"],\"cssable\":true}","{\"selector\":\"script\",\"tasks\":[[\"has-text\",\"debugger\"]]}","{\"selector\":\"div.storyView\",\"action\":[\"style\",\"-webkit-touch-callout: default !important; cursor: auto !important;\"],\"cssable\":true}","{\"selector\":\"body *\",\"action\":[\"style\",\"-webkit-touch-callout: default !important; -webkit-user-select: text !important; -moz-user-select: text !important; -ms-user-select: text !important; user-select: text !important;\"],\"cssable\":true}","{\"selector\":\"p, ul, ol\",\"action\":[\"style\",\"-webkit-touch-callout: default !important; -webkit-user-select: text !important; -moz-user-select: text !important; -ms-user-select: text !important; user-select: text !important;\"],\"cssable\":true}","{\"selector\":\"body, div, p, span, a, h1, h2, h3, h4, h5, h6\",\"action\":[\"style\",\"-webkit-touch-callout: default !important; -webkit-user-select: text !important; -moz-user-select: text !important; -ms-user-select: text !important; user-select: text !important\"],\"cssable\":true}","{\"selector\":\"*::selection\",\"action\":[\"style\",\"background-color: #338FFF !important\"],\"cssable\":true}","{\"selector\":\"body\",\"action\":[\"style\",\"-webkit-touch-callout: default !important; -webkit-user-select: text !important; -moz-user-select: text !important; -ms-user-select: text !important; user-select: text !important\"],\"cssable\":true}","{\"selector\":\".async-hide\",\"action\":[\"style\",\"opacity:1!important\"],\"cssable\":true}","{\"selector\":\".CoverPop-open\",\"action\":[\"style\",\"overflow: auto !important\"],\"cssable\":true}","{\"selector\":\".no-js\",\"action\":[\"style\",\"overflow: auto !important\"],\"cssable\":true}","{\"selector\":\"style\",\"action\":[\"remove\",\"\"],\"tasks\":[[\"has-text\",\"@media print\"]]}","{\"selector\":\".blur\",\"action\":[\"style\",\"filter: none !important\"],\"cssable\":true}","{\"selector\":\"style\",\"action\":[\"remove\",\"\"],\"tasks\":[[\"has-text\",\"::selection\"]]}","{\"selector\":\"body\",\"action\":[\"style\",\"user-select: text !important; -webkit-user-select: text !important; -moz-user-select: text !important; -ms-user-select: text !important; -o-user-select: text !important;\"],\"cssable\":true}","{\"selector\":\"body\",\"action\":[\"style\",\"cursor:auto!important\"],\"cssable\":true}","{\"selector\":\"html.open-modal .overlay\",\"action\":[\"style\",\"display: none !important\"],\"cssable\":true}","{\"selector\":\"html.open-modal body\",\"action\":[\"style\",\"overflow: auto !important\"],\"cssable\":true}","{\"selector\":\"html.open-modal body::after\",\"action\":[\"style\",\"display: none !important;\"],\"cssable\":true}","{\"selector\":\"h2\",\"tasks\":[[\"has-text\",\"Using an ad blocker?\"],[\"upward\",3]]}","{\"selector\":\"\",\"tasks\":[[\"xpath\",\"//*[contains(text(),\\\"Adblock\\\")]\"]]}","{\"selector\":\"body.no-scroll\",\"action\":[\"style\",\"overflow:auto !important\"],\"cssable\":true}","{\"selector\":\"div\",\"action\":[\"style\",\"-webkit-touch-callout: default !important; -webkit-user-select: text !important; -moz-user-select: text !important; -ms-user-select: text !important; user-select: text !important;\"],\"cssable\":true}","{\"selector\":\"p > b\",\"tasks\":[[\"xpath\",\"//*[contains(text(),\\\"AdBlock\\\")]\"]]}","{\"selector\":\"body\",\"action\":[\"style\",\"user-select: auto !important; -webkit-user-select: auto !important; -moz-user-select: auto !important; -webkit-user-drag: auto !important\"],\"cssable\":true}","{\"selector\":\".unselectable, html\",\"action\":[\"style\",\"-webkit-touch-callout: default !important; -webkit-user-select: text !important; -moz-user-select: text !important; -ms-user-select: text !important; user-select: text !important; cursor: text !important\"],\"cssable\":true}","{\"selector\":\":not(input):not(textarea), img\",\"action\":[\"style\",\"-webkit-touch-callout: default !important; -webkit-user-select: text !important; -moz-user-select: text !important; -ms-user-select: text !important; user-select: text !important;\"],\"cssable\":true}","{\"selector\":\"*\",\"action\":[\"style\",\"opacity: 1 !important;\"],\"cssable\":true}","{\"selector\":\".content-body-wrapper\",\"action\":[\"style\",\"opacity:1!important\"],\"cssable\":true}","{\"selector\":\".sui-u-no-scroll\",\"action\":[\"style\",\"overflow:auto !important;\"],\"cssable\":true}","{\"selector\":\".post-body\",\"action\":[\"style\",\"-webkit-touch-callout: default !important; -webkit-user-select: text !important; -moz-user-select: text !important; -ms-user-select: text !important; user-select: text !important;\"],\"cssable\":true}","{\"selector\":\".unselectable, html\",\"action\":[\"style\",\"-webkit-touch-callout: default !important; -webkit-user-select: text !important; -moz-user-select: text !important; -ms-user-select: text !important; user-select: text !important; cursor: auto !important\"],\"cssable\":true}","{\"selector\":\".unselectable, html\",\"action\":[\"style\",\"-webkit-touch-callout: default !important; -webkit-user-select: text !important; -moz-user-select: text !important; -ms-user-select: text !important; user-select: text !important;\"],\"cssable\":true}","{\"selector\":\"body *\",\"action\":[\"style\",\"-webkit-user-select: auto !important; -moz-user-select: auto !important; -ms-user-select: auto !important; user-select: auto !important;\"],\"cssable\":true}","{\"selector\":\".adbanner\",\"action\":[\"remove\",\"\"]}","{\"selector\":\"*\",\"action\":[\"style\",\"-ms-user-select:auto !important; -moz-user-select:auto !important; -webkit-user-select:auto !important; -webkit-touch-callout:default !important; user-select:auto !important\"],\"cssable\":true}","{\"selector\":\"style\",\"action\":[\"remove\",\"\"],\"tasks\":[[\"has-text\",\"user-select\"]]}","{\"selector\":\"body.modal-open\",\"action\":[\"style\",\"overflow:auto !important\"],\"cssable\":true}","{\"selector\":\"body\",\"action\":[\"style\",\"-webkit-user-select:auto !important; -webkit-touch-callout: default !important;\"],\"cssable\":true}","{\"selector\":\"html.documentLocked body\",\"action\":[\"style\",\"overflow: visible !important;\"],\"cssable\":true}","{\"selector\":\"html.documentLocked\",\"action\":[\"style\",\"margin-right: 0 !important;\"],\"cssable\":true}","{\"selector\":\"html.documentLocked header\",\"action\":[\"style\",\"padding-right: 0 !important;\"],\"cssable\":true}","{\"selector\":\"article.post\",\"action\":[\"style\",\"-webkit-touch-callout: default !important; -webkit-user-select: text !important; -moz-user-select: text !important; -ms-user-select: text !important; user-select: text !important;\"],\"cssable\":true}","{\"selector\":\"div[style] > div > .userBanner--red\",\"tasks\":[[\"upward\",2]]}","{\"selector\":\"body\",\"action\":[\"style\",\"-webkit-user-select:text!important;-moz-user-select:text!important;-ms-user-select:text!important;user-select:text!important\"],\"cssable\":true}","{\"selector\":\"[href=\\\"/about#support\\\"]\",\"tasks\":[[\"upward\",2]]}","{\"selector\":\"body.no-scroll\",\"action\":[\"style\",\"overflow: visible !important;position: static !important\"],\"cssable\":true}","{\"selector\":\"body\",\"action\":[\"style\",\"overflow: initial !important\"],\"cssable\":true}","{\"selector\":\"body.ReactModal__Body--open\",\"action\":[\"style\",\"position: unset !important; overflow: auto !important;\"],\"cssable\":true}","{\"selector\":\"body\",\"action\":[\"style\",\"-moz-user-select:text !important;-ms-user-select:text !important;user-select:text !important;\"],\"cssable\":true}","{\"selector\":\"body, code\",\"action\":[\"style\",\"-webkit-touch-callout: default !important; -webkit-user-select: text !important; -moz-user-select: text !important; -ms-user-select: text !important; user-select: text !important;\"],\"cssable\":true}","{\"selector\":\"body\",\"action\":[\"style\",\"-webkit-touch-callout:text !important;-webkit-user-select:text !important;-khtml-user-select:text !important;-moz-user-select:text !important;-ms-user-select:text !important;user-select:text !important\"],\"cssable\":true}","{\"selector\":\"div[id][class][style^=\\\"position:\\\"] > div:last-child > div:last-child > ins.adsbygoogle\",\"tasks\":[[\"upward\",3]]}","{\"selector\":\"div[class=\\\"container_box content_box\\\"] > div:only-child > div:last-child > div:last-child > ins.adsbygoogle\",\"tasks\":[[\"upward\",4]]}","{\"selector\":\"div[class=\\\"container_box content_box\\\"] > div[id][class] > div:last-child > div:last-child > ins.adsbygoogle\",\"tasks\":[[\"upward\",3]]}","{\"selector\":\".ct_warn\",\"tasks\":[[\"has-text\",\"adblock\"]]}","{\"selector\":\".has-profile.post:first-child\",\"tasks\":[[\"has-text\",\"/adblock/i\"]]}","{\"selector\":\"body\",\"action\":[\"style\",\"-moz-user-select: auto !important;-ms-user-select: auto !important;-webkit-user-select: auto !important;-webkit-touch-callout: default !important;\"],\"cssable\":true}","{\"selector\":\"style\",\"action\":[\"remove\",\"\"],\"tasks\":[[\"has-text\",\"/-moz-user-select:none|@media print/\"]]}","{\"selector\":\"body\",\"action\":[\"style\",\"user-select:auto !important;-webkit-user-select:auto !important;-ms-user-select:auto !important;-moz-user-select:auto !important;-webkit-user-drag:auto !important\"],\"cssable\":true}","{\"selector\":\"body\",\"action\":[\"style\",\"overflow: auto!important\"],\"cssable\":true}","{\"selector\":\"script\",\"tasks\":[[\"has-text\",\"innerText\"]]}","{\"selector\":\".adsbygoogle\",\"action\":[\"remove\",\"\"],\"tasks\":[[\"upward\",1]]}","{\"selector\":\"body > div[id]\",\"action\":[\"style\",\"visibility: hidden !important\"],\"tasks\":[[\"matches-css\",{\"name\":\"position\",\"value\":\"^fixed$\"}]]}","{\"selector\":\".qu-overflow--hidden[style*=\\\"filter: blur\\\"]\",\"action\":[\"style\",\"filter:none !important;overflow:auto !important\"],\"cssable\":true}","{\"selector\":\"body\",\"action\":[\"style\",\"-webkit-touch-callout: default !important; -khtml-user-select: text !important; -webkit-user-select: text !important; -moz-user-select: text !important; -ms-user-select: text !important; user-select: text !important;\"],\"cssable\":true}","{\"selector\":\".select-none\",\"action\":[\"style\",\"-webkit-touch-callout: default !important; -webkit-user-select: text !important; -moz-user-select: text !important; -ms-user-select: text !important; user-select: text !important;\"],\"cssable\":true}","{\"selector\":\"*\",\"action\":[\"style\",\"-webkit-touch-callout: default!important;-webkit-user-select: auto!important;-moz-user-select: auto!important;user-select: auto!important;\"],\"cssable\":true}","{\"selector\":\"script\",\"tasks\":[[\"has-text\",\"window.carbonLoaded\"]]}","{\"selector\":\"body * :not(input):not(textarea)\",\"action\":[\"style\",\"-webkit-touch-callout: default !important; -webkit-user-select: text !important; -moz-user-select: text !important; -ms-user-select: text !important; user-select: text !important;\"],\"cssable\":true}","{\"selector\":\"*\",\"action\":[\"style\",\"-webkit-touch-callout: default!important; -webkit-user-select: auto!important; -moz-user-select: auto!important; -ms-user-select: auto!important;\"],\"cssable\":true}","{\"selector\":\"style\",\"action\":[\"remove\",\"\"],\"tasks\":[[\"has-text\",\"user-select:\"]]}","{\"selector\":\"style\",\"action\":[\"remove\",\"\"],\"tasks\":[[\"has-text\",\"unselectable\"]]}","{\"selector\":\"body\",\"action\":[\"style\",\"cursor: auto!important;\"],\"cssable\":true}","{\"selector\":\"a:hover\",\"action\":[\"style\",\"cursor: auto!important;\"],\"cssable\":true}","{\"selector\":\"body *\",\"action\":[\"style\",\"user-select: auto!important;-webkit-touch-callout: default!important;-webkit-user-select: auto!important;-moz-user-select: auto!important;-ms-user-select: auto!important;\"],\"cssable\":true}","{\"selector\":\"style\",\"action\":[\"remove\",\"\"],\"tasks\":[[\"has-text\",\"-moz-none\"]]}","{\"selector\":\"*::-webkit-scrollbar\",\"action\":[\"style\",\"width:17px !important\"],\"cssable\":true}","{\"selector\":\"*::-webkit-scrollbar-thumb\",\"action\":[\"style\",\"background:#5e5e5e !important\"],\"cssable\":true}","{\"selector\":\"style\",\"action\":[\"remove\",\"\"],\"tasks\":[[\"has-text\",\"/user-select|::selection/\"]]}","{\"selector\":\"main > div[class*=\\\"-\\\"] > div[class^=\\\"_\\\"] > div[class^=\\\"_\\\"] > div[class]\",\"tasks\":[[\"has\",{\"selector\":\"> div[class^=\\\"_\\\"]\",\"tasks\":[[\"has-text\",\"Do your part to support us\"]]}]]}","{\"selector\":\".ReactModal__Overlay--after-open:has(iframe[srcdoc], img)\",\"tasks\":[[\"has-text\",\"signing up\"]]}","{\"selector\":\".ReactModal__Overlay--after-open\",\"tasks\":[[\"has-text\",\"/Premium|Try 7 days/\"]]}","{\"selector\":\"#MainModule + div[class] > div[style^=\\\"width\\\"] > div > i[data-icon-name=\\\"OutlookLogo\\\"]\",\"tasks\":[[\"upward\",3]]}","{\"selector\":\"style\",\"action\":[\"remove\",\"\"],\"tasks\":[[\"has-text\",\"/media print|user-select:/\"]]}","{\"selector\":\"body.modal-open\",\"action\":[\"style\",\"overflow: auto !important; padding-right: 0 !important;\"],\"cssable\":true}","{\"selector\":\"html.om-position-popup body\",\"action\":[\"style\",\"overflow:auto !important\"],\"cssable\":true}","{\"selector\":\"body.tingle-enabled\",\"action\":[\"style\",\"position: static!important;overflow: auto!important;\"],\"cssable\":true}","{\"selector\":\".ad_block_detected\",\"action\":[\"style\",\"overflow: auto !important;\"],\"cssable\":true}","{\"selector\":\"form#link a.submit\",\"action\":[\"style\",\"opacity: 1 !important; pointer-events: auto !important;\"],\"cssable\":true}","{\"selector\":\"p\",\"tasks\":[[\"has-text\",\"Adblock\"]]}","{\"selector\":\"\",\"tasks\":[[\"xpath\",\"//*[contains(text(),\\\"blocker\\\")]\"]]}","{\"selector\":\"html.gnt__mo\",\"action\":[\"style\",\"overflow-y:scroll !important;pointer-events: unset !important;user-select: unset !important;margin-right: unset !important;\"],\"cssable\":true}","{\"selector\":\".adsbygoogle\",\"action\":[\"style\",\"max-height: 1px !important;left:-9999px !important;position:absolute !important\"],\"cssable\":true}","{\"selector\":\"body[style^=\\\"cursor:pointer\\\"]\",\"action\":[\"style\",\"cursor: auto!important\"],\"cssable\":true}","{\"selector\":\":not(input):not(textarea)::selection\",\"action\":[\"style\",\"background-color:Highlight!important;color:HighlightText!important\"],\"cssable\":true}","{\"selector\":\"::selection\",\"action\":[\"style\",\"background: Highlight !important; color: HighlightText !important\"],\"cssable\":true}","{\"selector\":\".line\",\"action\":[\"style\",\"-webkit-touch-callout: default !important; -webkit-user-select: text !important; -khtml-user-select: text !important; -moz-user-select: text !important; -ms-user-select: text !important; user-select: text !important; -webkit-tap-highlight-color: revert !important; cursor: revert !important;\"],\"cssable\":true}","{\"selector\":\"*\",\"action\":[\"style\",\"-webkit-touch-callout:default!important; -webkit-user-select:text!important; -moz-user-select:text!important; -ms-user-select:text!important; user-select:text!important;\"],\"cssable\":true}","{\"selector\":\"[data-lyricid]\",\"action\":[\"style\",\"user-select: text !important;\"],\"cssable\":true}","{\"selector\":\".all-lyrics\",\"action\":[\"style\",\"-webkit-user-select: text !important; -moz-user-select: text !important; -ms-user-select: text !important; user-select: text !important;\"],\"cssable\":true}","{\"selector\":\"body\",\"action\":[\"style\",\"overflow: auto !important; padding-right: 0 !important;\"],\"cssable\":true}","{\"selector\":\"*\",\"action\":[\"style\",\"-webkit-touch-callout: default !important; -webkit-user-select: text !important; -moz-user-select: text !important; -ms-user-select: text !important; user-select: text !important; cursor: auto !important\"],\"cssable\":true}","{\"selector\":\"body.disable-scroll\",\"action\":[\"style\",\"overflow: auto !important;\"],\"cssable\":true}","{\"selector\":\".modal-open\",\"action\":[\"style\",\"overflow:initial!important\"],\"cssable\":true}","{\"selector\":\"script\",\"tasks\":[[\"has-text\",\"document.oncontextmenu\"]]}","{\"selector\":\"script\",\"tasks\":[[\"has-text\",\"document.onkeydown\"]]}","{\"selector\":\"[style^=\\\"filter: blur\\\"]\",\"action\":[\"style\",\"filter: none !important\"],\"cssable\":true}","{\"selector\":\".modal-open\",\"action\":[\"style\",\"overflow: auto !important;\"],\"cssable\":true}","{\"selector\":\"section\",\"tasks\":[[\"has-text\",\"Winter-Update\"],[\"upward\",1]]}","{\"selector\":\"body, html\",\"action\":[\"style\",\"overflow: auto !important;\"],\"cssable\":true}","{\"selector\":\"style\",\"tasks\":[[\"has-text\",\"user-select: none;\"]]}","{\"selector\":\"form[id=\\\"tfnewsearch\\\"]\",\"action\":[\"remove-attr\",\"onsubmit\"]}","{\"selector\":\"form[id=\\\"tfnewsearch\\\"]\",\"action\":[\"style\",\"font-size: 0px !important;\"],\"cssable\":true}","{\"selector\":\"form[id=\\\"tfnewsearch\\\"] > input[id=\\\"val\\\"]\",\"action\":[\"style\",\"clip-path: circle(0) !important;\"],\"cssable\":true}","{\"selector\":\"body\",\"action\":[\"style\",\"cursor: revert !important; -webkit-touch-callout: default !important; -webkit-user-select: text !important; -khtml-user-select: text !important; -moz-user-select: text !important; -ms-user-select: text !important; user-select: text !important; -webkit-tap-highlight-color: revert !important;\"],\"cssable\":true}","{\"selector\":\"html, .unselectable\",\"action\":[\"style\",\"cursor: revert !important; -webkit-touch-callout: default !important; -webkit-user-select: text !important; -khtml-user-select: text !important; -moz-user-select: text !important; -ms-user-select: text !important; user-select: text !important; -webkit-tap-highlight-color: revert !important;\"],\"cssable\":true}","{\"selector\":\"*\",\"action\":[\"style\",\"cursor: revert !important; -webkit-touch-callout: default !important; -webkit-user-select: text !important; -khtml-user-select: text !important; -moz-user-select: text !important; -ms-user-select: text !important; user-select: text !important; -webkit-tap-highlight-color: revert !important;\"],\"cssable\":true}","{\"selector\":\"#game-wrap\",\"action\":[\"style\",\"-webkit-user-select: text !important; -moz-user-select: text !important; -ms-user-select: text !important; user-select: text !important;\"],\"cssable\":true}","{\"selector\":\"html\",\"action\":[\"remove-class\",\"modal-open\"],\"tasks\":[[\"watch-attr\",[\"class\"]]]}","{\"selector\":\"script\",\"tasks\":[[\"has-text\",\"checkAdblockBait\"]]}","{\"selector\":\".atomsPartialLinkLink\",\"action\":[\"style\",\"user-select: text !important;\"],\"cssable\":true}","{\"selector\":\"body\",\"action\":[\"style\",\"cursor: initial !important;\"],\"cssable\":true}","{\"selector\":\"html.show-intro-popup\",\"action\":[\"remove-class\",\"show-intro-popup\"]}","{\"selector\":\"script\",\"tasks\":[[\"has-text\",\"_0x\"]]}","{\"selector\":\"body[oncontextmenu=\\\"return false\\\"]\",\"action\":[\"remove-attr\",\"oncontextmenu\"]}","{\"selector\":\"script\",\"tasks\":[[\"has-text\",\"DisableDevtool\"]]}","{\"selector\":\":root\",\"action\":[\"style\",\"scrollbar-color: revert !important; scrollbar-width: auto !important;\"],\"cssable\":true}","{\"selector\":\"*::-webkit-scrollbar\",\"action\":[\"style\",\"height: 14px !important; width: 14px !important;\"],\"cssable\":true}","{\"selector\":\"*::-webkit-scrollbar-button\",\"action\":[\"style\",\"border-color: #A6A6A6 !important; border-style: solid !important; height:16px !important; width: 16px !important;\"],\"cssable\":true}","{\"selector\":\"*::-webkit-scrollbar-thumb\",\"action\":[\"style\",\"background: #A6A6A6 !important;\"],\"cssable\":true}","{\"selector\":\"script\",\"tasks\":[[\"has-text\",\"/oncontextmenu|devtools|stateObject|debugger/\"]]}","{\"selector\":\"#ad_box\",\"action\":[\"style\",\"height: 50px !important;\"],\"cssable\":true}","{\"selector\":\".unselectable\",\"action\":[\"style\",\"-webkit-touch-callout: default !important; -webkit-user-select: text !important; -moz-user-select: text !important; -ms-user-select: text !important; user-select: text !important; cursor: auto !important;\"],\"cssable\":true}","{\"selector\":\"html.no-scroll\",\"action\":[\"remove-class\",\"no-scroll\"]}","{\"selector\":\"html\",\"action\":[\"style\",\"-webkit-touch-callout: default !important; -webkit-user-select: text !important; -moz-user-select: text !important; -ms-user-select: text !important; user-select: text !important;\"],\"cssable\":true}","{\"selector\":\"[oncopy=\\\"return false\\\"]\",\"action\":[\"remove-attr\",\"oncopy\"]}","{\"selector\":\"#fwrapper, body\",\"action\":[\"style\",\"-webkit-touch-callout: default !important; -webkit-user-select: text !important; -moz-user-select: text !important; -ms-user-select: text !important; user-select: text !important;\"],\"cssable\":true}","{\"selector\":\".no-select\",\"action\":[\"remove-class\",\"no-select\"]}","{\"selector\":\"*\",\"action\":[\"style\",\"-webkit-touch-callout: default !important; -webkit-user-select: text !important; -moz-user-select: text !important; -ms-user-select: text !important; user-select: text !important; cursor: auto !important;\"],\"cssable\":true}","{\"selector\":\":root\",\"action\":[\"style\",\"user-select: unset !important;\"],\"cssable\":true}","{\"selector\":\"script\",\"tasks\":[[\"has-text\",\"document.onmousedown\"]]}","{\"selector\":\"shreddit-player\",\"action\":[\"remove-attr\",\"autoplay\"]}","{\"selector\":\"a:has(shreddit-player)\",\"action\":[\"remove-attr\",\"href\"]}","{\"selector\":\"script\",\"tasks\":[[\"has-text\",\"stopRefreshSite\"]]}","{\"selector\":\"[id=\\\"toggle_notification_notification-ad-blocker\\\"]\",\"tasks\":[[\"upward\",1]]}","{\"selector\":\"script\",\"tasks\":[[\"has-text\",\"nocontextmenu\"]]}","{\"selector\":\".ReactModalPortal\",\"tasks\":[[\"has-text\",\"mobile\"]]}","{\"selector\":\"script\",\"tasks\":[[\"has-text\",\"devtoolsDetector\"]]}","{\"selector\":\".l-main\",\"action\":[\"style\",\"padding-top: 13.4vw !important;\"],\"cssable\":true}","{\"selector\":\"script\",\"tasks\":[[\"has-text\",\"contextmenu\"]]}","{\"selector\":\"#description\",\"action\":[\"style\",\"user-select: initial !important;\"],\"cssable\":true}","{\"selector\":\"script\",\"tasks\":[[\"has-text\",\"/contextmenu|devtool/\"]]}","{\"selector\":\"script\",\"tasks\":[[\"has-text\",\"preventDefault\"]]}","{\"selector\":\"::selection\",\"action\":[\"style\",\"background-color:#338FFF!important\"],\"cssable\":true}","{\"selector\":\"section.lyric_lyric\",\"action\":[\"style\",\"user-select: text !important; -webkit-user-select: text !important; -moz-user-select: text !important; -khtml-user-select: text !important; -webkit-user-drag: auto !important; -khtml-user-drag: auto !important; -webkit-touch-callout: auto !important; -moz-touch-callout: auto !important;\"],\"cssable\":true}","{\"selector\":\"body > div > section.default\",\"action\":[\"style\",\"cursor: revert !important;\"],\"cssable\":true}","{\"selector\":\"div.body-container\",\"action\":[\"style\",\"cursor: revert !important;\"],\"cssable\":true}","{\"selector\":\"script[id=\\\"jquery-core-js-after\\\"]\",\"tasks\":[[\"has-text\",\"e.preventDefault();\"]]}","{\"selector\":\"body\",\"action\":[\"style\",\"cursor: revert !important;\"],\"cssable\":true}","{\"selector\":\"button[type=\\\"submit\\\"]\",\"action\":[\"remove-attr\",\"disabled\"]}","{\"selector\":\".swal2-shown\",\"action\":[\"remove-class\",\"swal2-shown\"]}","{\"selector\":\".aui-modal-open, .modal-open\",\"action\":[\"style\",\"overflow:unset!important\"],\"cssable\":true}","{\"selector\":\".confirm\",\"tasks\":[[\"has-text\",\"AdBlocker\"]]}","{\"selector\":\".under-map-wrapper\",\"tasks\":[[\"upward\",1]]}","{\"selector\":\":root\",\"action\":[\"style\",\"-webkit-touch-callout: default !important; -webkit-user-select: text !important; -moz-user-select: text !important; -ms-user-select: text !important; user-select: text !important;\"],\"cssable\":true}","{\"selector\":\"[oncontextmenu=\\\"return false;\\\"]\",\"action\":[\"remove-attr\",\"oncontextmenu\"]}","{\"selector\":\"*\",\"action\":[\"style\",\"cursor:unset!important;user-select:unset!important\"],\"cssable\":true}","{\"selector\":\"div.Message.is-protected\",\"action\":[\"style\",\"-webkit-touch-callout: default !important; -webkit-user-select: text !important; -moz-user-select: text !important; -ms-user-select: text !important; user-select: text !important;\"],\"cssable\":true}","{\"selector\":\".modal-open\",\"action\":[\"style\",\"overflow:unset!important\"],\"cssable\":true}","{\"selector\":\"*\",\"action\":[\"style\",\"-webkit-touch-callout: default !important; -webkit-user-select: text !important; -khtml-user-select: text !important; -moz-user-select: text !important; -ms-user-select: text !important; user-select: text !important; -webkit-tap-highlight-color: revert !important; cursor: revert !important;\"],\"cssable\":true}","{\"selector\":\"body *\",\"action\":[\"style\",\"user-select: unset !important\"],\"cssable\":true}","{\"selector\":\".elementor-top-column h6\",\"tasks\":[[\"has-text\",\"advertisement\"],[\"upward\",\".elementor-top-column\"]]}","{\"selector\":\"*\",\"action\":[\"style\",\"user-select: text !important; -ms-user-select: text !important; -moz-user-select: text !important; -khtml-user-select: text !important; -webkit-user-select: text !important; -webkit-touch-callout: default !important;\"],\"cssable\":true}","{\"selector\":\"#page\",\"action\":[\"style\",\"-webkit-touch-callout: default !important; -webkit-user-select: text !important; -moz-user-select: text !important; -ms-user-select: text !important; user-select: text !important;\"],\"cssable\":true}","{\"selector\":\"*\",\"action\":[\"style\",\"-webkit-touch-callout: default !important; -webkit-user-select: text !important; -moz-user-select: text !important; -ms-user-select: text !important; user-select: text !important; -webkit-tap-highlight-color: revert !important;\"],\"cssable\":true}","{\"selector\":\"body\",\"action\":[\"style\",\"user-select: text !important; -ms-user-select: text !important; -moz-user-select: text !important; -khtml-user-select: text !important; -webkit-user-select: text !important; -webkit-touch-callout: default !important;\"],\"cssable\":true}","{\"selector\":\"*\",\"action\":[\"style\",\"cursor: revert !important; -webkit-touch-callout: default !important; -webkit-user-select: text !important; -khtml-user-select: text !important; -moz-user-select: text !important; -ms-user-select: text !important; user-select: text !important;\"],\"cssable\":true}","{\"selector\":\"#maincontent\",\"action\":[\"style\",\"user-select: text !important; -webkit-user-select: text !important; -moz-user-select: text !important; -ms-user-select: text !important; -o-user-select: text !important;\"],\"cssable\":true}","{\"selector\":\"body\",\"action\":[\"remove-attr\",\"oncontextmenu\"]}","{\"selector\":\"body\",\"action\":[\"remove-attr\",\"/onselectstart|oncopy|oncontextmenu/\"]}","{\"selector\":\"*\",\"action\":[\"remove-attr\",\"oncontextmenu\"]}","{\"selector\":\"body\",\"action\":[\"remove-attr\",\"/oncopy|oncut|onpaste/\"]}","{\"selector\":\"body[style*=\\\"overflow\\\"] > div[class]:has(> #passport-modal-overlay)\",\"action\":[\"style\",\"opacity: 0 !important; visibility: collapse !important;\"],\"cssable\":true}","{\"selector\":\"body[style*=\\\"overflow\\\"]:has(> div[class] > #passport-modal-overlay)\",\"action\":[\"style\",\"overflow: auto !important; position: relative !important; padding-right: 0px !important; inset: unset !important;\"],\"cssable\":true}","{\"selector\":\"body\",\"action\":[\"remove-attr\",\"contextmenu\"]}","{\"selector\":\".loading-text\",\"action\":[\"remove-class\",\"loading-text\"]}","{\"selector\":\"body *:not(input):not(textarea)\",\"action\":[\"style\",\"user-select: text !important; -ms-user-select: text !important; -moz-user-select: text !important; -khtml-user-select: text !important; -webkit-user-select: text !important; -webkit-touch-callout: default !important;\"],\"cssable\":true}","{\"selector\":\"body * :not(input):not(textarea)\",\"action\":[\"style\",\"user-select: text !important; -ms-user-select: text !important; -moz-user-select: text !important; -khtml-user-select: text !important; -webkit-user-select: text !important; -webkit-touch-callout: default !important;\"],\"cssable\":true}","{\"selector\":\".erc-existing-profile-onboarding-modal > div[class^=\\\"modal-portal__overlay\\\"]\",\"action\":[\"style\",\"visibility: hidden !important;\"],\"cssable\":true}","{\"selector\":\"body[class^=\\\"scroll-block--is-blocked\\\"]\",\"action\":[\"remove-class\",\"/scroll-block--is-blocked/\"]}","{\"selector\":\".novel-box :not(a)\",\"action\":[\"style\",\"user-select: text !important; -ms-user-select: text !important; -moz-user-select: text !important; -khtml-user-select: text !important; -webkit-user-select: text !important; -webkit-touch-callout: default !important;\"],\"cssable\":true}","{\"selector\":\".superpowerlol::before\",\"action\":[\"style\",\"content: unset !important;\"],\"cssable\":true}","{\"selector\":\"div[oncopy]\",\"action\":[\"remove-attr\",\"/oncopy|oncut|onpaste/\"]}","{\"selector\":\"body[oncontextmenu=\\\"return!1\\\"]\",\"action\":[\"remove-attr\",\"oncontextmenu\"]}","{\"selector\":\".body--prevent-scroll\",\"action\":[\"style\",\"overflow: auto !important;\"],\"cssable\":true}","{\"selector\":\".forbidden_select\",\"action\":[\"remove-class\",\"forbidden_select\"]}","{\"selector\":\".track_back\",\"action\":[\"style\",\"background: unset !important;\"],\"cssable\":true}","{\"selector\":\".pg_main2, .panel_main, .panel_border2\",\"action\":[\"style\",\"background: unset !important; user-select: text !important; -ms-user-select: text !important; -moz-user-select: text !important; -khtml-user-select: text !important; -webkit-user-select: text !important; -webkit-touch-callout: default !important;\"],\"cssable\":true}","{\"selector\":\".td-post-content, .td-post-title\",\"action\":[\"style\",\"user-select: text !important; -ms-user-select: text !important; -moz-user-select: text !important; -khtml-user-select: text !important; -webkit-user-select: text !important; -webkit-touch-callout: default !important;\"],\"cssable\":true}","{\"selector\":\"html\",\"action\":[\"style\",\"user-select: text !important; -ms-user-select: text !important; -moz-user-select: text !important; -khtml-user-select: text !important; -webkit-user-select: text !important; -webkit-touch-callout: default !important;\"],\"cssable\":true}","{\"selector\":\"div.confuse\",\"action\":[\"remove\",\"\"]}","{\"selector\":\".m-content#chapter .chapter-content p\",\"action\":[\"style\",\"cursor: revert !important; -webkit-touch-callout: default !important; -webkit-user-select: text !important; -khtml-user-select: text !important; -moz-user-select: text !important; -ms-user-select: text !important; user-select: text !important; -webkit-tap-highlight-color: revert !important;\"],\"cssable\":true}","{\"selector\":\":not(input):not(textarea)::selection\",\"action\":[\"style\",\"background-color: #338FFF !important; color: white !important;\"],\"cssable\":true}","{\"selector\":\"body\",\"action\":[\"style\",\"-webkit-touch-callout: default !important; -webkit-user-select: text !important; -khtml-user-select: text !important; -moz-user-select: text !important; -ms-user-select: text !important; user-select: text !important; -webkit-tap-highlight-color: revert !important; cursor: revert !important;\"],\"cssable\":true}","{\"selector\":\":root\",\"action\":[\"style\",\"-webkit-touch-callout: default !important; -webkit-user-select: text !important; -khtml-user-select: text !important; -moz-user-select: text !important; -ms-user-select: text !important; user-select: text !important; -webkit-tap-highlight-color: revert !important; cursor: revert !important;\"],\"cssable\":true}","{\"selector\":\"body * :not(input):not(textarea)\",\"action\":[\"style\",\"-webkit-touch-callout: default !important; -webkit-user-select: text !important; -khtml-user-select: text !important; -moz-user-select: text !important; -ms-user-select: text !important; user-select: text !important; -webkit-tap-highlight-color: revert !important; cursor: revert !important;\"],\"cssable\":true}","{\"selector\":\"body\",\"action\":[\"remove-class\",\"has-marketing-bar\"]}","{\"selector\":\".right-sidebar\",\"action\":[\"style\",\"right: 0 !important\"],\"cssable\":true}","{\"selector\":\"body\",\"action\":[\"style\",\"cursor: revert !important\"],\"cssable\":true}","{\"selector\":\"body\",\"action\":[\"style\",\"-webkit-user-select:text !important; -moz-user-select:text !important; user-select:text !important\"],\"cssable\":true}"],"selectorLists":["0","1","2","186,3","4","274,5","6","7","8,9","10,164","11","12","13","14,89","15,174","16","17,32","18,183,59","19","20","21,28","22,69","23","24","185,25","26","27,29","30","31","33","34","35","36","37","38","115,39","171,40","157,158,192,41,42","43","44","45","46,47","48","49","50","51","52","53","54","55","56","57","170,58","60","61","62","63,67","64,97","65","66,76","185,68","70","185,71","116,72","165,166,73","74","75","77,82","78","79","159,80,81","83","84","85","86","87","201,88","90","91","92","93","94","95","96","98","99","100","101","102","103","104","105,106","107","108,187","108","109","110","111","112","113","114","117","118,119","120","121","122,123","124","125,126","127","128","129","130,131","132","133","134","135","136","137","138","139","140","141","142","143","144","145","146","147","148","149","150","151","152,169","153","154","155","156","160","161","162","163","167","168","172","173","175","176","177","178","179","180","181","182","183","183,187","184","185","185,324","186","187","187,308","187,206","187,253","187,204","188","189","189,255","190","191","192","193","194","194,253","194,202","195","196","197","198","199","200","201","202","203","205","206","207","208","209","210","211","212","213","214","215","216","217","218,219","220","221","221,265","221,288","221,298","221,302","221,348","221,383","221,392,398","221,413","221,259","221,441","222","223","224,225","226","227","227,298","228","229","230","231","232","233","234","235","235,298","235,445","236","237","238","239,240,241,242,243,244,245","244","246","247","248","249","250","251,252,351","253","254","256,257,258","259","259,402","260","261","262","263","264","265","265,313","265,457","266","267","268,269","270","271","272","273","275","276","277","278","279","280,281","-283,-284","284","285","286","287","288","289","290","290,440","291","292,293","293,389","294","295","296","297","298,312","298,313","298","298,403","298,402","298,402,404","298,404","298,357,404","298,457","299","300","301","303,304,305","306","307","309","310","311","313","314","315","316","317","318","319","320","321","322","323","325","326,327,328","329","330","331","332","333","334,335","334","336","337","338","339,340,341","342","343","344","345","346","347","349,350","352","353","354","355","356","356,433","358","359","360,361","362","363","364,365","366","367,368,369","370","371","372","373","374","375","376","377","378","379","380","381","382","384","385","386","387","388","390","391","392","393","394","395","396,397","399,400,401","402","404","405","406","407","408","409,410","410","411,412","413","414,415,416,417","418","419","420","421","422","423","424","425","426","427","428","429,430","431","432","434","435","-437","437","438","439","440","441,460","441,457","442","443","444","446","446,466","447","448","449","450","451","452","453","454","455","456","457","458,459","460","460,468","461","462","463","463,472","464","465","467","469","470,471","473","474","475","476,477","478,479,480","481","482","483,484,485","486","487","488","489","490","491","492","493","494","495","496","497"],"selectorListRefs":[372,277,192,106,168,198,416,59,69,222,156,377,287,198,333,198,174,76,180,198,159,159,165,159,159,282,28,55,159,153,349,371,159,158,153,198,170,153,147,421,198,72,435,19,156,359,156,171,280,356,113,381,179,183,183,183,183,156,184,156,183,10,418,282,159,156,246,179,402,198,158,416,156,179,159,198,264,365,78,156,358,198,32,2,404,337,201,198,198,390,250,401,98,125,198,213,159,153,153,134,198,213,159,406,235,198,159,70,156,165,133,198,292,164,282,198,198,18,171,214,393,156,199,221,396,422,156,310,376,159,159,153,186,198,267,267,229,362,71,24,210,156,198,102,282,256,392,253,374,53,222,195,167,198,198,114,198,222,198,428,281,63,159,168,213,155,434,342,217,282,159,447,159,418,156,135,284,198,198,165,198,268,262,282,198,289,267,213,32,0,198,304,159,156,255,198,266,153,159,369,198,198,198,379,198,159,391,290,286,238,198,159,335,246,234,345,101,282,159,282,156,56,156,231,250,222,198,198,198,156,436,284,109,198,158,5,198,293,198,296,35,171,155,416,159,198,247,155,159,387,284,153,62,284,156,156,183,118,170,119,284,179,198,271,163,282,198,198,180,416,191,128,159,177,328,353,420,375,198,314,198,213,352,196,213,198,233,156,8,171,222,198,267,424,362,362,198,64,156,159,419,332,431,153,159,159,213,309,280,418,156,422,198,153,67,282,215,306,320,282,159,228,244,57,153,16,246,198,159,171,159,155,198,282,362,9,155,68,213,159,153,213,291,159,211,282,165,156,159,191,363,198,329,153,198,212,156,282,159,282,223,183,183,183,183,282,284,282,260,364,416,156,159,46,159,394,153,60,159,354,198,303,361,357,156,409,198,282,171,397,184,219,179,222,301,156,156,221,159,159,267,170,373,159,333,203,155,153,143,155,156,198,209,362,156,350,153,282,438,88,385,74,198,386,180,159,182,232,386,225,198,153,198,161,13,338,249,282,21,152,153,198,254,11,327,361,407,103,241,171,440,322,112,156,282,415,252,282,159,171,159,282,220,156,282,198,425,229,282,239,269,156,121,159,318,212,61,176,159,159,153,442,130,179,165,159,156,153,282,155,169,171,198,198,366,110,383,159,31,159,232,406,198,232,198,42,159,179,443,165,315,155,198,362,31,302,156,23,44,406,150,198,159,362,165,179,282,246,218,367,198,360,31,159,17,156,282,201,198,222,153,198,156,156,156,156,156,156,156,156,156,156,156,156,156,156,156,156,156,156,156,156,156,156,156,156,156,156,399,159,308,156,216,193,199,95,159,179,281,294,155,227,38,159,83,159,382,156,406,82,326,198,221,246,416,400,229,295,282,206,439,418,311,153,282,213,171,171,171,171,171,208,156,282,416,406,185,122,6,221,282,158,221,198,198,126,12,319,153,175,159,49,213,159,416,282,199,395,3,159,159,75,153,317,263,166,398,87,170,198,362,159,171,153,159,213,418,148,168,248,261,155,153,416,159,26,279,198,156,406,336,282,153,239,153,153,344,159,156,198,198,20,432,330,159,1,245,7,323,416,281,107,198,156,165,282,111,156,213,198,156,198,437,115,307,116,159,159,171,205,198,198,153,282,288,198,171,188,171,282,58,226,171,155,202,258,198,168,350,406,198,427,422,282,282,156,198,198,284,172,159,411,198,165,232,156,229,194,199,340,156,159,417,156,325,198,132,158,50,198,36,198,275,281,213,198,198,403,270,153,198,184,173,156,243,353,156,213,157,298,198,168,198,43,204,280,213,282,198,159,306,389,104,281,165,156,227,384,156,156,312,100,331,156,159,93,213,165,274,229,282,205,120,288,165,198,300,232,153,153,229,198,159,405,158,129,348,159,198,341,153,158,198,159,179,156,198,416,190,191,213,137,159,97,280,159,282,426,159,198,282,191,142,368,181,242,222,156,165,165,282,282,156,282,414,282,171,198,198,282,222,221,265,153,153,65,159,156,40,441,198,153,413,430,77,159,30,156,159,222,418,66,284,90,222,305,300,81,155,84,446,249,198,156,333,198,159,159,91,259,237,339,156,159,221,282,204,171,92,282,410,282,159,198,159,282,79,127,221,296,198,198,198,171,155,30,378,99,153,37,207,159,138,165,347,155,159,232,159,73,156,156,208,283,52,154,165,144,159,222,159,222,159,155,156,198,230,198,153,34,282,159,155,171,198,153,284,412,282,160,158,198,224,158,282,283,156,282,324,96,156,158,155,131,45,282,240,198,136,282,165,159,31,198,94,159,141,153,51,27,333,30,14,418,159,285,165,155,165,165,145,153,149,187,198,236,251,31,159,282,351,246,155,159,198,380,198,30,198,198,246,15,178,282,350,117,30,48,282,282,272,229,159,169,31,47,171,222,386,343,156,444,278,139,257,222,448,156,89,153,282,146,282,158,4,156,179,416,416,282,151,159,25,156,198,198,155,105,159,197,284,156,276,162,282,334,156,124,153,158,159,156,198,159,201,156,328,370,198,282,165,297,282,198,282,39,156,155,198,316,198,165,321,165,282,198,286,159,423,159,159,221,171,213,198,361,273,153,169,159,33,367,85,211,108,282,153,171,284,198,198,123,433,198,156,333,159,171,171,191,189,159,184,198,41,29,159,313,140,158,156,306,282,346,191,153,198,159,198,282,299,171,170,86,153,282,159,156,165,179,155,222,222,445,156,171,158,155,286,191,155,80,284,198,155,198,155,159,22,408,198,374,54,429,198,355,155,191,159,198,388,200,211],"hostnames":["pl","ef.com","evz.ro","ew.com","ftm.eu","mio.to","pap.pl","qz.com","rd.com","tfp.is","tsc.ca","tv2.no","vol.at","wjx.cn","appd.at","boop.pl","capx.co","cjr.org","cnn.com","csid.ro","dsw.com","ello.co","gcn.com","gwr.com","hcn.org","ibps.in","ign.com","inc.com","jns.org","law.com","mail.tm","mgsm.pl","nfm.com","npr.org","omr.com","riie.jp","time.is","tivi.fi","vox.com","with.is","wjx.top","aarp.org","abema.tv","balls.ie","cars.com","coub.com","dell.com","fwrd.com","gakki.me","google.*","gript.ie","hket.com","ionos.de","jumia.ci","jumia.ma","jumia.sn","jumia.ug","levi.com","liga.net","lull.com","mofi.com","phys.org","rds.live","rukim.id","syfy.com","temu.com","tepat.id","trip.com","tuta.com","ufret.jp","vice.com","2mnews.ro","6sqft.com","abcya.com","abeka.com","adpres.ro","ahzaa.net","airbnb.de","axios.com","build.com","cataz.net","cespun.eu","chron.com","coder.com","edurev.in","faloo.com","fmovies.*","invado.pl","jootc.com","jpost.com","kimovil.*","linkco.re","lowes.com","neo4j.com","news24.jp","newsme.gr","njbiz.com","nycgo.com","patch.com","pcmag.com","peekme.cc","pehawe.me","petri.com","pling.com","quora.com","readm.org","rktbns.de","salon.com","scetv.org","shape.com","slate.com","sogou.com","sythe.org","thefp.com","tiempo.hn","turbo1.co","uemeds.cn","us500.com","vat19.com","velicu.eu","vidmoly.*","wafuu.com","world4.eu","yeane.org","zelka.org","zigya.com","zumub.com","8muses.com","adslink.pw","apnews.com","ardene.com","artnet.com","aulart.com","cafago.com","camcaps.io","camcaps.to","clujust.ro","crewus.net","ctpost.com","decrypt.co","deezer.com","delish.com","depedlps.*","dlnews.com","drkrok.com","ecosia.org","embibe.com","enotes.com","entra.news","esports.gg","fizyka.org","flickr.com","forbes.com","g37.com.br","gomovies.*","guitar.com","hienzo.com","hitcena.pl","igniel.com","indeed.com","jnews5.com","kotaku.com","latina.com","launer.com","lofter.com","matomo.org","myntra.com","naaree.com","neobux.com","newspao.gr","numero.com","odysee.com","parent.com","partsnl.nl","pbteen.com","people.com","piklodz.pl","pixnet.net","polyvsp.ru","posylka.de","qidian.com","quotev.com","reddit.com","riwyat.com","rodude.com","sanspo.com","sbface.com","sdewery.me","sfgate.com","suppose.tv","tiktok.com","tileman.io","toysrus.ca","trutone.ca","tunein.com","utamap.com","utaten.com","vedbex.com","vernyx.com","wormate.io","wpchen.net","yamibo.com","youmath.it","zunda.site","123movies.*","404media.co","9now.com.au","allocine.fr","anascrie.ro","behance.net","bianity.net","biglots.com","bimiacg.net","boke112.com","bookbub.com","buondua.com","cheknews.ca","clockks.com","contiki.com","day-hoc.org","deskhero.ca","dexerto.com","dgmlive.com","diffnow.com","dostfilms.*","dramacute.*","elahmad.com","epitesti.ro","erexams.com","esquire.com","esscctv.com","ezmanga.net","finsmes.com","flipmsg.com","forward.com","foxnews.com","funivie.org","gamegame.kr","gamezop.com","geotips.net","gizmodo.com","glasses.com","hdwalle.com","hiphopa.net","history.com","hongxiu.com","hulnews.top","hypebot.com","idsnews.com","ilife97.com","infokik.com","insauga.com","inverse.com","jafekri.com","jolinne.com","journeys.ca","jumia.co.ke","jweekly.com","kbdfans.com","kerrang.com","koltry.life","lapresse.ca","lataifas.ro","livedays.jp","macleans.ca","maduras.vip","magesypro.*","mangatoon.*","milenio.com","nettv4u.com","newsbook.pl","newswire.ca","nimsdai.com","nobroker.in","novelism.jp","novelza.com","nsfw247.biz","ntuplay.xyz","ntvspor.net","nytimes.com","otakudesu.*","panorama.it","payskip.org","pinterest.*","poipiku.com","poli-vsp.ru","quizlet.com","relieved.co","reuters.com","revolve.com","runmods.com","satcesc.com","sbbrisk.com","shaalaa.com","shinbhu.net","shinchu.net","starbene.it","stuff.co.nz","stylewe.com","tapinto.net","teachoo.com","teamkong.tk","techgyd.com","theblock.co","thehill.com","thespec.com","tinyppt.com","trakteer.id","tunegate.me","tv.bdix.app","tweeters.ca","unic.com.vn","vedantu.com","vegnews.com","weather.com","winmeen.com","wotlabs.net","xossipy.com","1fichier.com","afrikmag.com","allbirds.com","athletic.net","autoblog.com","autonews.com","bandt.com.au","bigthink.com","bigulnews.tv","bisablog.com","bitcoinke.io","bwpsales.com","bygonely.com","chillamo.com","ciweimao.com","codedosa.com","crewbase.net","dailydot.com","daphneoz.com","demstate.com","descopera.ro","digital4.biz","dispatch.com","dollarvr.com","duolingo.com","elimento.com","facebook.com","filmzone.com","fine-day.com","fruugo.co.uk","fxstreet.com","gay69.stream","getlatka.com","ggulpass.com","gnt24365.net","greatist.com","habuteru.com","hindi-gk.com","homehacks.co","ieltsliz.com","inquirer.com","jbjbgame.com","joysound.com","jumia.com.eg","jumia.com.gh","jumia.com.ng","jumia.com.tn","kaystls.site","kolnovel.com","kritichno.bg","kurazone.net","lamusica.com","liddread.com","lilysilk.com","linenbee.com","linuxiac.com","logitech.com","macaro-ni.jp","magiclen.org","mashable.com","modesens.com","novelpia.com","novelpub.com","odoserwis.pl","olacast.live","oricon.co.jp","otterbox.com","photopea.com","picallow.com","pitesti24.ro","pitviper.com","playertv.net","protocol.com","proxfree.com","rakentaja.fi","raqmedia.com","relet365.com","seeitlive.co","shop.pbs.org","sigma4pc.com","statista.com","statnews.com","streamsb.net","studyflix.de","substack.com","swissinfo.ch","techsini.com","th-world.com","thecanary.co","thecradle.co","theskimm.com","thurrott.com","tiedex.co.uk","tritinia.com","tweakers.net","ultraten.net","upworthy.com","usatoday.com","uusisuomi.fi","visse.com.br","volokit2.com","wareable.com","webnovel.com","wisegeek.com","yhocdata.com","7misr4day.com","addapinch.com","aihome.com.my","arcade1up.com","askubuntu.com","audiotools.in","aulete.com.br","autophorie.de","ba-bamail.com","blog.csdn.net","brighteon.com","byteofdev.com","cheatsquad.gg","chowhound.com","coffeeapps.ir","commoncog.com","cultofmac.com","curiocity.com","dddance.party","digicular.com","e360.yale.edu","enttechub.com","eplayer.click","expquebec.com","faithwire.com","fantricks.com","fitnessav.com","foxteller.com","fraudnavi.com","freethink.com","geizdental.de","getective.com","groundies.com","hardware.info","hellokpop.com","heraldnet.com","hockeylion.ca","impulkits.com","infodifesa.it","instagram.com","investors.com","iptv4best.com","irisbuddies.*","justspices.de","kangkimin.com","kapitalis.com","kpopjjang.com","lectortmo.com","leevalley.com","levernews.com","liamodell.com","liveroger.com","livetennis.it","manofmany.com","mbt-store.com","mediadump.com","newsnationnow","nieuwsblad.be","nihongoaz.com","notthebee.com","nutrifitt.com","oneesports.gg","outsports.com","overstock.com","playpilot.com","plural.jor.br","prepinsta.com","publish0x.com","pv-magazine.*","readnovel.com","sachonthi.com","safirsoft.com","sherwood.news","shortform.com","skepchick.org","skyhinews.com","spring.org.uk","stackapps.com","store.kde.org","suedkurier.de","superuser.com","themes-dl.com","themirror.com","therecord.com","tietoevry.com","torontosom.ca","tripsavvy.com","trucksbook.eu","ubitennis.com","unikampus.net","uniqueten.net","vaildaily.com","wikibious.com","www.razer.com","www.yahoo.com","wyseguide.com","xfce-look.org","yourstory.com","adnan-tech.com","allbirds.co.nz","allcryptoz.net","allrecipes.com","aminoporssi.fi","ananda-yoga.ro","androidacy.com","androidmtk.com","anime-drama.jp","arlinadzgn.com","artstation.com","aspentimes.com","atelierskn.com","babylonbee.com","bankbazaar.com","bigdatauni.com","bingotingo.com","blog.naver.com","bolugundem.com","boredpanda.com","cafe.naver.com","calvinklein.at","calvinklein.be","calvinklein.bg","calvinklein.ch","calvinklein.cz","calvinklein.de","calvinklein.dk","calvinklein.ee","calvinklein.es","calvinklein.fi","calvinklein.fr","calvinklein.hr","calvinklein.hu","calvinklein.ie","calvinklein.it","calvinklein.lt","calvinklein.lu","calvinklein.lv","calvinklein.nl","calvinklein.pl","calvinklein.pt","calvinklein.ru","calvinklein.se","calvinklein.si","calvinklein.sk","dailyvoice.com","daotranslate.*","dollartree.com","dreamstime.com","drinkspy.co.nz","droidtekno.com","e-panigiria.gr","edailybuzz.com","eltecolote.org","envol-vert.org","europesnus.com","evreporter.com","extreme-down.*","fandomwire.com","fanfiction.net","ffrfaction.org","foodsalive.com","freedomnews.tv","freshbooks.com","genesistls.com","globoshoes.com","gnome-look.org","heatpumped.org","hotcleaner.com","ideaberita.com","ilturista.info","indiatimes.com","infotrucker.ro","iptvromania.ro","isikuota.co.id","iwanichi.co.jp","javsubtitle.co","jpopsingles.eu","karistudio.com","karsaz-law.com","katosatoshi.jp","kauppalehti.fi","kicknews.today","kimkazandi.com","kitchentime.de","kitchentime.dk","kitchentime.fi","kitchentime.no","kitchentime.se","klartext-ne.de","landyachtz.com","learninsta.com","lemon8-app.com","linux-apps.com","logicool.co.jp","londonpass.com","marketbeat.com","mbahhanif.site","moneyexcel.com","monroenews.com","musixmatch.com","myhtebooks.com","nana-music.com","newsroom.co.nz","nzherald.co.nz","online2pdf.com","projectcbd.org","prompthero.com","pushmycart.com","qcitymetro.com","readawrite.com","readtangle.com","rivestream.org","rozbor-dila.cz","seotechman.com","seriesperu.com","sfstandard.com","shutterfly.com","snackstack.net","stackabuse.com","talouselama.fi","taufiqhdyt.com","techopedia.com","thebaffler.com","themeslide.com","thenewlede.org","thethaiger.com","thezealots.org","topcryptoz.net","torpedo7.co.nz","treblezine.com","uinterview.com","vallejosun.com","verselemzes.hu","videocardz.com","washington.edu","webpronews.com","whoisnovel.com","www.reddit.com","zerobreeze.com","zorbabooks.com","all4pets.com.pl","allbirds.com.au","amgreatness.com","android1pro.com","androidtvbox.eu","apotekfordeg.no","appimagehub.com","appofmirror.com","arcanescans.com","audioholics.com","awebstories.com","bellhelmets.com","bibleportal.com","blogpascher.com","brandingmag.com","calvinklein.com","cambiarevita.eu","convenienza.com","crunchydata.com","crunchyroll.com","cssreference.io","cube-magazin.de","dailygalaxy.com","dailymail.co.uk","dailystar.co.uk","elektrikmen.com","espressocafe.ro","famousintel.com","fastcompany.com","flinsetyadi.com","flovitamins.com","foodandwine.com","formatatmak.com","foxandbriar.com","frontrunners.ca","gagetmatome.com","gaypornwave.com","grocerydive.com","gsmfirmware.net","hansa-online.de","heraldextra.com","hibiki-radio.jp","hot-dinners.com","ipowerqueen.com","justthenews.com","kitchentime.com","kooora4livs.com","koszalincity.pl","langitmovie.com","lensculture.com","licensekeys.org","loginhit.com.ng","loveplay123.com","magnumboots.com","market.samm.com","medcitynews.com","mediahiburan.my","mensjournal.com","mercurynews.com","metrocheese.com","moneymagpie.com","music.apple.com","myanimelist.net","ne10.uol.com.br","newrepublic.com","northjersey.com","opendesktop.org","panda-novel.com","pendulumedu.com","playingfire.com","poolpiscina.com","primicia.com.ve","publiclands.com","qiangwaikan.com","read.amazon.com","reborntrans.com","revolvermag.com","ringkestore.com","romprovider.com","sekaikomik.live","seriouseats.com","serverfault.com","shop.libbey.com","sinau-thewe.com","socialblade.com","software-on.com","spanishdict.com","sportskeeda.com","spotlightpa.org","streambuddy.net","sunrisegeek.com","teamaretuza.com","techdracula.com","theatlantic.com","thebulletin.org","thecooldown.com","thegearhunt.com","theguardian.com","thenekodark.com","therealdeal.com","tvshowstars.com","two9success.com","ukrainashop.com","uslsoftware.com","venturebeat.com","warungkomik.com","wateronline.com","webnovelpub.com","wenku.baidu.com","worldcrunch.com","yesmagazine.org","yoututosjeff.es","acupoffrench.com","animalchannel.co","arenavalceana.ro","atlasobscura.com","aviationweek.com","bagaglioamano.io","bemoneyaware.com","bloggerspice.com","bravenewcoin.com","bumigemilang.com","cabinetexpert.ro","canondrivers.org","celebzcircle.com","celtadigital.com","dailytarheel.com","dreamsfriend.com","embed.reddit.com","entrepreneur.com","eurooptyk.com.pl","expatexplore.com","explorersweb.com","fictionpress.com","firmwarefile.com","foliosociety.com","generalpants.com","gridcoinstats.eu","haitiantimes.com","hardcoregames.ca","headphonebar.com","hiddenvalley.com","historiccity.com","husseinezzat.com","investopedia.com","kamerabudaya.com","katzen-fieber.de","kitchennovel.com","kooora4lives.net","laravel-news.com","lokercirebon.com","lonelyplanet.com","magelang1337.com","malasngeblog.com","mathoverflow.net","media4growth.com","moneycontrol.com","myschool-eng.com","nandedbazaar.com","natlawreview.com","ncrtsolutions.in","newbalance.co.id","notateslaapp.com","nusantararom.org","ohsweetbasil.com","outidesigoto.com","outlook.live.com","pbsamerica.co.uk","poconorecord.com","polskacanada.com","psychcentral.com","psychiatrist.com","pulseuniform.com","repack-games.com","romaniadeazi.biz","rprealtyplus.com","sabishiidesu.com","savoriurbane.com","sciencenorway.no","securityweek.com","seekingalpha.com","sertracen.com.pa","simmiwoman.co.uk","sinhasannews.com","studiestoday.com","summitracing.com","tabonitobrasil.*","tech-recipes.com","techtrickseo.com","texastribune.org","thailandopen.org","thedisconnect.co","theintercept.com","tohkaishimpo.com","tradedepot.co.nz","tsunagujapan.com","verywellmind.com","viewsofgreece.gr","visefierbinti.ro","vitaminworld.com","voxvalachorum.ro","web.telegram.org","wikiofcelebs.com","wilcooffroad.com","wouterplanet.com","zdravenportal.eu","ziarulargesul.ro","androidmakale.com","answersafrica.com","apps.jeurissen.co","auepaisagismo.com","auepaisajismo.com","bakerbynature.com","ballantynes.co.nz","berkeleyearth.org","bitcoinsensus.com","blog.tangwudi.com","book.zongheng.com","braziljournal.com","brokensilenze.net","brooklyneagle.com","brooklynvegan.com","bucketlistly.blog","calgaryherald.com","calvinklein.co.uk","carboncredits.com","citpekalongan.com","classnotes.org.in","cockroachlabs.com","counciloflove.com","creepycatalog.com","daily-tohoku.news","daimangajiten.com","datadikdasmen.com","emobilityplus.com","fatgirlskinny.net","finance.yahoo.com","flightradar24.com","foreignpolicy.com","geeksoncoffee.com","harborfreight.com","hitproversion.com","hollywoodmask.com","house.suntory.com","humankinetics.com","iheartrecipes.com","imaginetricks.com","insidesources.com","janvissersweer.nl","jessicabryson.com","jewishinsider.com","jobsbotswana.info","jornaljoca.com.br","labs.j-novel.club","lakshmistores.com","lemonblossoms.com","liveyourmaths.com","marinetraffic.com","media.framu.world","milwaukeetool.com","minecraftquiz.com","networldsports.ca","neuroteam-metz.de","news.stanford.edu","newsroom.ucla.edu","nfltraderumors.co","novelasligera.com","nullphpscript.com","objectivequiz.com","oceanof-games.com","olaproducts.co.nz","otisoatmilk.co.nz","ottawacitizen.com","phimlongtieng.net","politicalwire.com","prowritingaid.com","reclaimthenet.org","scarysymptoms.com","scottishlegal.com","sfpublicpress.org","simplyrecipes.com","social-unlock.com","socialitelife.com","soundproofcow.com","stackexchange.com","staygenerator.com","streetinsider.com","sweetandsavory.co","szucstermekek.com","terramirabilis.ro","theaircurrent.com","thebarbedwire.com","theepochtimes.com","thespruceeats.com","thestreamable.com","vargooutdoors.com","visaonoticias.com","wellandtribune.ca","workhouses.org.uk","www.microsoft.com","alexandracooks.com","authenticoilco.com","bike-parts-sym.com","bloombergquint.com","cintateknologi.com","cityandstateny.com","concordmonitor.com","cours-de-droit.net","cryptobriefing.com","dailynewsegypt.com","detroitmodular.com","doranobi-fansub.id","fermatslibrary.com","ferroviando.com.br","financasdeouro.com","flashdumpfiles.com","foreignaffairs.com","forsvaretsforum.no","gaypornmasters.com","gdrivedescarga.com","glassblocktint.com","gossipnextdoor.com","hayatbilgileri.com","health.harvard.edu","immobiliaremia.com","kijyomatome-ch.com","labrujulaverde.com","lazycatkitchen.com","matadornetwork.com","megacatstudios.com","officialcharts.com","paloaltoonline.com","placementstore.com","postcourier.com.pg","psihologiadeazi.ro","quantamagazine.org","samsungtechwin.com","southernliving.com","staradvertiser.com","steamboatpilot.com","stiridinromania.ro","stitchsnitches.com","sweetteacaviar.com","taskandpurpose.com","tekniikkatalous.fi","thebrakereport.com","theinformation.com","themosvagas.com.br","thestarphoenix.com","thetransmitter.org","topperlearning.com","travelcaffeine.com","truyenbanquyen.com","vadimkravcenko.com","verdadeiroolhar.pt","verybestbaking.com","verywellhealth.com","washingtonpost.com","worlddogfinder.com","worldsensorium.com","zenith-watches.com","aileen-novel.online","breakingdefense.com","context.reverso.net","craigdailypress.com","crazystupidtech.com","csiplearninghub.com","curs-valutar-bnr.ro","darktranslation.com","datacenterwires.com","democracydocket.com","deseneledublate.com","dialectsarchive.com","download.ipeenk.com","edmontonjournal.com","everydaynewinfo.com","exclusifvoyages.com","festival-cannes.com","forksoverknives.com","greencarreports.com","home.novel-gate.com","independentmail.com","jointhefollowup.com","montrealgazette.com","nashvillebanner.com","ncert-solutions.com","ncertsolutions.guru","opportunitydesk.org","orangespotlight.com","partsinmotion.co.uk","pcipolicyportal.com","postindependent.com","potatonewstoday.com","pv-magazine-usa.com","raccontivietati.com","raindropteamfan.com","revouninstaller.com","saksfifthavenue.com","samurai.wordoco.com","selfstudyanthro.com","skepticalraptor.com","skidrowreloaded.com","smartkhabrinews.com","spares2repair.co.uk","spotlightstories.co","systemsapproach.org","theconversation.com","tipssehatcantik.com","urbandictionary.com","viatasisanatate.com","washingtontimes.com","wideopencountry.com","williams-sonoma.com","windupwatchshop.com","zabawkahurtownia.pl","adevarurisecrete.com","alphagirlreviews.com","androidauthority.com","bedbathandbeyond.com","businesstimes.com.sg","clubhouseforchefs.ca","clubulbebelusilor.ro","cristelageorgescu.ro","eletric-vehicles.com","erlang-solutions.com","everyday-reading.com","experts-exchange.com","freereadnovel.online","goodhousekeeping.com","healthitsecurity.com","knowablemagazine.org","koalasplayground.com","lazytranslations.com","massivetoyblowout.ca","montanafreepress.org","moroccoworldnews.com","nationalobserver.com","pagamentidigitali.it","parentingisnteasy.co","psychologiazycia.com","racketsandrunners.ca","selfstudyhistory.com","socialmediatoday.com","sportando.basketball","surreyhillsgrocer.sg","tahmial.blogspot.com","tempatwisataseru.com","travelandleisure.com","video.tv-tokyo.co.jp","aprendeinglessila.com","audiologyresearch.org","blogvisaodemercado.pt","buenosairesherald.com","businesstraveller.com","christianstandard.com","delicateseliterare.ro","diariodaregiao.com.br","digital.lasegunda.com","forbestravelguide.com","forum.release-apk.com","frontofficesports.com","globaldefensecorp.com","gooyaabitemplates.com","guidingliterature.com","hollywoodunlocked.com","ipphone-warehouse.com","mountainwarehouse.com","niagarafallsreview.ca","practicetestgeeks.com","pv-magazine-latam.com","revistasufletului.net","significatocanzoni.it","streamservicehd.click","the-masters-voice.com","thepostmillennial.com","thetruthaboutcars.com","broadbandbreakfast.com","cpapracticeadvisor.com","cyberkrafttraining.com","ensemblemagazine.co.nz","facebookcorewwwi.onion","federalnewsnetwork.com","hiraethtranslation.com","informatykzakladowy.pl","justcloseoutscanada.ca","kulinarnastronamocy.pl","mainframestechhelp.com","marfilius.blogspot.com","marginalrevolution.com","mskmangaz.blogspot.com","musicindustryhowto.com","nationalgeographic.com","operatorsekolahdbn.com","palestinechronicle.com","pv-magazine-brasil.com","pv-magazine-mexico.com","qualityfilehosting.com","recordcollectormag.com","scientificamerican.com","theamericanscholar.org","zeeebatch.blogspot.com","advancedsciencenews.com","aerospaceglobalnews.com","americastestkitchen.com","chan.sankakucomplex.com","countryandtownhouse.com","geopoliticalmonitor.com","littleburgundyshoes.com","mercenaryenrollment.com","onlineonderdelenshop.nl","otomobilgunluklerim.com","republicadecuritiba.net","softwaretestinghelp.com","sqlserveregitimleri.com","stcatharinesstandard.ca","sysnettechsolutions.com","colegiosconcertados.info","community.spiceworks.com","gronkfitnessproducts.com","mountaintopwebdesign.com","newsroom.paypal-corp.com","personality-database.com","programasvirtualespc.net","recyclingproductnews.com","sainsburysmagazine.co.uk","washingtontechnology.com","beckershospitalreview.com","coloradotimesrecorder.com","displayspecifications.com","informagiovani-italia.com","ingesantoso.wordpress.com","italianluxurygroup.com.au","pv-magazine-australia.com","shoppingsouthparkmall.com","thefreethoughtproject.com","astoryofmasasstruggles.com","businessemailetiquette.com","childrenshealthdefense.org","interestingengineering.com","secondlifetranslations.com","whowantstuffs.blogspot.com","australiangolfdigest.com.au","flash-firmware.blogspot.com","scholarlykitchen.sspnet.org","thepeterboroughexaminer.com","compellingsciencefiction.com","elsalvadorsurfrealestate.com","www-daftarharga.blogspot.com","microsoftsecurityinsights.com","publichealthpolicyjournal.com","techcrunch-com.translate.goog","walkthrough-indo.blogspot.com","projektowanie-wnetrz-online.pl","artificialintelligence-news.com","audioreview.m1001.coreserver.jp","eileenscookieshighlandsranch.com","insurance-corporate.blogspot.com","canalnatelinhaonline.blogspot.com","librospreuniversitariospdf.blogspot.com","facebookwkhpilnemxj7asaniu7vnjjbiltxjqhye3mhbshg7kx5tfyd.onion"],"hasEntities":true,"fromRegexes":[]}