{"selectors":["{\"selector\":\".part-sidebar > .widget\",\"tasks\":[[\"has-text\",\"REKLAMA\"]]}","{\"selector\":\".sppb-addon-content > .sppb-addon-title\",\"tasks\":[[\"has-text\",\"reklama\"]]}","{\"selector\":\"body > .page > main > .small.pasek-gray\",\"tasks\":[[\"has-text\",\"Reklama\"]]}","{\"selector\":\".bbbb > div > div > div\",\"tasks\":[[\"has-text\",\"reklama\"]]}","{\"selector\":\".bottom:nth-of-type(20) > .bbbb\",\"tasks\":[[\"has-text\",\"reklama\"]]}","{\"selector\":\".bottom:nth-of-type(1n+5):nth-of-type(-1n+6) > .bbbb\",\"tasks\":[[\"has-text\",\"reklama\"]]}","{\"selector\":\".widget_custom_html\",\"tasks\":[[\"has-text\",\"Patron\"]]}","{\"selector\":\"#sidebar > div.widget > h3\",\"tasks\":[[\"has-text\",\"Reklama\"]]}","{\"selector\":\".ipsComment.ipsBox.cPost\",\"tasks\":[[\"has\",{\"selector\":\".cAuthorPane_info > li\",\"tasks\":[[\"has-text\",\"/^Reklama$/\"]]}]]}","{\"selector\":\".elementor-widget-wrap\",\"tasks\":[[\"has\",{\"selector\":\"h6\",\"tasks\":[[\"has-text\",\"REKLAMA\"]]}]]}","{\"selector\":\".et_pb_module\",\"tasks\":[[\"has\",{\"selector\":\"> .et_pb_code_inner\",\"tasks\":[[\"has-text\",\"Reklama\"]]}]]}","{\"selector\":\"div.row > .col-md-12 > .line-header > span\",\"tasks\":[[\"has-text\",\"Reklama\"]]}","{\"selector\":\".conntent > center\",\"tasks\":[[\"has-text\",\"Reklama\"]]}","{\"selector\":\".row > center, div.row > .col-md-4.col-sm-12 > .text-center, div.row > .col-md-4.col-sm-12 > div.pws-box-title\",\"tasks\":[[\"has-text\",\"Reklama\"]]}","{\"selector\":\".col-md-4 > div.margin-bottom-sm.margin-top-sm > div\",\"tasks\":[[\"has-text\",\"Reklama\"]]}","{\"selector\":\".margin-bottom-xs.margin-top-xs > div\",\"tasks\":[[\"has-text\",\"Reklama\"]]}","{\"selector\":\".margin-bottom-md.margin-top-md > div\",\"tasks\":[[\"has-text\",\"R EK L A M A\"]]}","{\"selector\":\"a.button_open[href=\\\"/rtvforum/companyabout.php\\\"]\",\"tasks\":[[\"has-text\",\"Zamieść Reklamę\"]]}","{\"selector\":\".block-title > span\",\"tasks\":[[\"has-text\",\"/R(EKLAMA|eklama)/\"]]}","{\"selector\":\".title > span\",\"tasks\":[[\"has-text\",\"REKLAMA\"]]}","{\"selector\":\"div[class] > .small\",\"tasks\":[[\"has-text\",\"REKLAMA\"]]}","{\"selector\":\".td_block_wrap\",\"tasks\":[[\"has\",{\"selector\":\".td-pulldown-size\",\"tasks\":[[\"has-text\",\"Reklama\"]]}]]}","{\"selector\":\"div.clear.box_tekstowy_mainpage > h3\",\"tasks\":[[\"has-text\",\"Reklama\"]]}","{\"selector\":\".contentpaneopen\",\"tasks\":[[\"has-text\",\"Reklama\"]]}","{\"selector\":\".module\",\"tasks\":[[\"has-text\",\"Reklama\"]]}","{\"selector\":\"div.moduletable\",\"tasks\":[[\"has-text\",\"REKLAMA\"]]}","{\"selector\":\"p.tdm-descr\",\"tasks\":[[\"has-text\",\"― reklama ―\"]]}","{\"selector\":\".sppb-addon-title\",\"tasks\":[[\"has-text\",\"reklama\"]]}","{\"selector\":\"p\",\"tasks\":[[\"has-text\",\"reklama\"]]}","{\"selector\":\".inner\",\"tasks\":[[\"has-text\",\"/reklama/i\"]]}","{\"selector\":\".et_pb_section_6\",\"tasks\":[[\"has-text\",\"Reklamy Google\"]]}","{\"selector\":\".et_pb_text_8\",\"tasks\":[[\"has-text\",\"Twoja reklama\"]]}","{\"selector\":\"div.widget.row > .widget-custom.text-center\",\"tasks\":[[\"has\",{\"selector\":\"> div\",\"tasks\":[[\"has-text\",\"/Reklama/i\"]]}]]}","{\"selector\":\"span\",\"tasks\":[[\"has-text\",\"reklama\"]]}","{\"selector\":\"div[class^=\\\"m\\\"].module > div\",\"tasks\":[[\"has-text\",\"REKLAMA\"]]}","{\"selector\":\"figcaption\",\"tasks\":[[\"has-text\",\"STS kod promocyjny\"]]}","{\"selector\":\"h4.top-widget-title\",\"tasks\":[[\"has-text\",\"Reklama\"]]}","{\"selector\":\".post\",\"tasks\":[[\"has-text\",\"reklama\"]]}","{\"selector\":\"[id^=\\\"text-\\\"]\",\"tasks\":[[\"has\",{\"selector\":\".widget-title\",\"tasks\":[[\"has-text\",\"Reklama\"]]}]]}","{\"selector\":\".post > .entry-content > h4\",\"tasks\":[[\"has-text\",\"Reklama\"]]}","{\"selector\":\".td-pulldown-size\",\"tasks\":[[\"has-text\",\"R E K L A M A\"]]}","{\"selector\":\".componentsArticleContent hr\",\"tasks\":[[\"has\",{\"selector\":\"~ p strong\",\"tasks\":[[\"has-text\",\"doskonałe\"]]}]]}","{\"selector\":\".componentsArticleContent hr ~ p\",\"tasks\":[[\"has\",{\"selector\":\"strong\",\"tasks\":[[\"has-text\",\"doskonałe\"]]}]]}","{\"selector\":\"div[style=\\\"width:300px;float:left;\\\"] ~ p:first-of-type\",\"tasks\":[[\"has-text\",\"/^$/\"]]}","{\"selector\":\"#main > div:nth-child(2)\",\"tasks\":[[\"has-text\",\"reklama\"]]}","{\"selector\":\"table > tbody > tr > td > font\",\"tasks\":[[\"has-text\",\"Reklama\"]]}","{\"selector\":\"h6\",\"tasks\":[[\"has-text\",\"Reklama\"]]}","{\"selector\":\"body > p\",\"tasks\":[[\"has-text\",\"REKLAMA\"]]}","{\"selector\":\".col-wrapper > div:nth-of-type(1)\",\"tasks\":[[\"has\",{\"selector\":\"> div:nth-of-type(2)\",\"tasks\":[[\"has-text\",\"Sponsorowane\"]]}]]}","{\"selector\":\".sidebar-panel\",\"tasks\":[[\"has\",{\"selector\":\"center:only-child script\",\"tasks\":[[\"has-text\",\"googletag.cmd.push\"]]}]]}","{\"selector\":\".entry-content > p\",\"tasks\":[[\"has-text\",\"Reklama\"]]}","{\"selector\":\"#f13 > table\",\"tasks\":[[\"has\",{\"selector\":\"#f13 > b\",\"tasks\":[[\"has-text\",\"Artykuł Sponsorowany\"]]}]]}","{\"selector\":\".col-lg-12 > .row > .col-lg-9\",\"tasks\":[[\"has-text\",\"r e k l a m a\"]]}","{\"selector\":\"div.row > div.col-md-6\",\"tasks\":[[\"has-text\",\"reklama\"]]}","{\"selector\":\".u-text-grey-30\",\"tasks\":[[\"has-text\",\"/REKLAMA|CZYTAJ TAKŻE/\"]]}","{\"selector\":\".jeg_block_heading\",\"tasks\":[[\"has\",{\"selector\":\"> h3 > span\",\"tasks\":[[\"has-text\",\"Reklama\"]]}]]}","{\"selector\":\"font\",\"tasks\":[[\"has-text\",\"REKLAMA\"]]}","{\"selector\":\"p\",\"tasks\":[[\"has-text\",\"Reklama\"]]}","{\"selector\":\"th\",\"tasks\":[[\"has-text\",\"REKLAMA\"]]}","{\"selector\":\".tdc-column[class*=\\\"4\\\"]\",\"tasks\":[[\"has\",{\"selector\":\"h4\",\"tasks\":[[\"has-text\",\"Zaprzyjaźnione strony\"]]}]]}","{\"selector\":\"h4\",\"tasks\":[[\"has-text\",\"REKLAMA\"]]}","{\"selector\":\"aside\",\"tasks\":[[\"has\",{\"selector\":\"> h4 > span\",\"tasks\":[[\"has-text\",\"REKLAMA\"]]}]]}","{\"selector\":\"li.m-home-link-list__item\",\"tasks\":[[\"has-text\",\"/reklama/\"]]}","{\"selector\":\".row div[class][style*=\\\"border-bottom:\\\"][style*=\\\"max-height:\\\"]\",\"tasks\":[[\"has\",{\"selector\":\":scope > div[style]\",\"tasks\":[[\"has-text\",\"REKLAMA\"]]}]]}","{\"selector\":\".ad-banner-text\",\"tasks\":[[\"has-text\",\"Ad\"]]}","{\"selector\":\".wpb_wrapper .td_block_template_1\",\"tasks\":[[\"has-text\",\"Reklama\"]]}","{\"selector\":\"[class^=\\\"elementor-heading-title\\\"]\",\"tasks\":[[\"has-text\",\"Reklama\"]]}","{\"selector\":\"[role=\\\"listitem\\\"]\",\"tasks\":[[\"has\",{\"selector\":\"span\",\"tasks\":[[\"has-text\",\"REKLAMA\"]]}]]}","{\"selector\":\".grid-item\",\"tasks\":[[\"has\",{\"selector\":\"> span\",\"tasks\":[[\"has-text\",\"REKLAMA\"]]}]]}","{\"selector\":\"[class$=\\\"grid__box \\\"]\",\"tasks\":[[\"has\",{\"selector\":\"> div > span\",\"tasks\":[[\"has-text\",\"Reklama\"]]}]]}","{\"selector\":\"[role=\\\"listitem\\\"]\",\"tasks\":[[\"has\",{\"selector\":\"a + div\",\"tasks\":[[\"has-text\",\"REKLAMA\"]]}]]}","{\"selector\":\"div[class*=\\\" \\\"]:not([id], [style], [data-st-area], [data-section])\",\"tasks\":[[\"has\",{\"selector\":\"> script\",\"tasks\":[[\"has-text\",\"undefined,\"]]}]]}","{\"selector\":\".article__content > div[class*=\\\" \\\"]\",\"tasks\":[[\"has\",{\"selector\":\"div > div > div\",\"tasks\":[[\"has-text\",\"REKLAMA\"]]}]]}","{\"selector\":\"[data-st-area=\\\"list-recommended4you-MainColumn\\\"] > div > div\",\"tasks\":[[\"has-text\",\"/REKLAMA/i\"]]}","{\"selector\":\"div[class]\",\"tasks\":[[\"has\",{\"selector\":\"> div[class]:first-child\",\"tasks\":[[\"has-text\",\"REKLAMA\"],[\"spath\",\":not(:has(> *))\"]]}]]}","{\"selector\":\"h2\",\"tasks\":[[\"has-text\",\"Reklama\"]]}","{\"selector\":\".thumb td\",\"tasks\":[[\"has-text\",\"REKLAMA\"]]}","{\"selector\":\"td > div\",\"tasks\":[[\"has-text\",\"REKLAMA\"]]}","{\"selector\":\"div.collection\",\"tasks\":[[\"has-text\",\"Edycja wideo dla ambitnych\"]]}","{\"selector\":\"#kFinal\",\"action\":[\"style\",\"display: block !important;\"],\"cssable\":true}","{\"selector\":\"#playerVidzer\",\"action\":[\"style\",\"display: block !important;\"],\"cssable\":true}","{\"selector\":\"#game\",\"action\":[\"style\",\"visibility: visible !important; position: static !important; left: 0 !important;\"],\"cssable\":true}","{\"selector\":\"#swf\",\"action\":[\"style\",\"visibility: visible !important; position: static !important; left: 0 !important;\"],\"cssable\":true}","{\"selector\":\"#mvideo\",\"action\":[\"style\",\"z-index: 1 !important;\"],\"cssable\":true}","{\"selector\":\".advertising-billboard\",\"action\":[\"style\",\"height: 0 !important;\"],\"cssable\":true}","{\"selector\":\"#free_player\",\"action\":[\"style\",\"display: block !important;\"],\"cssable\":true}","{\"selector\":\"[id=\\\"gh\\\"][role=\\\"banner\\\"]\",\"action\":[\"style\",\"margin: 0 !important;\"],\"cssable\":true}","{\"selector\":\"[id=\\\"gh-gb\\\"][tabindex=\\\"-1\\\"][class=\\\"gh-banner-active gh-gb-shadow\\\"]\",\"action\":[\"style\",\"border-top: 0 !important;\"],\"cssable\":true}","{\"selector\":\"#fgame\",\"action\":[\"style\",\"width: 850px !important; height: 600px !important;\"],\"cssable\":true}","{\"selector\":\"#kolumnaSrodkowa\",\"action\":[\"style\",\"height: auto !important;\"],\"cssable\":true}","{\"selector\":\"#obiekt\",\"action\":[\"style\",\"display: block !important;\"],\"cssable\":true}","{\"selector\":\".advert_box > div > .tablebg\",\"action\":[\"style\",\"height: 1px !important; visibility: hidden !important;\"],\"cssable\":true}","{\"selector\":\".forumsTabLinks.tabLinks\",\"action\":[\"style\",\"top: 60px !important;\"],\"cssable\":true}","{\"selector\":\"body\",\"action\":[\"style\",\"padding-top: 0 !important;\"],\"cssable\":true}","{\"selector\":\"div#kon_2a[style*=\\\"white\\\"] > * > *:empty\",\"tasks\":[[\"upward\",\"[style*=\\\"white\\\"]\"]]}","{\"selector\":\"body.variant-mobile div[style=\\\"color: #A9A9A9; text-align:center;font-size:11px;\\\"]\",\"action\":[\"style\",\"visibility: hidden !important;\"],\"cssable\":true}","{\"selector\":\"body:not(#bd):not([style*=\\\"background-image:\\\"])\",\"action\":[\"style\",\"background-image:none !important;\"],\"cssable\":true}","{\"selector\":\"\",\"tasks\":[[\"xpath\",\"//div[contains(text(), 'REKLAMA')]\"]]}","{\"selector\":\"article[itemprop=\\\"review\\\"] > div[id]\",\"tasks\":[[\"matches-css-after\",{\"name\":\"content\",\"pseudo\":\"after\",\"value\":\"przy|pomocy|Asystenta|pobierania\"}]]}","{\"selector\":\"body:not(variant-mobile).skin-green .user-login\",\"action\":[\"style\",\"color:#88ae04 !important;\"],\"cssable\":true}","{\"selector\":\"body[class]\",\"action\":[\"style\",\"background-image: none !important;\"],\"cssable\":true}","{\"selector\":\"div[class*=\\\"tag-\\\"].home-section > .span-8\",\"action\":[\"style\",\"width: 100% !important; margin-right: 15px !important;\"],\"cssable\":true}","{\"selector\":\".mfp-arrow-right\",\"action\":[\"style\",\"right: -90px !important;\"],\"cssable\":true}","{\"selector\":\"body\",\"action\":[\"style\",\"pointer-events: auto!important;\"],\"cssable\":true}","{\"selector\":\"body:not(#bd):not([style*=\\\"background-image:\\\"])\",\"action\":[\"style\",\"background-image:none!important;\"],\"cssable\":true}","{\"selector\":\"\",\"tasks\":[[\"xpath\",\"//a[not(contains(@href,','))][string-length(@href)>1600]\"]]}","{\"selector\":\"body script\",\"tasks\":[[\"has-text\",\"slotNumber\"],[\"upward\",2]]}","{\"selector\":\"a[href^=\\\"https://www.purepc.pl/redir.php\\\"]\",\"action\":[\"style\",\"height: 0 !important; position: absolute !important;\"],\"cssable\":true}","{\"selector\":\"html > body\",\"action\":[\"style\",\"background-image: none!important; background-color: #d5d5d5!important;\"],\"cssable\":true}","{\"selector\":\".ws__wrapper\",\"action\":[\"style\",\"visibility: hidden !important;\"],\"cssable\":true}","{\"selector\":\"body[class]:not(.rodo)\",\"action\":[\"style\",\"overflow: auto !important;\"],\"cssable\":true}","{\"selector\":\"#mainSkyBanner-pl_PL > script\",\"tasks\":[[\"has-text\",\"skyBanner\"]]}","{\"selector\":\"div\",\"tasks\":[[\"matches-css-after\",{\"name\":\"content\",\"pseudo\":\"after\",\"value\":\"R.*E.*K.*L.*A.*M.*A\"}],[\"upward\",1]]}","{\"selector\":\"body > #page\",\"action\":[\"style\",\"display: block !important;\"],\"cssable\":true}","{\"selector\":\"html\",\"action\":[\"style\",\"position: static !important; overflow: visible !important\"],\"cssable\":true}","{\"selector\":\"body\",\"action\":[\"style\",\"position: static !important; overflow: visible !important\"],\"cssable\":true}","{\"selector\":\":not(.overflow-x_hidden, .overflow_hidden, .truncate_true, svg:not(:root), img)\",\"action\":[\"style\",\"overflow: visible !important\"],\"cssable\":true}","{\"selector\":\"\",\"tasks\":[[\"xpath\",\"//div[@data-st-area='Zakupy'][count(*)=2][not(header)]\"]]}","{\"selector\":\"[data-st-area] > div > div > div[class]\",\"tasks\":[[\"matches-css\",{\"name\":\"max-width\",\"value\":\"^300px$\"}],[\"matches-css\",{\"name\":\"max-height\",\"value\":\"^250px$\"}]]}","{\"selector\":\"body\",\"action\":[\"style\",\"overflow-y: visible !important;\"],\"cssable\":true}","{\"selector\":\"\",\"tasks\":[[\"xpath\",\"//div[count(*)=3][img[@class][@src]][*[count(*)=1]/*[count(*)=1]/*[count(*)=1]/*[count(*)=1]/*[count(*)=0]]\"]]}","{\"selector\":\"#root\",\"action\":[\"style\",\"filter: none!important;\"],\"cssable\":true}","{\"selector\":\"[src^=\\\"https://v.wpimg.pl/\\\"]:not([alt], [class=\\\"contentstream-cover\\\"])\",\"tasks\":[[\"upward\",3],[\"spath\",\":not(html, body)\"]]}","{\"selector\":\"html, html > body\",\"action\":[\"style\",\"overflow: auto !important;\"],\"cssable\":true}","{\"selector\":\"body [class]\",\"action\":[\"style\",\"filter: none !important;\"],\"cssable\":true}","{\"selector\":\"html, html > body\",\"action\":[\"style\",\"overflow: visible!important;\"],\"cssable\":true}","{\"selector\":\"div[class^=\\\"sc-\\\"]\",\"tasks\":[[\"has\",{\"selector\":\":scope > img[src^=\\\"https://v.wpimg.pl/\\\"][role=\\\"presentation\\\"][class^=\\\"sc-\\\"]\",\"tasks\":[[\"matches-css\",{\"name\":\"position\",\"value\":\"^absolute$\"}]]}]]}","{\"selector\":\".pub_300x250\",\"action\":[\"style\",\"display: block!important;\"],\"cssable\":true}","{\"selector\":\"html\",\"action\":[\"style\",\"overflow: visible!important; position: unset!important;\"],\"cssable\":true}","{\"selector\":\"body\",\"action\":[\"style\",\"overflow: visible!important; position: unset!important;\"],\"cssable\":true}","{\"selector\":\"body > [class]:not(.settings--user)\",\"action\":[\"style\",\"filter: none!important;\"],\"cssable\":true}","{\"selector\":\"#app > div[data-reactroot] > div[class]\",\"tasks\":[[\"matches-css\",{\"name\":\"background-image\",\"value\":\"v\\\\.wpimg\\\\.pl\\\\/MjAxOTA\"}]]}","{\"selector\":\"div[class]\",\"tasks\":[[\"matches-attr\",{\"attr\":\"/^reklama_/\",\"value\":\"\"}]]}","{\"selector\":\"[data-native-adv]\",\"tasks\":[[\"has\",{\"selector\":\"a > span\",\"tasks\":[[\"has-text\",\"REKLAMA\"]]}],[\"upward\",1]]}","{\"selector\":\"td[data-reactid] > div[class] > div[class] > div[class*=\\\" \\\"] > div[class] > span\",\"tasks\":[[\"has-text\",\"/^TWOJE OKAZJE$/\"],[\"upward\",2]]}","{\"selector\":\"#app > div > div\",\"tasks\":[[\"matches-css\",{\"name\":\"background-image\",\"value\":\"^url\\\\(.https:\\\\/\\\\/v\\\\.wpimg\\\\.pl\"}]]}","{\"selector\":\".grid-right > div\",\"tasks\":[[\"matches-css\",{\"name\":\"background-image\",\"value\":\"data:image\\\\/png;base64,\"}]]}","{\"selector\":\".grid-right > div > div\",\"tasks\":[[\"matches-css\",{\"name\":\"background-image\",\"value\":\"data:image\\\\/png;base64,\"}]]}","{\"selector\":\"body\",\"action\":[\"style\",\"overflow-y: visible!important; position: unset!important;\"],\"cssable\":true}","{\"selector\":\"body > [class]:not(.settings--user):not(.article__textbox)\",\"action\":[\"style\",\"filter: none!important;\"],\"cssable\":true}","{\"selector\":\"[src$=\\\"bg.png\\\"]\",\"tasks\":[[\"upward\",1]]}","{\"selector\":\"[src$=\\\"adPlaceholder.png\\\"]\",\"tasks\":[[\"upward\",1]]}","{\"selector\":\"div[height=\\\"auto\\\"]\",\"tasks\":[[\"upward\",1]]}","{\"selector\":\"div[class*=\\\" \\\"]:not(.LazyLoad) > img[src^=\\\"https://v.wpimg.pl/\\\"][src$=\\\"==\\\"][alt]\",\"tasks\":[[\"matches-css\",{\"name\":\"position\",\"value\":\"^absolute$\"}],[\"spath\",\" + div:last-child\"],[\"upward\",1]]}","{\"selector\":\"body > #page > .main-page-content > .navbar-fixed-top\",\"action\":[\"style\",\"top: 0 !important;\"],\"cssable\":true}","{\"selector\":\"body > #page\",\"action\":[\"style\",\"margin-top: 137px !important;\"],\"cssable\":true}","{\"selector\":\"article.newsletter-block\",\"action\":[\"style\",\"filter: none !important; max-height: none !important; user-select: auto !important; border-top: none !important;\"],\"cssable\":true}","{\"selector\":\".adsbygoogle\",\"action\":[\"style\",\"height: 1px !important;\"],\"cssable\":true}","{\"selector\":\"#nitro-block\",\"action\":[\"style\",\"position: absolute !important; left: -3000px !important;\"],\"cssable\":true}","{\"selector\":\"body\",\"action\":[\"style\",\"margin: 0 !important; margin-top: 0 !important;\"],\"cssable\":true}","{\"selector\":\"#layout\",\"action\":[\"style\",\"margin-top: 5px !important;\"],\"cssable\":true}","{\"selector\":\"#bannerDBB\",\"action\":[\"style\",\"height: 10px !important;\"],\"cssable\":true}","{\"selector\":\"#content-container2\",\"action\":[\"style\",\"margin-top: 0 !important;\"],\"cssable\":true}","{\"selector\":\"#leftCol2\",\"action\":[\"style\",\"top: 51px !important;\"],\"cssable\":true}","{\"selector\":\".pum-open\",\"action\":[\"style\",\"overflow: auto !important;\"],\"cssable\":true}","{\"selector\":\"html > body\",\"action\":[\"style\",\"background: #d5d5d5 !important;\"],\"cssable\":true}","{\"selector\":\"\",\"tasks\":[[\"xpath\",\"//div[count(*)=1][*[count(*)=1]/*[count(*)=1]/*[count(*)=1]/*[count(*)=0]]\"]]}","{\"selector\":\"\",\"tasks\":[[\"xpath\",\"//div[count(*)=1][*[count(*)=1]/*[count(*)=1]/*[count(*)=1]/*[count(*)=1]/*[count(*)=0]]\"]]}","{\"selector\":\"#gkBg\",\"action\":[\"style\",\"background: none !important;\"],\"cssable\":true}","{\"selector\":\"#gkTopBar\",\"action\":[\"style\",\"position: static !important;\"],\"cssable\":true}","{\"selector\":\"body[style^=\\\"background:\\\"]\",\"action\":[\"style\",\"background-image: none !important;\"],\"cssable\":true}","{\"selector\":\".adsbygoogle\",\"action\":[\"style\",\"position: absolute!important; left: -3000px!important;\"],\"cssable\":true}","{\"selector\":\".partnership-header-banner\",\"action\":[\"style\",\"height: 80px !important;\"],\"cssable\":true}","{\"selector\":\".hidewhennotclicked\",\"action\":[\"style\",\"display: block !important;\"],\"cssable\":true}","{\"selector\":\".showwhennotclicked\",\"action\":[\"style\",\"display: none !important;\"],\"cssable\":true}","{\"selector\":\"body > .menu-belt + .paralax-image\",\"action\":[\"style\",\"height: 0 !important;\"],\"cssable\":true}","{\"selector\":\".mediafarm\",\"action\":[\"style\",\"height: 0 !important;\"],\"cssable\":true}","{\"selector\":\".gallery-embed-list-images\",\"action\":[\"style\",\"height: auto !important;\"],\"cssable\":true}","{\"selector\":\"body\",\"action\":[\"style\",\"background-image: none !important;\"],\"cssable\":true}","{\"selector\":\"[class^=\\\"common-header common-header--\\\"]\",\"action\":[\"style\",\"top: 0px !important\"],\"cssable\":true}","{\"selector\":\"body[class*=\\\"_ad-\\\"]\",\"action\":[\"style\",\"padding-top: 0 !important;\"],\"cssable\":true}","{\"selector\":\"header[class^=\\\"sc-\\\"]\",\"action\":[\"style\",\"transform: unset !important\"],\"cssable\":true}","{\"selector\":\"#content .brief-list-items .brief-placeholder-list\",\"action\":[\"style\",\"height: 320px\"],\"cssable\":true}","{\"selector\":\"#sg-iframe\",\"action\":[\"style\",\"filter: blur(0px) !important\"],\"cssable\":true}","{\"selector\":\"#mainApp #sitebar, #mainApp #sitebar form\",\"action\":[\"style\",\"width: 100% !important; max-width: 100% !important\"],\"cssable\":true}","{\"selector\":\".pub_300x250.pub_300x250m.pub_728x90.text-ad.textAd.text_ad.text_ads.text-ads.text-ad-links\",\"action\":[\"style\",\"display: block !important;\"],\"cssable\":true}","{\"selector\":\".sgpb-overflow-hidden, sgpb-overflow-hidden-body\",\"action\":[\"style\",\"overflow: auto !important;\"],\"cssable\":true}","{\"selector\":\"#primary-sidebar\",\"action\":[\"style\",\"width: auto !important;\"],\"cssable\":true}","{\"selector\":\".js\",\"action\":[\"style\",\"background-image: none !important;\"],\"cssable\":true}","{\"selector\":\"#td-outer-wrap > .td-header-wrap\",\"action\":[\"style\",\"margin-bottom: 0 !important;\"],\"cssable\":true}","{\"selector\":\"body\",\"action\":[\"style\",\"background:#121212 !important;\"],\"cssable\":true}","{\"selector\":\"div#top\",\"action\":[\"style\",\"height: 37px !important;\"],\"cssable\":true}","{\"selector\":\".page\",\"action\":[\"style\",\"background: #dbdbdb !important;\"],\"cssable\":true}","{\"selector\":\"#sidebar\",\"action\":[\"style\",\"padding-top: 0 !important;\"],\"cssable\":true}","{\"selector\":\".paralax-image\",\"action\":[\"style\",\"height: 100px !important;\"],\"cssable\":true}","{\"selector\":\"nav.navbar\",\"action\":[\"style\",\"margin-top: 0 !important;\"],\"cssable\":true}","{\"selector\":\".webpart-wrap-HeaderMobile.has-promo\",\"action\":[\"style\",\"padding-top: 50px !important;\"],\"cssable\":true}","{\"selector\":\"#content-container\",\"action\":[\"style\",\"background: none !important; padding-top: 0px !important;\"],\"cssable\":true}","{\"selector\":\".td-header-style-7 .td-header-sp-logo img\",\"action\":[\"style\",\"top:-32px !important; height:100% !important; width:auto !important;\"],\"cssable\":true}","{\"selector\":\"#header\",\"action\":[\"style\",\"padding-top: 64px !important;\"],\"cssable\":true}","{\"selector\":\".miniSlot\",\"action\":[\"style\",\"min-height: 0 !important; margin-bottom: 0 !important;\"],\"cssable\":true}","{\"selector\":\".index_bg_top\",\"action\":[\"style\",\"top: auto !important;\"],\"cssable\":true}","{\"selector\":\"#main-nav1\",\"action\":[\"style\",\"height: 50px !important;\"],\"cssable\":true}","{\"selector\":\".article__placement\",\"action\":[\"style\",\"position: absolute !important; left: -100000px !important; top: -1000px !important;\"],\"cssable\":true}","{\"selector\":\".article__side__stickblock\",\"action\":[\"style\",\"position: absolute !important; left: -3000px!important;\"],\"cssable\":true}","{\"selector\":\".article__textbox\",\"action\":[\"style\",\"position: absolute !important; left: -3000px !important;\"],\"cssable\":true}","{\"selector\":\"#prvAliasFrame2\",\"action\":[\"style\",\"height:calc(100vh - 10px) !important;\"],\"cssable\":true}","{\"selector\":\"html[class].wppas-model-open\",\"action\":[\"style\",\"overflow: visible !important;\"],\"cssable\":true}","{\"selector\":\"#pojemnik-strony\",\"action\":[\"style\",\"margin-top: 0 !important;\"],\"cssable\":true}","{\"selector\":\".playstation.wall-bg\",\"action\":[\"style\",\"background: none !important;\"],\"cssable\":true}","{\"selector\":\".layWrpMarginTopAdsDesktop\",\"action\":[\"style\",\"margin-top: 0px !important\"],\"cssable\":true}","{\"selector\":\"#main_header\",\"action\":[\"style\",\"margin-top: 0 !important;\"],\"cssable\":true}","{\"selector\":\".widget\",\"action\":[\"style\",\"margin: 10px -15px 0 0 !important;\"],\"cssable\":true}","{\"selector\":\"section.container\",\"action\":[\"style\",\"padding-top: 0 !important;\"],\"cssable\":true}","{\"selector\":\"#page-wrapper > .page\",\"action\":[\"style\",\"padding: 0 !important;\"],\"cssable\":true}","{\"selector\":\".adv\",\"action\":[\"style\",\"height: 1px !important; width: 1px !important;\"],\"cssable\":true}","{\"selector\":\"body\",\"action\":[\"style\",\"overflow: visible !important;\"],\"cssable\":true}","{\"selector\":\"#main-list\",\"action\":[\"style\",\"margin-top: 0 !important;\"],\"cssable\":true}","{\"selector\":\".page-screening-layer\",\"action\":[\"style\",\"margin-top: 0 !important;\"],\"cssable\":true}","{\"selector\":\"#dyingLinksBox > .dying-links:first-child ~ .dying-links:last-child\",\"action\":[\"style\",\"display:list-item !important;\"],\"cssable\":true}","{\"selector\":\"#dyingLinksBox > .dying-links:first-child ~ .dying-links[style=\\\"display: list-item;\\\"] ~ .dying-links\",\"action\":[\"style\",\"display: none !important;\"],\"cssable\":true}","{\"selector\":\"#thePage\",\"action\":[\"style\",\"position: relative; margin: 0px auto 0px auto; max-width: 980px; background-color:white; padding: 0px 0px 0px 20px;\"],\"cssable\":true}","{\"selector\":\"#page_margins\",\"action\":[\"style\",\"position: relative !important; margin: 0px auto 0px auto !important; max-width: 980px !important; background-color:white !important; padding: 0px 0px 0px 20px !important\"],\"cssable\":true}","{\"selector\":\"#googleAdsCont\",\"action\":[\"style\",\"position: absolute !important; left: -3000px !important;\"],\"cssable\":true}","{\"selector\":\".screening\",\"action\":[\"remove\",\"\"]}","{\"selector\":\"#playerControls .playIcon\",\"action\":[\"style\",\"opacity: 1 !important;\"],\"cssable\":true}","{\"selector\":\"body\",\"action\":[\"style\",\"width: auto !important;\"],\"cssable\":true}","{\"selector\":\".kode-header-absolute\",\"action\":[\"style\",\"top: 0 !important;\"],\"cssable\":true}","{\"selector\":\"#header\",\"action\":[\"style\",\"height: 170px !important;\"],\"cssable\":true}","{\"selector\":\"\",\"tasks\":[[\"xpath\",\"//*[@align=\\\"center\\\"][contains(text(),\\\"reklama\\\")]\"]]}","{\"selector\":\".wall-bg[style^=\\\"background-image:\\\"]\",\"action\":[\"style\",\"background-image: none !important;\"],\"cssable\":true}","{\"selector\":\"li.videoblock script[src^=\\\"https://a.realsrv.com/\\\"]\",\"tasks\":[[\"upward\",\"li\"]]}","{\"selector\":\"li.videoblock iframe[id][src*=\\\"/www/delivery/\\\"]\",\"tasks\":[[\"upward\",\"li\"]]}","{\"selector\":\".c-content__adv\",\"action\":[\"style\",\"padding-top: 0 !important;\"],\"cssable\":true}","{\"selector\":\"html.pum-open [aria-hidden]\",\"action\":[\"style\",\"padding-right: 0 !important;\"],\"cssable\":true}","{\"selector\":\"html.pum-open\",\"action\":[\"style\",\"overflow: auto !important;\"],\"cssable\":true}","{\"selector\":\"li > div[id*=\\\"taboola\\\"]\",\"tasks\":[[\"upward\",\"li\"]]}","{\"selector\":\"div[style*=\\\"font-size\\\"]\",\"tasks\":[[\"upward\",\"div[class*=\\\"col\\\"]\"]]}","{\"selector\":\".rllt__link\",\"tasks\":[[\"has\",{\"selector\":\"> div[class]\",\"tasks\":[[\"has-text\",\"Reklama\"]]}],[\"xpath\",\"..\"]]}","{\"selector\":\".container-fluid > .row-fluid > #jm-header-mod.span3\",\"action\":[\"style\",\"width: 100% !important;\"],\"cssable\":true}","{\"selector\":\".latestnews\",\"action\":[\"style\",\"-moz-column-count: 3; -moz-column-gap: 20px; -webkit-column-count: 3; -webkit-column-gap: 20px; column-count: 3 ;column-gap: 20px;\"],\"cssable\":true}","{\"selector\":\"\",\"tasks\":[[\"xpath\",\"//*[@align=\\\"center\\\"]/*[@id][contains(text(),\\\"REKLAMA\\\")]\"]]}","{\"selector\":\".jeg_navbar.jeg_stickybar\",\"action\":[\"style\",\"height: 35px !important;\"],\"cssable\":true}","{\"selector\":\"#advSong\",\"action\":[\"style\",\"visibility: hidden !important\"],\"cssable\":true}","{\"selector\":\".teledysk\",\"action\":[\"style\",\"flex: 0 0 100% !important; max-width: 100% !important;\"],\"cssable\":true}","{\"selector\":\":not(.onnetwork-banner) > .placeholder:not(.onnetwork-banner)\",\"action\":[\"style\",\"height: 0 !important; min-height: 0 !important;\"],\"cssable\":true}"],"selectorLists":["0","1","2","3,4,5","178,6","7","8","9","10","11","12","13","14,15,16","17","18","19","20","21","22","23,24","25","26","27,28","29","30,31","32","33","34","35","36","37","38,39","40","41,42","43","44","45","46","47","48","199,49","50","231,51","52,53","54","55","56","57","58","59","60","61","62","63","64","65","66","67","112,123,124,67","103,104,67,95,96","112,67","123,124,67","140,214,67","127,128,129,130,134,67","68","-123,122,123,124,156,157,69","127,128,129,130,133,134,70","-113,-121,-124,117,118,119,121,125,126,71","135,72","103,112,123,124,131,140,143,73,74","112,123,124,127,128,129,130,140,73","140,73","112,120,123,124,74","75","76,77","101,102,105,106,112,78,97,98,99","79","80","81,82","83","84","85","86,87","88","180,89,90","91","92","93","94","100","103,112,124","103,112,124,127,128,129,130,138,139,141","107,108,155","109,110,111","112","-113,113","113,114,115,116","123,124","127,128,129,130","127,128,129,130,133,134","127,128,129,130,134","131","132","133,134","133,136,137","134","142","144,145,205","146","147,148,213","148","148,190","149","150","151","152,153","154","158,159","160","161","162","163,164","165","166","167","168","169,170,171,175","172","173","174","175","176","177","179","-181","181","182","183","184","185","186","187","188","189","191","192","193","194,195","196","197","198","200","201","202,203","204","206","207,208","209,210","211","212","215","216","217","218","219","220","221,222","223","224,225","226","227","228","229,230","232","233,234","235"],"selectorListRefs":[169,87,91,72,97,84,148,116,132,82,164,140,78,123,142,111,90,97,167,87,121,88,69,110,2,85,97,42,46,106,157,56,97,97,7,2,103,94,97,97,77,138,16,122,171,105,120,117,118,92,97,97,42,156,67,53,108,3,135,6,115,167,125,14,99,93,166,17,171,167,126,97,97,27,175,30,99,110,70,97,150,39,63,2,97,107,167,54,58,4,161,103,60,21,97,167,97,167,29,97,97,167,130,174,97,71,81,167,55,97,114,2,133,160,76,10,12,167,13,167,167,167,167,97,97,97,167,125,164,101,79,97,97,167,143,99,65,173,95,96,104,62,60,131,73,167,152,153,167,154,119,68,97,110,165,137,11,97,99,64,58,100,167,97,99,99,103,26,98,32,144,98,40,134,43,97,48,51,105,113,167,57,9,167,19,19,102,167,31,97,33,35,36,37,172,151,159,167,74,100,103,50,52,128,1,5,167,58,20,139,168,167,23,61,141,124,94,103,86,59,22,109,97,162,45,167,49,66,163,8,18,97,167,97,167,34,129,16,146,38,41,44,158,167,170,15,24,28,98,0,147,47,155,112,75,25,127,94,94,110,89,83,80,145,149,136],"hostnames":["pl","f5.pl","o2.pl","wp.pl","wp.tv","cda.pl","prv.pl","tko.pl","24pr.pl","ebay.pl","elka.pl","gosc.pl","jeja.pl","mgsm.pl","ndie.pl","onet.pl","open.fm","tlen.pl","ddb24.pl","fpiec.pl","kresy.pl","meteo.pl","money.pl","noizz.pl","pless.pl","senda.pl","sfora.pl","stooq.pl","tkn24.pl","tv.wp.pl","wykop.pl","zwa24.pl","allani.pl","biztok.pl","cypr24.eu","czecho.pl","dom.wp.pl","domodi.pl","dzieci.pl","easygo.pl","efilmy.tv","eku24.net","emka.news","ezg24.net","google.pl","gry.wp.pl","motomi.pl","nslowo.pl","portel.pl","purepc.pl","pytamy.pl","snobka.pl","stooq.com","wprost.pl","www.wp.pl","wylecz.to","antyweb.pl","bolec.info","chojnow.pl","crafted.pl","dvbtmap.eu","egorzow.pl","elblag.net","epainfo.pl","film.wp.pl","filmweb.pl","filmy69.pl","flarrow.pl","google.com","ibielsk.pl","interia.pl","kantory.pl","mazury.com","mecze24.pl","meczyki.pl","milanos.pl","moto.wp.pl","plejada.pl","pudelek.pl","pudelek.tv","radom24.pl","sjp.pwn.pl","tech.wp.pl","tychy.info","wakacje.pl","weszlo.com","wio.waw.pl","zomato.com","autokult.pl","booklips.pl","euro.com.pl","facet.wp.pl","genialne.pl","gorzow.news","hotmoney.pl","imokotow.pl","jejswiat.pl","lowicz24.eu","menworld.pl","mojeauto.pl","odkrywcy.pl","ototorun.pl","pomponik.pl","tekstowo.pl","wawalove.pl","wideo.wp.pl","zalukaj.com","zambrow.org","zegocina.in","autokrata.pl","benchmark.pl","bielsko.info","cartests.net","chillizet.pl","czasbajki.pl","dbpolska.net","ebarlinek.pl","egarwolin.pl","elektroda.pl","golub-cgd.pl","ikampinos.pl","iotwock.info","izoliborz.pl","kafeteria.pl","kafeteria.tv","komediowo.pl","lipno-cli.pl","lowcygier.pl","miedziowe.pl","moneyv.wp.pl","motobanda.pl","nasygnale.pl","nocowanie.pl","nolesnica.pl","ogrodinfo.pl","opinie.wp.pl","parenting.pl","petronews.pl","poczta.o2.pl","poczta.wp.pl","pogoda.wp.pl","polygamia.pl","pysznosci.pl","repairlab.pl","rydzyna24.pl","rypin-cry.pl","tabletowo.pl","tv-wschod.pl","twojradom.pl","w-poblizu.pl","webcamera.pl","www.money.pl","abczdrowie.pl","auto-swiat.pl","bezprawnik.pl","cryptonews.pl","e-hotelarz.pl","echirurgia.pl","finanse.wp.pl","fitness.wp.pl","fotoblogia.pl","gwiazdy.wp.pl","ibialoleka.pl","inwestycje.pl","kobieta.wp.pl","ksiazki.wp.pl","kuchnia.wp.pl","lebork24.info","magazyn.wp.pl","naszamlawa.pl","pilkanozna.pl","so-magazyn.pl","spidersweb.pl","spolka.cda.pl","super-nowa.pl","totalmoney.pl","voltahorse.pl","wiesci.com.pl","wroclaw.wp.pl","www.grymel.pl","zycie.pila.pl","autocentrum.pl","czaskultury.pl","e-wyszogrod.pl","glogow-info.pl","glogow.info.pl","horoskop.wp.pl","infosiedlce.pl","mobileclick.pl","mojeosiedle.pl","naszemiasto.pl","nowy-sacz.info","originals24.pl","portalplock.pl","powiatowa.info","sprzedajemy.pl","strabag-pfs.pl","szczecinek.com","tapeciarnia.pl","teleshow.wp.pl","wawalove.wp.pl","wiesci.info.pl","www.bankier.pl","www.interia.pl","bielskirynek.pl","braclowiecka.pl","brodnica-cbr.pl","gadzetomania.pl","gloszabrza24.pl","gorzowianin.com","it-manuals.info","itvpiaseczno.pl","katowice24.info","komorkomania.pl","lubimyczytac.pl","milionkobiet.pl","smaczneblogi.pl","turystyka.wp.pl","www.ps4forum.pl","dobreprogramy.pl","halogorlice.info","komputerswiat.pl","niewiarygodne.pl","pogonsportnet.pl","telewizjazary.pl","wabrzezno-cwa.pl","warzywapolowe.pl","wiadomosci.wp.pl","ziemiadebicka.pl","czasciechanowa.pl","gazeta-mlawska.pl","interaktywnie.com","ipragapoludnie.pl","kazimierzdolny.pl","kurierpodlaski.pl","niebezpiecznik.pl","poczta.interia.pl","express-miejski.pl","poradnikzdrowie.pl","przyslijprzepis.pl","starosadeckie.info","szczebrzeszyn.info","www.poloniainfo.se","ciechanowinaczej.pl","encyklopedia.pwn.pl","expresskaszubski.pl","komputerowapasja.pl","meczewinternecie.pl","sportowefakty.wp.pl","badaniaprenatalne.pl","portal.abczdrowie.pl","tygodnik.szczytno.pl","wirtualnygarwolin.pl","www.4clubbers.com.pl","www.dobreprogramy.pl","korsokolbuszowskie.pl","mamdziecko.interia.pl","pytania.abczdrowie.pl","ranking.abczdrowie.pl","businessinsider.com.pl","forum.dobreprogramy.pl","gry-online.poszkole.pl","national-geographic.pl","podkarpackahistoria.pl","przegladpiaseczynski.pl","ciekawostkihistoryczne.pl"],"hasEntities":false,"fromRegexes":[]}