{"selectors":["{\"selector\":\".col_del\",\"tasks\":[[\"has-text\",\"ปิดป้ายนี้\"]]}","{\"selector\":\"div.panel-primary.panel\",\"tasks\":[[\"has-text\",\"Text Link Ads\"]]}","{\"selector\":\"#above_comments\",\"tasks\":[[\"has\",{\"selector\":\"h2\",\"tasks\":[[\"has-text\",\"/Blognone Workplace/\"]]}]]}","{\"selector\":\".elementor-widget-container div[data-advadstrackid]\",\"tasks\":[[\"upward\",2]]}","{\"selector\":\".code-block a[onclick*=\\\"'banner'\\\"]\",\"tasks\":[[\"upward\",2]]}","{\"selector\":\".news-detail p\",\"tasks\":[[\"has-text\",\"/Advertisement/\"]]}","{\"selector\":\"#postlist li[id^=\\\"post_\\\"]\",\"tasks\":[[\"has\",{\"selector\":\".posthead:has(span a[href*=\\\"/advertisement/\\\"])\"}]]}","{\"selector\":\".panel-default\",\"tasks\":[[\"has\",{\"selector\":\"ul li div:has(a[href*=\\\"/game/page/\\\"])\"}]]}","{\"selector\":\".card.game_page\",\"tasks\":[[\"has\",{\"selector\":\".box:has(.box-banner)\"}]]}","{\"selector\":\"div[class^=\\\"card\\\"]\",\"tasks\":[[\"has\",{\"selector\":\"h4\",\"tasks\":[[\"has-text\",\"/RECOMMEND APPS/\"]]}]]}","{\"selector\":\".news_view div div\",\"tasks\":[[\"has-text\",\"/Advertisement/\"]]}","{\"selector\":\".top_banner\",\"tasks\":[[\"has\",{\"selector\":\"div span:has(iframe[src*=\\\"ads.siamphone.com\\\"])\"}]]}","{\"selector\":\".theiaStickySidebar .widget\",\"tasks\":[[\"has\",{\"selector\":\".widget-container p:has(a[rel=\\\"noopener\\\"])\"}]]}","{\"selector\":\".content center\",\"tasks\":[[\"has-text\",\"/Advertisement/\"]]}"],"selectorLists":["0,1","2","3,4","5","6","7","8,9","10","11","12","13"],"selectorListRefs":[3,0,1,6,8,2,5,4,7,10,9],"hostnames":["jarm.com","animedd.xyz","blognone.com","playulti.com","siamphone.com","gamingdose.com","mustplay.in.th","jokergameth.com","popcornfor2.com","thaijobsgov.com","techtalkthai.com"],"hasEntities":false,"fromRegexes":[]}