[
{
 "action": {
  "type": "block"
 },
 "condition": {
  "initiatorDomains": [
   "beeg-pornos.com",
   "besterpornos.com",
   "deinesexfilme.com",
   "deutsche-sexfilme.net",
   "deutschsex.com",
   "deutschsex.mobi",
   "einfachtitten.com",
   "gutesexfilme.com",
   "hd-pornos.info",
   "hd-sexfilme.com",
   "lesbenhd.com",
   "meinyouporn.com",
   "nurxxx.mobi",
   "pornoaffe.com",
   "pornoente.tv",
   "pornofisch.com",
   "pornohammer.com",
   "pornohans.com",
   "pornohirsch.net",
   "pornojenny.com",
   "pornoklinge.com",
   "pornotom.com",
   "pornotommy.com",
   "pornozebra.com",
   "reifporn.de",
   "sexente.com",
   "sexvideos-hd.com",
   "tube8-pornos.com",
   "xhamster-sexvideos.com",
   "xnxx-porno.com"
  ],
  "regexFilter": "^https?:\\/\\/.*\\/[a-z0-9A-Z_]{2,15}\\.(php|jx|jsx|1ph|jsf|jz|jsm|j$)",
  "resourceTypes": [
   "image",
   "script",
   "sub_frame"
  ]
 },
 "id": 1,
 "priority": 10
},
{
 "action": {
  "type": "block"
 },
 "condition": {
  "initiatorDomains": [
   "hammerporno.xxx"
  ],
  "regexFilter": "^https?:\\/\\/.*\\/.*(sw[0-9a-z._-]|\\.notify\\.).*",
  "resourceTypes": [
   "script"
  ]
 },
 "id": 2,
 "priority": 10
},
{
 "action": {
  "type": "block"
 },
 "condition": {
  "domainType": "thirdParty",
  "excludedResourceTypes": [
   "main_frame",
   "media",
   "sub_frame"
  ],
  "initiatorDomains": [
   "190.115.18.20",
   "aniworld.to",
   "bs.to",
   "burningseries.nz",
   "burningseries.sx",
   "burningseries.vc",
   "kinoger.to",
   "megakino.co",
   "s.to",
   "serien.cam",
   "serienstream.to",
   "topstreamfilm.live"
  ],
  "regexFilter": "^https?:\\/\\/[0-9a-z]{8,}\\.com\\/.*"
 },
 "id": 3,
 "priority": 10
},
{
 "action": {
  "type": "block"
 },
 "condition": {
  "domainType": "thirdParty",
  "excludedResourceTypes": [
   "main_frame",
   "media"
  ],
  "initiatorDomains": [
   "kinoger.com",
   "megakino.co",
   "topstreamfilm.live"
  ],
  "regexFilter": "^https?:\\/\\/[0-9a-z]{8,}\\.xyz\\/.*"
 },
 "id": 4,
 "priority": 10
}
]
