[{"action":{"type":"block"},"condition":{"domainType":"thirdParty","excludedRequestDomains":["adatoolbar.com","aswpsdkus.com","chimpstatic.com","clickiocmp.com","mojirater.com","polldaddy.com","squareoffs.com","succeedscene.com","tallysight.com","veraviews.com"],"initiatorDomains":["15min.lt","247sports.com","abc17news.com","addictinggames.com","agrodigital.com","al.com","aliontherunblog.com","allaboutthetea.com","allmusic.com","allthingsthrifty.com","amessagewithabottle.com","arstechnica.com","artforum.com","artnews.com","audiomack.com","awkward.com","azcentral.com","barcablaugranes.com","barnsleychronicle.com","bethcakes.com","betweenenglandandiowa.com","bgr.com","billboard.com","blazersedge.com","blogher.com","bloxinformer.com","blu-ray.com","bluegraygal.com","boredpanda.com","briefeguru.de","brobible.com","cagesideseats.com","cbsnews.com","cbssports.com","celiacandthebeast.com","chaptercheats.com","cheatsheet.com","cleveland.com","clickondetroit.com","coloradoan.com","commercialobserver.com","competentedigitale.ro","cracked.com","dailydot.com","dailykos.com","dailyvoice.com","danslescoulisses.com","databazeknih.cz","deadline.com","decider.com","dexerto.com","didyouknowfacts.com","dogtime.com","dpreview.com","eater.com","ebaumsworld.com","egoallstars.com","eldiariony.com","fark.com","femestella.com","flickr.com","fmradiofree.com","forums.hfboards.com","free-power-point-templates.com","freeconvert.com","frogsandsnailsandpuppydogtail.com","funtasticlife.com","fwmadebycarli.com","golfdigest.com","greenbaypressgazette.com","grunge.com","gulflive.com","hollywoodreporter.com","homeglowdesign.com","honeygirlsworld.com","ibtimes.co.in","imgur.com","indiewire.com","intouchweekly.com","iphoneincanada.ca","jasminemaria.com","kens5.com","kinobox.cz","kion546.com","knowyourmeme.com","krem.com","last.fm","lehighvalleylive.com","lettyskitchen.com","lifeandstylemag.com","lifeinleggings.com","lizzieinlace.com","localnews8.com","lonestarlive.com","macwelt.de","macworld.com","madeeveryday.com","maidenhead-advertiser.co.uk","mandatory.com","mardomreport.net","masslive.com","melangery.com","miamiherald.com","mlive.com","mmamania.com","momtastic.com","mostlymorgan.com","motherwellmag.com","motor1.com","motorsport.com","musicfeeds.com.au","naszemiasto.pl","nationalpost.com","nationalreview.com","nbcsports.com","news.com.au","ninersnation.com","nj.com","nordot.app","nothingbutnewcastle.com","nsjonline.com","nypost.com","observer.com","ontvtonight.com","oregonlive.com","pagesix.com","palmbeachpost.com","patheos.com","pcbolsa.com","pennlive.com","pep.ph","phillyvoice.com","playstationlifestyle.net","pravda.sk","press-citizen.com","prydwen.gg","puckermom.com","pwinsider.com","reelmama.com","reuters.com","rlfans.com","robbreport.com","rollingstone.com","royalmailchat.co.uk","sandrarose.com","sbnation.com","sheknows.com","sidereel.com","silive.com","smartworld.it","sneakernews.com","sourcingjournal.com","sport-fm.gr","sportico.com","sportsgamblingpodcast.com","spotofteadesigns.com","ssnewstelegram.com","stacysrandomthoughts.com","stylecaster.com","superherohype.com","syracuse.com","tablelifeblog.com","tastingtable.com","techcrunch.com","thecelticblog.com","thedailymeal.com","theflowspace.com","themarysue.com","thenerdstash.com","thenerdyme.com","theprudentgarden.com","theverge.com","tiermaker.com","timesofisrael.com","tiscali.cz","tokfm.pl","torontosun.com","tvline.com","usatoday.com","usmagazine.com","variety.com","viralviralvideos.com","wallup.net","wannacomewith.com","wcnc.com","weather.com","wimp.com","windsorexpress.co.uk","woojr.com","worldoftravelswithkids.com","worldstar.com","worldstarhiphop.com","worldsurfleague.com","wunderground.com","wwd.com","wyborkierowcow.pl","wzzm13.com","ydr.com","yourcountdown.to","zdnet.com"],"isUrlFilterCaseSensitive":true,"regexFilter":"^https:\\/\\/[0-9a-z]{7,25}\\.com\\/[_0-9a-z\\/]{2}","requestDomains":["com"],"resourceTypes":["script"]},"id":1,"priority":10},{"action":{"type":"block"},"condition":{"domainType":"thirdParty","initiatorDomains":["animixplay.st","d0000d.com","d000d.com","d0o0d.com","do0od.com","doods.pro","dooodster.com","ds2play.com","ds2video.com","edgedeliverynetwork.com","flamecomics.xyz","ghbrisk.com","kshow123.tv","mixdrop.ps","nxbrew.net","pobreflixtv.uno","readcominonline.li","sussyscan.com","sussytoons.site","veporn.com"],"regexFilter":"^https?:\\/\\/(?:[a-z]{2}\\.)?[0-9a-z]{5,16}\\.[a-z]{3,7}\\/","resourceTypes":["script"]},"id":2,"priority":10},{"action":{"type":"block"},"condition":{"domainType":"thirdParty","initiatorDomains":["123av.com","141jav.com","1piecemanga.com","4chanarchives.com","69shux.co","85po.com","aguea.net","animepelix.net","animerco.org","anizle.org","apkadmin.com","asiaflix.net","bigwarp.art","blogspot.com","bookfrom.net","cdn9mc.com","clicknupload.cfd","comohoy.com","d-pdf.com","desiupload.co","europixhd-official.com","filmnudes.com","flacdownloader.com","fmovies24-to.com","fsportshd.net","fztvseries.ng","hdpornflix.com","hentai2read.com","hianime.nz","hubdrive.space","indi-share.com","ironhentai.com","isekaitube.com","japaneseholes.com","javboys.com","javbraze.com","javhdporn.net","jgvdata.com","jpopsingles.eu","kisshentaiz.com","koshalworld.com","latinluchas.com","loadedfiles.org","loiflix.shop","madouqu.com","manhwa68.com","media.cm","megadiscografiascompletas.com","monoschino2.com","movielysium.net","moviemaniak.com","movies7.us","myxxgirl.com","nekopoi.care","neymartv.net","niraw.com","njav.com","notunmovie.net","novizer.com","nsfwgify.com","omegascans.org","onejav.com","pagalfree.com","pagalnew.com","pagalworld.us","photocalltv.org","pixvid.org","player.subespanolvip.com","plugincrack.com","poophd.pm","popcornmovies.org","pornhoarder.net","pornincest.net","raw.senmanga.com","seriesgod.com","sexiezpix.com","skidrowcodex.net","spotidownloader.com","streampoi.com","surrit.store","sxyprn.com","tapepops.com","thecakeboutiquect.com","thefantazy.com","thepiratebay.org","tokyomotion.net","torbobit.net","torrentgalaxy-official.com","torrentjogos.com.br","towheree.com","uniquestream.net","vidboys.com","xfantazy.com","xmegadrive.com"],"isUrlFilterCaseSensitive":true,"regexFilter":"\\/[0-9a-z]{2}\\/[0-9a-f]{32}\\.js","requestDomains":["com"],"requestMethods":["get"],"resourceTypes":["script","xmlhttprequest"]},"id":3,"priority":10},{"action":{"type":"block"},"condition":{"initiatorDomains":["embedflix.online","koyso.com","methstreams.com","nepu.to"],"regexFilter":"\\/z-[a-z0-9]{7,10}(\\.js)?$","resourceTypes":["script"]},"id":4,"priority":10},{"action":{"type":"block"},"condition":{"domainType":"firstParty","initiatorDomains":["imgadult.com","imgdrive.net","imgtaxi.com","imgwallet.com"],"regexFilter":"(?:com|net)\\/[0-9a-f]{12}\\.js$","resourceTypes":["script"]},"id":5,"priority":10},{"action":{"type":"block"},"condition":{"domainType":"firstParty","initiatorDomains":["imgadult.com","imgdrive.net","imgtaxi.com","imgwallet.com"],"regexFilter":"(?:com|net)\\/[a-z-]{3,10}\\.html$","resourceTypes":["sub_frame"]},"id":6,"priority":10},{"action":{"type":"block"},"condition":{"initiatorDomains":["chatgpt.com","openai.com","sora.com"],"regexFilter":"^https?:\\/\\/chatgpt\\.com\\/ces\\/v1\\/[a-z]$","requestMethods":["post"],"resourceTypes":["xmlhttprequest"]},"id":7,"priority":10},{"action":{"type":"block"},"condition":{"domainType":"firstParty","initiatorDomains":["teen-hd-sex.com","tube-teen-18.com","xxx-asian-tube.com"],"regexFilter":"\\.com\\/[0-9a-z]{12,}\\/[0-9a-z]{12,}\\.js$","resourceTypes":["script"]},"id":8,"priority":10},{"action":{"type":"allow"},"condition":{"domainType":"thirdParty","initiatorDomains":["maxstream.video","uprot.net"],"regexFilter":"^https:\\/\\/ads\\.host-cdn\\.net\\/\\w+\\.js\\?\\w+$","requestDomains":["ads.host-cdn.net"],"resourceTypes":["script"]},"id":9,"priority":30},{"action":{"type":"block"},"condition":{"domainType":"thirdParty","regexFilter":"^https?:\\/\\/[-a-z]{8,15}\\.(?:com|net)\\/400\\/\\d{7}(?:\\?v=\\d+)?$","requestDomains":["com","net"],"resourceTypes":["script"]},"id":10,"priority":10},{"action":{"type":"block"},"condition":{"domainType":"thirdParty","regexFilter":"^https?:\\/\\/[-a-z]{8,15}\\.(?:com|net)\\/401\\/\\d{7}(?:\\?v=\\d+)?$","requestDomains":["com","net"],"resourceTypes":["script"]},"id":11,"priority":10},{"action":{"type":"block"},"condition":{"domainType":"thirdParty","initiatorDomains":["marketwatch.com","wsj.com"],"isUrlFilterCaseSensitive":true,"regexFilter":"\\.cloudfront\\.net\\/[a-z]{9,12}\\.js$","resourceTypes":["script"]},"id":12,"priority":10},{"action":{"type":"block"},"condition":{"domainType":"thirdParty","regexFilter":"^https?:\\/\\/[-a-z]{8,15}\\.(?:com|net)\\/500\\/\\d{7}\\?","requestDomains":["com","net"],"resourceTypes":["xmlhttprequest"]},"id":13,"priority":10},{"action":{"type":"allow"},"condition":{"domainType":"firstParty","initiatorDomains":["pussyspace.com","pussyspace.net"],"regexFilter":"^https:\\/\\/[a-z]\\.pussyspace\\.(?:com|net)\\/sb\\/t\\/\\d{6,8}\\/\\d\\/\\d\\/w:300\\/t\\d{1,2}-enh\\/(?:[0-9a-z]+-)*[0-9a-z]+\\.jpg$","resourceTypes":["image"]},"id":14,"priority":30},{"action":{"type":"block"},"condition":{"domainType":"firstParty","initiatorDomains":["hottystop.com"],"regexFilter":"\\.com\\/[_0-9a-zA-Z]+\\.jpg$","resourceTypes":["image"]},"id":15,"priority":10},{"action":{"type":"block"},"condition":{"domainType":"firstParty","initiatorDomains":["playsexgames.xxx"],"regexFilter":"xxx\\/(?:[a-z]+[_-]){1,2}[a-z]+\\.(?:gif|jpg)$","resourceTypes":["image"]},"id":16,"priority":10},{"action":{"type":"block"},"condition":{"domainType":"firstParty","initiatorDomains":["palcomix.com"],"regexFilter":"\\.com\\/(full)?ad[0-9a-z]+\\.(?:gif|jpg)$","resourceTypes":["image"]},"id":17,"priority":10},{"action":{"type":"block"},"condition":{"domainType":"thirdParty","excludedInitiatorDomains":["edu.ag","edu.by","edu.bz","edu.ge","edu.in","edu.me","edu.pe","edu.so","edu.ws","gov.ag","gov.by","gov.bz","gov.ge","gov.in","gov.me","gov.sh","gov.so","gov.to","gov.tv","gov.ws","proton.me","twitch.tv"],"initiatorDomains":["ad","ag","app","bet","biz","blue","boo","by","bz","casa","cc","ceo","cfd","click","club","com.se","cx","cyou","dad","day","dev","download","forum","fun","gdn","ge","hair","homes","how","icu","in","info","is","lat","link","live","lol","ltd","me","media","mobi","moe","monster","one","onl","online","page","pe","pro","re","red","sbs","sh","site","skin","space","stream","tel","to","today","top","tube","tv","world","ws","xyz"],"isUrlFilterCaseSensitive":true,"regexFilter":"\\/[0-9a-z]{2}\\/[0-9a-f]{32}\\.js","requestDomains":["com"],"requestMethods":["get"],"resourceTypes":["script","xmlhttprequest"]},"id":18,"priority":10},{"action":{"type":"block"},"condition":{"domainType":"firstParty","initiatorDomains":["demonoid.is"],"isUrlFilterCaseSensitive":true,"regexFilter":"demonoid\\.is\\/[a-z0-9]{24}\\.jpg$","resourceTypes":["image"]},"id":19,"priority":10},{"action":{"type":"block"},"condition":{"domainType":"firstParty","initiatorDomains":["distrowatch.com"],"regexFilter":"^https:\\/\\/distrowatch\\.com\\/images\\/[a-z]+\\/[a-z]+$","resourceTypes":["image"]},"id":20,"priority":10},{"action":{"type":"block"},"condition":{"domainType":"firstParty","initiatorDomains":["hentai2w.com"],"regexFilter":"\\.com\\/\\d+\\/[0-9a-z]+\\.js$","resourceTypes":["script"]},"id":21,"priority":10},{"action":{"type":"block"},"condition":{"domainType":"firstParty","initiatorDomains":["camvideos.org"],"regexFilter":"\\/[0-9a-f]{12}\\.js$","resourceTypes":["script"]},"id":22,"priority":10},{"action":{"type":"block"},"condition":{"domainType":"firstParty","initiatorDomains":["povaddict.com"],"regexFilter":"\\.com\\/[a-zA-Z]{10}\\.js$","resourceTypes":["script"]},"id":23,"priority":10},{"action":{"type":"block"},"condition":{"domainType":"firstParty","initiatorDomains":["zetporn.com"],"regexFilter":"\\.com\\/[A-Za-z]{9,}\\/[A-Za-z]{9,}\\.js$","resourceTypes":["script"]},"id":24,"priority":10},{"action":{"type":"block"},"condition":{"domainType":"firstParty","initiatorDomains":["fleshed.com"],"regexFilter":"\\/static\\/[0-9a-z]+\\/[0-9a-z]+\\.js$","resourceTypes":["script"]},"id":25,"priority":10},{"action":{"type":"block"},"condition":{"domainType":"firstParty","initiatorDomains":["eropics.to"],"regexFilter":"\\beropics\\.to\\/[a-zA-Z0-9]{8}\\.js$","resourceTypes":["script"]},"id":26,"priority":10},{"action":{"type":"block"},"condition":{"initiatorDomains":["555.porn","abjav.com","abxxx.com","aniporn.com","asiantv.fun","bdsmx.tube","bigdick.tube","blackporn.tube","gaytxxx.com","hclips.com","hdzog.com","hdzog.tube","hotmovs.com","hotmovs.tube","imzog.com","in-porn.com","inporn.com","javdaddy.com","manysex.com","manysex.tube","mrgay.tube","onlyporn.tube","porn555.com","pornclassic.tube","pornforrelax.com","porngo.tube","pornhits.com","pornj.com","pornl.com","pornq.com","porntop.com","pornzog.com","privatehomeclips.com","puporn.com","see.xxx","senzuri.tube","sextu.com","shemalez.com","shemalez.tube","sss.xxx","teenorgy.video","thegay.com","thegay.tube","transtxxx.com","tubepornclassic.com","tuberel.com","txxx.com","txxx.tube","txxxporn.tube","upornia.com","upornia.tube","vjav.com","vjav.tube","voyeurhit.com","voyeurhit.tube","vxxx.com","xjav.tube","xmilf.com"],"regexFilter":"\\.[a-z]{3,5}\\/[0-9a-z]{8,12}\\/[0-9a-z]{8,12}\\.js$","resourceTypes":["script"]},"id":27,"priority":10},{"action":{"type":"block"},"condition":{"domainType":"thirdParty","isUrlFilterCaseSensitive":true,"regexFilter":"^https?:\\/\\/[-a-z]{6,}\\.(?:com?|info|pro|xyz)\\/[a-d][-\\.\\/_A-Za-z][DHWXm][-\\.\\/_A-Za-z][59FVZ][-\\.\\/_A-Za-z][6swyz][-\\.\\/_A-Za-z][-\\/_0-9a-zA-Z][-\\.\\/_A-Za-z][-\\/_0-9a-zA-Z]+(?:$|\\?)","requestDomains":["co","com","info","pro","xyz"],"resourceTypes":["script","xmlhttprequest"]},"id":28,"priority":10},{"action":{"type":"block"},"condition":{"domainType":"firstParty","initiatorDomains":["joysporn.sex"],"regexFilter":"\\/js\\/[a-z]j\\.js$","resourceTypes":["script"]},"id":29,"priority":10},{"action":{"type":"block"},"condition":{"domainType":"firstParty","initiatorDomains":["thesun.co.uk"],"isUrlFilterCaseSensitive":true,"regexFilter":"^https:\\/\\/www\\.thesun\\.co\\.uk\\/[0-9a-z]{32}\\.js$","resourceTypes":["script"]},"id":30,"priority":10},{"action":{"type":"block"},"condition":{"domainType":"firstParty","initiatorDomains":["hunterscomics.com"],"regexFilter":"^https:\\/\\/hunterscomics\\.com\\/wp-content\\/themes(\\/[a-f]{6}){2}\\.js\\?ver=","resourceTypes":["script"]},"id":31,"priority":10},{"action":{"type":"block"},"condition":{"domainType":"thirdParty","excludedInitiatorDomains":["edu.in","edu.me","edu.ng","edu.nz","edu.pk","edu.pm","edu.so","edu.sv","edu.ug","edu.ws","gov.gg","gov.in","gov.me","gov.ng","gov.nz","gov.pk","gov.so","gov.sx","gov.to","gov.tv","gov.ws","proton.me","twitch.tv"],"initiatorDomains":["blog","buzz","cam","cc","click","cyou","dad","download","gg","homes","in","info","ink","life","link","live","lol","me","ng","nz","pk","pm","pro","rest","site","so","soccer","stream","sv","sx","to","today","top","tube","tv","ug","ws","xyz"],"regexFilter":"^https?:\\/\\/[a-z]{8,15}\\.com\\/$","requestDomains":["com"],"requestMethods":["head"],"resourceTypes":["xmlhttprequest"]},"id":32,"priority":10},{"action":{"type":"block"},"condition":{"domainType":"firstParty","initiatorDomains":["souq-design.com"],"regexFilter":"^https:\\/\\/souq-design\\.com\\/wp-content\\/uploads(?:\\/[a-f]{6}){2}.js\\?ver=","resourceTypes":["script"]},"id":33,"priority":10},{"action":{"type":"block"},"condition":{"domainType":"firstParty","initiatorDomains":["kick.com"],"isUrlFilterCaseSensitive":true,"regexFilter":"^https:\\/\\/kick\\.com\\/[0-9A-z]{16}\\/[0-9A-z]{16}\\?apiKey=","resourceTypes":["script"]},"id":34,"priority":10},{"action":{"type":"block"},"condition":{"domainType":"firstParty","initiatorDomains":["mudah.my"],"regexFilter":"^https:\\/\\/mudah\\.my\\/[a-zA-Z0-9]{16}\\/[a-zA-Z0-9]{16}\\?apiKey=","resourceTypes":["script"]},"id":35,"priority":10},{"action":{"type":"block"},"condition":{"domainType":"thirdParty","isUrlFilterCaseSensitive":true,"regexFilter":"^https:\\/\\/[a-z]{3,5}\\.[a-z]{10,14}\\.top\\/[a-z]{10,16}\\/[a-z]{5,6}(?:\\?d=\\d)?$","requestDomains":["top"],"resourceTypes":["script","xmlhttprequest"]},"id":36,"priority":10},{"action":{"type":"block"},"condition":{"domainType":"firstParty","initiatorDomains":["club","com","one","pro"],"regexFilter":"\\/js\\/\\d{2,3}eka\\d{2,3}\\.js$","resourceTypes":["script"]},"id":37,"priority":10},{"action":{"type":"block"},"condition":{"domainType":"thirdParty","isUrlFilterCaseSensitive":true,"regexFilter":"^https:\\/\\/[a-z]{8,12}\\.com\\/en\\/(?:[a-z]{2,10}\\/){0,2}[a-z]{2,}\\?(?:[a-z]+=[^&=?\\s]*?&)*?id=[12]\\d{6}\\b","requestDomains":["com"],"resourceTypes":["script"]},"id":38,"priority":10},{"action":{"type":"block"},"condition":{"domainType":"thirdParty","regexFilter":"^https:\\/\\/(?:cdn77\\.)?aj[0-9a-z]{2}\\d{2}\\.online\\/[0-9a-z]{8}\\.js$","requestDomains":["online"],"resourceTypes":["script"]},"id":39,"priority":10},{"action":{"type":"block"},"condition":{"domainType":"thirdParty","regexFilter":"^https:\\/\\/(?:cdn77\\.)?aj[0-9a-z]{2}\\d{2}\\.bid\\/[0-9a-z]{8}\\.js$","requestDomains":["bid"],"resourceTypes":["script"]},"id":40,"priority":10},{"action":{"type":"block"},"condition":{"domainType":"thirdParty","isUrlFilterCaseSensitive":true,"regexFilter":"^https:\\/\\/[a-z]{2}\\.[a-z]+\\.com\\/r[0-9A-Za-z]{17,26}\\/\\d{4,6}$","requestDomains":["com"],"resourceTypes":["script"]},"id":41,"priority":10},{"action":{"type":"block"},"condition":{"domainType":"thirdParty","regexFilter":"^https:\\/\\/(?:cdn77\\.)?aj\\d{4}\\.bid\\/.+\\?","requestDomains":["bid"],"requestMethods":["get"],"resourceTypes":["xmlhttprequest"]},"id":42,"priority":10},{"action":{"type":"block"},"condition":{"domainType":"firstParty","initiatorDomains":["gsmarena.com"],"regexFilter":"\\.gsmarena\\.com\\/[0-9]+\\.php3","resourceTypes":["xmlhttprequest"]},"id":43,"priority":10},{"action":{"type":"block"},"condition":{"regexFilter":"^https?:\\/\\/.*\\/easylist\\/[0-9]{5}"},"id":44,"priority":10},{"action":{"type":"block"},"condition":{"regexFilter":"devfiles.pages.dev\\/img\\/[a-zA-Z0-9]{8,}.jpeg","resourceTypes":["image"]},"id":45,"priority":10},{"action":{"type":"block"},"condition":{"regexFilter":"^https:\\/\\/([a-z]+\\.)?sythe\\.org\\/[\\w\\W]{30,}","resourceTypes":["image"]},"id":46,"priority":10},{"action":{"type":"block"},"condition":{"regexFilter":"\\/t\\/[0-9]{3}\\/[0-9]{3}\\/a[0-9]{4,9}\\.js$","resourceTypes":["script"]},"id":47,"priority":10},{"action":{"type":"block"},"condition":{"domainType":"thirdParty","excludedInitiatorDomains":["edu.in","edu.me","edu.ng","edu.nz","edu.pk","edu.pm","edu.so","edu.sv","edu.ug","edu.ws","gov.gg","gov.in","gov.me","gov.ng","gov.nz","gov.pk","gov.so","gov.sx","gov.to","gov.tv","gov.ws","proton.me","twitch.tv"],"initiatorDomains":["blog","buzz","cam","cc","click","cyou","dad","download","gg","homes","in","info","ink","life","link","live","lol","me","ng","nz","pk","pm","pro","rest","site","so","soccer","stream","sv","sx","to","today","top","tube","tv","ug","ws","xyz"],"regexFilter":"^https?:\\/\\/[a-z]{8,15}\\.net\\/$","requestDomains":["net"],"requestMethods":["head"],"resourceTypes":["xmlhttprequest"]},"id":48,"priority":10},{"action":{"type":"block"},"condition":{"regexFilter":"^https:\\/\\/grabify\\.org\\/[A-Z0-9]+$","resourceTypes":["main_frame"]},"id":49,"priority":10},{"action":{"type":"block"},"condition":{"domainType":"firstParty","regexFilter":"\\/assets\\/jquery\\/jquery-\\d\\.\\d\\.(?:\\d\\.)?min\\.js\\?(?:v=2)?&?type=(?:adult|mainstream)$","resourceTypes":["script"]},"id":50,"priority":10},{"action":{"type":"block"},"condition":{"domainType":"thirdParty","regexFilter":"^https?:\\/\\/[0-9a-z]{13,14}\\.cloudfront\\.net\\/\\?[a-z]{3,5}=\\d{6,7}$","resourceTypes":["script","xmlhttprequest"]},"id":51,"priority":10},{"action":{"type":"block"},"condition":{"domainType":"thirdParty","regexFilter":"^https?:\\/\\/[a-z0-9]{5,15}\\.[a-z]{2,3}\\/5\\/\\d{6,7}(?:\\?_=\\d+|\\/\\??)?$","resourceTypes":["script","xmlhttprequest"]},"id":52,"priority":10},{"action":{"type":"block"},"condition":{"domainType":"thirdParty","regexFilter":"^https?:\\/\\/[a-z]{6,12}\\.com\\/script\\/n[a-z]su\\.js$","resourceTypes":["script"]},"id":53,"priority":10},{"action":{"type":"block"},"condition":{"domainType":"thirdParty","regexFilter":"^https:\\/\\/[a-z]{8}\\.xyz\\/main\\.js$","resourceTypes":["script"]},"id":54,"priority":10},{"action":{"type":"block"},"condition":{"domainType":"thirdParty","excludedInitiatorDomains":["edu","gov"],"isUrlFilterCaseSensitive":true,"regexFilter":"^https?:\\/\\/cdn\\.[a-z]{3,8}\\.[a-z]{2,6}\\/app\\.js$","resourceTypes":["script"]},"id":55,"priority":10},{"action":{"type":"block"},"condition":{"domainType":"thirdParty","excludedInitiatorDomains":["edu.in","edu.me","edu.ng","edu.nz","edu.pk","edu.pm","edu.so","edu.sv","edu.ug","edu.ws","gov.gg","gov.in","gov.me","gov.ng","gov.nz","gov.pk","gov.so","gov.sx","gov.to","gov.tv","gov.ws","proton.me","twitch.tv"],"initiatorDomains":["blog","buzz","cam","cc","click","cyou","dad","download","gg","homes","in","info","ink","life","link","live","lol","me","ng","nz","pk","pm","pro","rest","site","so","soccer","stream","sv","sx","to","today","top","tube","tv","ug","ws","xyz"],"regexFilter":"^https?:\\/\\/[a-z]{8,15}\\.xyz\\/$","requestDomains":["xyz"],"requestMethods":["head"],"resourceTypes":["xmlhttprequest"]},"id":56,"priority":10},{"action":{"type":"block"},"condition":{"domainType":"thirdParty","initiatorDomains":["analdin.com","bestjavporn.com","ero-anime.website","hdpornflix.com","javdock.com","javtiful.com","onscreens.me","supjav.com","up4fun.top"],"isUrlFilterCaseSensitive":true,"regexFilter":"\\.[a-z]{2,6}\\/[0-9a-zA-Z]{5,7}\\.js$","resourceTypes":["script"]},"id":57,"priority":10},{"action":{"type":"block"},"condition":{"domainType":"thirdParty","isUrlFilterCaseSensitive":true,"regexFilter":"^https:\\/\\/(?:[a-z]{2}\\.)?[a-z]{7,14}\\.[a-z]{3,7}\\/[a-z][0-9A-Za-z]{10,16}\\/[A-Za-z]{5}(?:\\?_=\\d+)?$","resourceTypes":["script"]},"id":58,"priority":10},{"action":{"type":"block"},"condition":{"domainType":"firstParty","initiatorDomains":["arabshentai.com","filmyzones.com"],"isUrlFilterCaseSensitive":true,"regexFilter":"\\/wp-content\\/plugins\\/[a-f]{6}\\.js\\?ver=","resourceTypes":["script"]},"id":59,"priority":10},{"action":{"type":"block"},"condition":{"domainType":"thirdParty","excludedInitiatorDomains":["edu.me","edu.pm","gov.me","proton.me"],"initiatorDomains":["info","me","pm"],"isUrlFilterCaseSensitive":true,"regexFilter":"\\.cloudfront\\.net\\/[-+\\/0-9a-zA-Z]{13,}$","requestDomains":["cloudfront.net"],"resourceTypes":["script"],"responseHeaders":[{"header":"x-amz-cf-pop"}]},"id":60,"priority":10},{"action":{"type":"block"},"condition":{"domainType":"firstParty","initiatorDomains":["netembed.xyz"],"regexFilter":"^https:\\/\\/netembed\\.xyz\\/[a-f0-9]{32}\\.js\\b","resourceTypes":["script"]},"id":61,"priority":10},{"action":{"type":"block"},"condition":{"domainType":"thirdParty","initiatorDomains":["txxx.com"],"regexFilter":"\\.\\d{1,2}\\.[0-9a-f]{32}\\.js$","requestDomains":["js.txxx.tube"],"resourceTypes":["script"]},"id":62,"priority":10},{"action":{"type":"block"},"condition":{"domainType":"thirdParty","excludedInitiatorDomains":["edu","gov"],"excludedRequestDomains":["exploretock.com","photopea.com"],"isUrlFilterCaseSensitive":true,"regexFilter":"^https:\\/\\/www\\.[a-z]{8,14}\\.com\\/[a-z]{1,4}\\.js$","requestDomains":["com"],"resourceTypes":["script"],"responseHeaders":[{"header":"x-powered-by","values":["Express"]}]},"id":63,"priority":10},{"action":{"type":"block"},"condition":{"domainType":"thirdParty","isUrlFilterCaseSensitive":true,"regexFilter":"^https:\\/\\/[a-z]{2}\\.[a-z]{7,14}\\.com\\/r[0-9A-Za-z]{10,16}\\/[A-Za-z]{4,5}$","resourceTypes":["script","xmlhttprequest"]},"id":64,"priority":10},{"action":{"type":"block"},"condition":{"domainType":"thirdParty","regexFilter":"^https?:\\/\\/[a-z]{8,15}\\.xyz\\/$","requestDomains":["xyz"],"requestMethods":["head"],"resourceTypes":["xmlhttprequest"],"responseHeaders":[{"header":"access-control-expose-headers","values":["*X-DirectionPartner-Id*"]}]},"id":65,"priority":10},{"action":{"type":"block"},"condition":{"domainType":"thirdParty","regexFilter":"^https?:\\/\\/[a-z]{8,15}\\.com\\/$","requestDomains":["com"],"requestMethods":["head"],"resourceTypes":["xmlhttprequest"],"responseHeaders":[{"header":"access-control-expose-headers","values":["*X-DirectionPartner-Id*"]}]},"id":66,"priority":10},{"action":{"type":"block"},"condition":{"domainType":"firstParty","isUrlFilterCaseSensitive":true,"regexFilter":"\\/_static\\/[a-z0-9]{12}\\.js\\?nonce=\\d+$","resourceTypes":["script"],"responseHeaders":[{"header":"server","values":["*openresty/*"]}]},"id":67,"priority":10},{"action":{"type":"block"},"condition":{"domainType":"thirdParty","initiatorDomains":["japscan.foo","japscan.lol","japscan.si","japscan.vip"],"isUrlFilterCaseSensitive":true,"regexFilter":"^https:\\/\\/acscdn\\.com\\/script\\/(?:aclib|atg|compatibility|ippg|suv4|ut)\\.js\\??(?:cb=\\d{13})?$","resourceTypes":["script"]},"id":68,"priority":40},{"action":{"type":"block"},"condition":{"domainType":"thirdParty","excludedInitiatorDomains":["edu","gov"],"isUrlFilterCaseSensitive":true,"regexFilter":"^https?:\\/\\/[a-z]{5,7}\\.com\\/script\\/[-_0-9A-Za-z]+(\\.min)?\\.js$","resourceTypes":["script"],"responseHeaders":[{"header":"x-guploader-uploadid"}]},"id":69,"priority":10},{"action":{"type":"block"},"condition":{"domainType":"thirdParty","excludedInitiatorDomains":["edu","gov"],"isUrlFilterCaseSensitive":true,"regexFilter":"^https:\\/\\/[0-9a-z]{6,12}\\.(?:com|in)(?:\\/[a-z]{2,10}){1,3}$","requestDomains":["com","in"],"resourceTypes":["script"],"responseHeaders":[{"header":"etag","values":["W/\"*-*\""]}]},"id":70,"priority":10},{"action":{"type":"block"},"condition":{"domainType":"firstParty","initiatorDomains":["igg-games.co","igg-games.com","pcgamestorrents.com","pcgamestorrents.org"],"isUrlFilterCaseSensitive":true,"regexFilter":"\\/uploads\\/2025\\/\\d{2}\\/[0-9a-z]{6,12}\\.jpg$","resourceTypes":["image"]},"id":71,"priority":10},{"action":{"type":"block"},"condition":{"excludedRequestDomains":["edu","gov"],"isUrlFilterCaseSensitive":true,"regexFilter":"^https?:\\/\\/a\\.[-0-9a-z]{4,}\\.[a-z]{2,5}\\/[0-9a-zA-Z]{5,7}\\.js$","resourceTypes":["script"]},"id":72,"priority":10},{"action":{"type":"block"},"condition":{"excludedRequestDomains":["edu","gov"],"isUrlFilterCaseSensitive":true,"regexFilter":"^https?:\\/\\/asg\\.[-0-9a-z]{4,}\\.[a-z]{2,5}\\/[0-9a-zA-Z]{5,7}\\.js$","resourceTypes":["script"]},"id":73,"priority":10},{"action":{"type":"block"},"condition":{"excludedRequestDomains":["edu","gov"],"isUrlFilterCaseSensitive":true,"regexFilter":"^https?:\\/\\/emsi\\.[-0-9a-z]{4,}\\.[a-z]{2,5}\\/[0-9a-zA-Z]{5,7}\\.js$","resourceTypes":["script"]},"id":74,"priority":10},{"action":{"type":"block"},"condition":{"domainType":"firstParty","initiatorDomains":["gsmarena.com"],"regexFilter":"\\.gsmarena\\.com\\/[0-9]+\\.[a-z]+\\?s?Search=","resourceTypes":["xmlhttprequest"]},"id":75,"priority":10},{"action":{"type":"block"},"condition":{"initiatorDomains":["tr.sportplus.tv"],"regexFilter":"^https:\\/\\/apisplus2\\.live\\/v[0-9]\\.[0-9]\\/[a-z]+$","resourceTypes":["xmlhttprequest"]},"id":76,"priority":10},{"action":{"type":"block"},"condition":{"domainType":"firstParty","initiatorDomains":["mangakakalot.gg","natomanga.com","nelomanga.net"],"isUrlFilterCaseSensitive":true,"regexFilter":"\\/js\\/(?:[a-z]+\\/)?[a-z]+_[a-f0-9]{32}\\.js\\b","resourceTypes":["script"]},"id":77,"priority":10},{"action":{"type":"block"},"condition":{"isUrlFilterCaseSensitive":true,"regexFilter":"\\/static\\/js\\/jav\\.[a-f0-9]{12}\\.js$","resourceTypes":["script"]},"id":78,"priority":10},{"action":{"redirect":{"extensionPath":"/web_accessible_resources/noop.js"},"type":"redirect"},"condition":{"domainType":"thirdParty","initiatorDomains":["japscan.foo","japscan.lol","japscan.si","japscan.vip"],"isUrlFilterCaseSensitive":true,"regexFilter":"^https?:\\/\\/(?:[a-z]{2}\\.)?[a-z]{7,14}\\.[a-z]{3,7}\\/[a-z][0-9A-Za-z]{10,}\\/\\d{4,6}$","resourceTypes":["script"]},"id":79,"priority":41},{"action":{"type":"block"},"condition":{"domainType":"thirdParty","isUrlFilterCaseSensitive":true,"regexFilter":"^https:\\/\\/[0-9a-f]{10}\\.[0-9a-f]{10}\\.com\\/.*\\.js$","requestDomains":["com"],"resourceTypes":["script"]},"id":80,"priority":10},{"action":{"type":"block"},"condition":{"domainType":"thirdParty","initiatorDomains":["animeflv.net","glodls.to","moviesmod.com.pl","playfa.com"],"isUrlFilterCaseSensitive":true,"regexFilter":"^https?:\\/\\/s3\\.us-east-1\\.amazonaws\\.com\\/[0-9a-f]+\\/[0-9a-f]{10}$","resourceTypes":["xmlhttprequest"]},"id":81,"priority":10},{"action":{"type":"block"},"condition":{"domainType":"thirdParty","isUrlFilterCaseSensitive":true,"regexFilter":"^https:\\/\\/[-0-9a-z]{4,7}.[a-z]{3,5}\\/js\\/responsive\\.js$","resourceTypes":["script"],"responseHeaders":[{"header":"x-server"}]},"id":82,"priority":10},{"action":{"type":"block"},"condition":{"domainType":"thirdParty","initiatorDomains":["www.youtube.com"],"regexFilter":"\\.googlevideo\\.com\\/videoplayback\\?expire=(?:[02-9]+|1[1-68-9]\\d+|17[1-48-9]\\d+)&","requestMethods":["get"],"resourceTypes":["xmlhttprequest"]},"id":83,"priority":10},{"action":{"type":"block"},"condition":{"domainType":"thirdParty","initiatorDomains":["7fractals.icu","alexsports.cv","allevertakstream.space","bembed.net","btvsports.my","capo6play.com","capoplay.net","cr7-soccer.store","dropbang.net","embedv.net","listeamed.net","meltol.net","moflix-stream.day","moflix-stream.fans","nativesurge.net","sportstohfa.online","stellarthread.com","sterham.net","streamshunters.eu","totalsportek1000.com","v6embed.xyz","vid-guard.com","vipstand.pm","worldsports.st"],"regexFilter":"\\/[0-9a-f]{32}\\.js","requestDomains":["com"],"resourceTypes":["script","xmlhttprequest"]},"id":84,"priority":10},{"action":{"type":"block"},"condition":{"domainType":"firstParty","excludedInitiatorDomains":["edu","gov"],"isUrlFilterCaseSensitive":true,"regexFilter":"^https:\\/\\/loader\\.[-0-9a-z]+\\.[a-z][a-z][a-z]?\\/loader\\.min\\.js$","resourceTypes":["script"]},"id":85,"priority":10},{"action":{"type":"block"},"condition":{"regexFilter":"^https:\\/\\/supervideo\\.cc\\/[0-9]+\\.js\\b","requestDomains":["supervideo.cc"],"resourceTypes":["script"]},"id":86,"priority":10},{"action":{"type":"block"},"condition":{"domainType":"firstParty","isUrlFilterCaseSensitive":true,"regexFilter":"\\/js\\/script_[0-9][0-9]\\.[0-9][0-9]\\.js\\?[0-9]+$","resourceTypes":["script"]},"id":87,"priority":10},{"action":{"type":"block"},"condition":{"domainType":"thirdParty","excludedInitiatorDomains":["edu","gov"],"isUrlFilterCaseSensitive":true,"regexFilter":"^https?:\\/\\/[-a-z]{9,13}\\.[a-z]+\\/[0-9a-z]+\\?[0-9A-Za-z]{15,}=[%0-9A-Za-z]+$","requestDomains":["online","site","space","store","website"],"requestMethods":["get"],"resourceTypes":["xmlhttprequest"],"responseHeaders":[{"header":"via","values":["2.3 tomcat"]}]},"id":88,"priority":10},{"action":{"redirect":{"regexSubstitution":"\\1\\2"},"type":"redirect"},"condition":{"initiatorDomains":["www.amazon.co.jp","www.amazon.co.uk","www.amazon.com","www.amazon.de","www.primevideo.com"],"regexFilter":"(.*\\/GetPlaybackResources\\?.*)%2CCuepointPlaylist(.*)","resourceTypes":["xmlhttprequest"]},"id":89},{"action":{"type":"block"},"condition":{"isUrlFilterCaseSensitive":true,"regexFilter":"\\.goplay\\.su\\/[a-z][0-9A-Za-z]{10,}\\/\\d{3,6}$","requestDomains":["goplay.su"],"resourceTypes":["xmlhttprequest"]},"id":90,"priority":10},{"action":{"redirect":{"extensionPath":"/web_accessible_resources/noop.js"},"type":"redirect"},"condition":{"domainType":"thirdParty","regexFilter":"^https?:\\/\\/[a-z0-9]{5,15}\\.(?:com|net)\\/tag\\.min\\.js$","requestDomains":["com","net"],"resourceTypes":["script"]},"id":91,"priority":11},{"action":{"type":"block"},"condition":{"domainType":"firstParty","excludedInitiatorDomains":["edu","gov"],"isUrlFilterCaseSensitive":true,"regexFilter":"\\/wp-content\\/uploads(?:\\/[a-f]{6}){2}\\.js","resourceTypes":["script"]},"id":92,"priority":10},{"action":{"redirect":{"extensionPath":"/web_accessible_resources/noop.js"},"type":"redirect"},"condition":{"domainType":"firstParty","initiatorDomains":["zefoy.com"],"regexFilter":"^https:\\/\\/zefoy\\.com\\/[^\\/]+\\?","resourceTypes":["script"]},"id":93,"priority":11},{"action":{"redirect":{"extensionPath":"/web_accessible_resources/noop.js"},"type":"redirect"},"condition":{"domainType":"firstParty","initiatorDomains":["com"],"isUrlFilterCaseSensitive":true,"regexFilter":"^https:\\/\\/[a-z][0-9][0-9][0-9]\\.[a-z]+\\.com\\/script\\.js$","resourceTypes":["script"]},"id":94,"priority":11},{"action":{"type":"block"},"condition":{"domainType":"thirdParty","regexFilter":"^https?:\\/\\/[a-z]{8,15}\\.net\\/$","requestDomains":["net"],"requestMethods":["head"],"resourceTypes":["xmlhttprequest"],"responseHeaders":[{"header":"access-control-expose-headers","values":["*X-DirectionPartner-Id*"]}]},"id":95,"priority":10},{"action":{"type":"block"},"condition":{"domainType":"firstParty","isUrlFilterCaseSensitive":true,"regexFilter":"^https:\\/\\/[a-z0-9]{6,10}\\.[a-z]{2,3}\\/js\\d?\\/noadblocker\\.js(?:\\?v=\\d)?$","resourceTypes":["script"]},"id":96,"priority":10},{"action":{"type":"block"},"condition":{"domainType":"firstParty","excludedInitiatorDomains":["edu","gov"],"isUrlFilterCaseSensitive":true,"regexFilter":"^https:\\/\\/[-a-z0-9]+\\.[a-z]+\\/uploads(?:\\/[a-f]{6}){2}\\.js\\?ver=17\\d{8}$","resourceTypes":["script"]},"id":97,"priority":10},{"action":{"type":"block"},"condition":{"domainType":"firstParty","initiatorDomains":["strumyk.net"],"isUrlFilterCaseSensitive":true,"regexFilter":"^https:\\/\\/strumyk\\.net\\/assets\\/[0-9]+.js$","resourceTypes":["script"]},"id":98,"priority":10},{"action":{"type":"block"},"condition":{"domainType":"thirdParty","isUrlFilterCaseSensitive":true,"regexFilter":"^https?:\\/\\/[a-z]{4,}\\.top\\/z-[a-z0-9]{7,10}$","requestDomains":["top"],"resourceTypes":["script"]},"id":99,"priority":10},{"action":{"type":"block"},"condition":{"domainType":"thirdParty","regexFilter":"^https:\\/\\/[0-9a-z]*\\.?[0-9a-z]+\\.cfd\\/[a-z][0-9A-Za-z]{10,20}\\/[A-Za-z]{5}$","requestDomains":["cfd"],"resourceTypes":["script"]},"id":100,"priority":10},{"action":{"type":"block"},"condition":{"regexFilter":"^https?:\\/\\/(?:ak\\.)?[a-z0-9]{5,15}\\.(?:com|net)\\/1\\/\\d{7}","resourceTypes":["main_frame","sub_frame"]},"id":101,"priority":10},{"action":{"type":"block"},"condition":{"regexFilter":"^https?:\\/\\/(?:ak\\.)?[a-z0-9]{5,15}\\.(?:com|net)\\/4\\/\\d{7}","resourceTypes":["main_frame","sub_frame"]},"id":102,"priority":10},{"action":{"type":"block"},"condition":{"regexFilter":"^https?:\\/\\/(?:ak\\.)?[a-z0-9]{5,15}\\.(?:com|net)\\/5\\/\\d{7}","resourceTypes":["main_frame","sub_frame"]},"id":103,"priority":10},{"action":{"type":"block"},"condition":{"domainType":"firstParty","initiatorDomains":["cloudnestra.com","xyz"],"isUrlFilterCaseSensitive":true,"regexFilter":"\\.[a-z]{2,}\\/[a-f0-9]{32}\\.js\\?_=17\\d+$","resourceTypes":["script"]},"id":104,"priority":10},{"action":{"type":"block"},"condition":{"domainType":"firstParty","initiatorDomains":["manhwass.com"],"isUrlFilterCaseSensitive":true,"regexFilter":"\\.com\\/[0-9a-f]{9}\\.js\\?ver=","resourceTypes":["script"]},"id":105,"priority":10},{"action":{"redirect":{"extensionPath":"/web_accessible_resources/noop.js"},"type":"redirect"},"condition":{"domainType":"thirdParty","regexFilter":"^https?:\\/\\/(?:www\\.|[0-9a-z]+\\.)?[-0-9a-z]+\\.com\\/\\/?(?:[0-9a-z]{2}\\/)+[0-9a-f]+\\.js","requestDomains":["com"],"resourceTypes":["script"]},"id":106,"priority":11},{"action":{"type":"block"},"condition":{"domainType":"thirdParty","isUrlFilterCaseSensitive":true,"regexFilter":"^https:\\/\\/www\\.[a-z]{8,16}\\.com\\/(?:[a-zA-Z]{1,6}\\/){0,2}[a-z]{5,11}\\.min\\.js$","requestDomains":["com"],"resourceTypes":["script"],"responseHeaders":[{"header":"link","values":["*/>;rel=preconnect"]},{"header":"popads-node"}]},"id":107,"priority":10},{"action":{"type":"block"},"condition":{"domainType":"thirdParty","isUrlFilterCaseSensitive":true,"regexFilter":"\\.cloudfront\\.net\\/(?:[a-zA-Z]{1,6}\\/){0,2}[a-z]{5,11}\\.min\\.js$","requestDomains":["cloudfront.net"],"resourceTypes":["script"],"responseHeaders":[{"header":"link","values":["*/>;rel=preconnect"]},{"header":"popads-node"}]},"id":108,"priority":10},{"action":{"type":"block"},"condition":{"isUrlFilterCaseSensitive":true,"regexFilter":"\\/z-\\d{8}\\.js$","resourceTypes":["script"]},"id":109,"priority":10},{"action":{"type":"block"},"condition":{"domainType":"firstParty","excludedInitiatorDomains":["edu","gov"],"isUrlFilterCaseSensitive":true,"regexFilter":"^https:\\/\\/loader\\.[-0-9a-z]+\\.[a-z][a-z][a-z]?\\/script\\/www\\.[-0-9a-z]+\\.js$","resourceTypes":["script"]},"id":110,"priority":10},{"action":{"type":"block"},"condition":{"domainType":"firstParty","initiatorDomains":["smallencode.me"],"regexFilter":"^https:\\/\\/smallencode\\.me\\/[a-zA-Z0-9]+\\/[0-9]+\\.js$","resourceTypes":["script"]},"id":111,"priority":10},{"action":{"type":"block"},"condition":{"domainType":"thirdParty","isUrlFilterCaseSensitive":true,"regexFilter":"^https:\\/\\/[a-z]{2}\\.[a-z]{7,14}\\.shop\\/i[0-9A-Za-z]{10,16}\\/[A-Za-z]{4,5}\\b","resourceTypes":["sub_frame"]},"id":112,"priority":10},{"action":{"type":"block"},"condition":{"domainType":"thirdParty","regexFilter":"^https:\\/\\/[0-9a-z]*\\.?[0-9a-z]+\\.rest\\/[a-z][0-9A-Za-z]{10,20}\\/[A-Za-z]{5}$","requestDomains":["rest"],"resourceTypes":["script"]},"id":113,"priority":10},{"action":{"type":"block"},"condition":{"domainType":"thirdParty","excludedInitiatorDomains":["edu","gov"],"excludedRequestDomains":["edu","gov"],"isUrlFilterCaseSensitive":true,"regexFilter":"^https?:\\/\\/(?:[a-z]{2}\\.)?[a-z]{7,14}\\.[a-z]{3,7}\\/[a-z][0-9A-Za-z]{10,}\\/\\d{3,6}$","resourceTypes":["script"],"responseHeaders":[{"header":"access-control-allow-headers"}]},"id":114,"priority":10},{"action":{"redirect":{"extensionPath":"/web_accessible_resources/noop.js"},"type":"redirect"},"condition":{"domainType":"thirdParty","regexFilter":"^https?:\\/\\/[a-z0-9]{5,15}\\.(?:com|net)\\/tag\\.min\\.js","requestDomains":["com","net"],"resourceTypes":["script"]},"id":115,"priority":11},{"action":{"redirect":{"extensionPath":"/web_accessible_resources/noop.txt"},"type":"redirect"},"condition":{"domainType":"thirdParty","regexFilter":"^https?:\\/\\/[a-z0-9]{5,15}\\.(?:com|net)\\/tag\\.min\\.js","requestDomains":["com","net"],"resourceTypes":["xmlhttprequest"]},"id":116,"priority":11},{"action":{"type":"block"},"condition":{"domainType":"thirdParty","isUrlFilterCaseSensitive":true,"regexFilter":"^https:\\/\\/[-a-z]{8,}\\.com\\/[f-j][-0-9A-Z_a-z]{2,}\\/[0-9A-Za-z][-\\/0-9A-Z_a-z]{7,}$","requestDomains":["com"],"requestMethods":["get"],"resourceTypes":["script"],"responseHeaders":[{"header":"x-request-id"}]},"id":117,"priority":10},{"action":{"type":"block"},"condition":{"domainType":"thirdParty","initiatorDomains":["123movies.tw","1cloudfile.com","745mingiestblissfully.com","9xupload.asia","adblockeronstape.me","adblockeronstreamtape.me","adblockeronstrtape.xyz","adblockplustape.xyz","adblockstreamtape.art","adblockstreamtape.fr","adblockstreamtape.site","adblocktape.online","adblocktape.store","adblocktape.wiki","advertisertape.com","anonymz.com","antiadtape.com","bowfile.com","clickndownload.click","clicknupload.space","cloudvideo.tv","daddylivehd.sx","dailyuploads.net","databasegdriveplayer.xyz","deltabit.co","dood.la","dood.li","dood.pm","dood.re","dood.sh","dood.so","dood.to","dood.watch","dood.wf","dood.ws","dood.yt","doods.pro","dooood.com","dramacool.sr","drivebuzz.icu","ds2play.com","embedplayer.site","embedsb.com","embedsito.com","embedstream.me","engvideo.net","enjoy4k.xyz","eplayvid.net","evoload.io","filemoon.sx","files.im","flexy.stream","fmovies.ps","gaybeeg.info","gdriveplayer.pro","gettapeads.com","givemenbastreams.com","gogoanimes.org","gomo.to","hexload.com","imgtraffic.com","kesini.in","kickasstorrents.to","linkhub.icu","lookmyimg.com","mangareader.to","membed.net","mirrorace.org","mixdrop.ag","mixdrop.click","mixdrop.club","mixdrop.nu","mixdrp.co","movies2watch.tv","mp4upload.com","nelion.me","noblocktape.com","nsw2u.org","olympicstreams.co","ovagames.com","pcgamestorrents.com","putlocker-website.com","reputationsheriffkennethsand.com","rintor.space","rojadirecta1.site","scloud.online","shavetape.cash","skidrowcodex.net","smallencode.me","stapadblockuser.art","stapadblockuser.click","stapadblockuser.info","stapadblockuser.xyz","stape.fun","stapewithadblock.beauty","stapewithadblock.monster","stapewithadblock.xyz","strcloud.in","streamadblocker.cc","streamadblocker.com","streamadblocker.store","streamadblocker.xyz","streamingsite.net","streamlare.com","streamnoads.com","streamta.pe","streamta.site","streamtape.cc","streamtape.com","streamtape.to","streamtape.xyz","streamtapeadblock.art","streamtapeadblockuser.art","streamtapeadblockuser.homes","streamtapeadblockuser.monster","streamtapeadblockuser.xyz","strikeout.ws","strtape.cloud","strtape.tech","strtapeadblock.club","strtapeadblocker.xyz","strtapewithadblock.art","strtapewithadblock.xyz","supervideo.cc","supervideo.tv","tapeadsenjoyer.com","tapeadvertisement.com","tapeantiads.com","tapeblocker.com","tapenoads.com","tapepops.com","tapewithadblock.com","tapewithadblock.org","thepiratebay0.org","thepiratebay10.xyz","theproxy.ws","thevideome.com","toxitabellaeatrebates306.com","un-block-voe.net","upbam.org","upload.do","uproxy.to","upstream.to","userscloud.com","v-o-e-unblock.com","vido.lol","vidsrc.me","vidsrc.stream","vipleague.im","vipleague.pm","voe-unblock.net","voe.sx","vudeo.io","vudeo.net","yesmovies.mn","youtube4kdownloader.com"],"regexFilter":"^https?:\\/\\/[0-9a-z]{5,}\\.com\\/.*","resourceTypes":["script","xmlhttprequest"]},"id":118,"priority":10},{"action":{"type":"block"},"condition":{"domainType":"thirdParty","initiatorDomains":["1link.club","apiyoutube.cc","bestmp3converter.com","daddyhd.com","dood.wf","lulustream.com","mp4upload.com","poscitech.com","sportcast.life","streamhub.to","streamvid.net","tokybook.com","tvshows88.live","uqload.io"],"regexFilter":"^https?:\\/\\/[0-9a-z]{8,}\\.xyz\\/.*","resourceTypes":["xmlhttprequest"]},"id":119,"priority":10},{"action":{"type":"block"},"condition":{"initiatorDomains":["1vag.com","4tube.com","adult-channels.com","analdin.com","biguz.net","bogrodius.com","chikiporn.com","fantasti.cc","fuqer.com","fux.com","hclips.com","heavy-r.com","hog.tv","megapornx.com","milfzr.com","mypornhere.com","porn555.com","pornchimp.com","pornerbros.com","pornj.com","pornl.com","pornototale.com","porntube.com","sexu.com","sss.xxx","thisav.com","titkino.net","tubepornclassic.com","tuberel.com","tubev.sex","txxx.com","vidmo.org","vpornvideos.com","xozilla.com","youporn.lc","youpornhub.it","yourdailypornstars.com"],"regexFilter":"^https?:\\/\\/.*\\/.*sw[0-9._].*","resourceTypes":["script","xmlhttprequest"]},"id":120,"priority":10},{"action":{"type":"block"},"condition":{"initiatorDomains":["gsmarena.com"],"regexFilter":"\\.gsmarena\\.com\\/[0-9]+\\.[a-z]+\\?s?Search=","resourceTypes":["xmlhttprequest"]},"id":121,"priority":10},{"action":{"type":"block"},"condition":{"domainType":"thirdParty","initiatorDomains":["dood.la","dood.pm","dood.sh","dood.so","dood.to","dood.watch","dood.ws"],"regexFilter":"^https?:\\/\\/www\\.[0-9a-z]{8,}\\.com\\/[0-9a-z]{1,4}\\.js$","resourceTypes":["script"]},"id":122,"priority":10},{"action":{"type":"block"},"condition":{"domainType":"thirdParty","regexFilter":"\\/[0-9a-f]{32}\\/invoke\\.js","resourceTypes":["script"]},"id":123,"priority":10},{"action":{"type":"block"},"condition":{"initiatorDomains":["mbna.ca","td.com","tdbank.com"],"regexFilter":"^https?:\\/\\/tmx\\.(td|tdbank)\\.com\\/[a-z0-9]{14,18}\\.js.*","resourceTypes":["script"]},"id":124,"priority":10},{"action":{"type":"block"},"condition":{"initiatorDomains":["kleinanzeigen.de"],"regexFilter":"^https?:\\/\\/fdts\\.ebay-kleinanzeigen\\.de\\/[a-z0-9]{13,18}\\.js\\?","resourceTypes":["script"]},"id":125,"priority":10},{"action":{"type":"block"},"condition":{"initiatorDomains":["spectrum.net"],"regexFilter":"^https?:\\/\\/pov\\.spectrum\\.net\\/[a-zA-Z0-9]{14,}\\.js","resourceTypes":["script"]},"id":126,"priority":10},{"action":{"type":"block"},"condition":{"initiatorDomains":["tjx.com"],"regexFilter":"^https?:\\/\\/tjmaxx\\.tjx\\.com\\/libraries\\/[a-z0-9]{20,}","resourceTypes":["script","xmlhttprequest"]},"id":127,"priority":10},{"action":{"type":"block"},"condition":{"initiatorDomains":["kleinanzeigen.de"],"regexFilter":"^https?:\\/\\/www\\.ebay-kleinanzeigen\\.de\\/[a-z0-9]{8}\\-[0-9a-f]{4}\\-","resourceTypes":["script"]},"id":128,"priority":10},{"action":{"type":"block"},"condition":{"initiatorDomains":["kroger.com"],"regexFilter":"^https?:\\/\\/www\\.kroger\\.com\\/content\\/{20,}","resourceTypes":["script","xmlhttprequest"]},"id":129,"priority":10},{"action":{"type":"block"},"condition":{"regexFilter":"^https?:\\/\\/[-a-z]{4,}\\.com[-.][-a-z0-9]{2,}\\.[a-z]{2,6}\\/","requestDomains":["bid","cc","cfd","cyou","icu","live","online","shop","top","vip","win","world","xin"],"resourceTypes":["main_frame"]},"id":130,"priority":10},{"action":{"type":"block"},"condition":{"regexFilter":"^https?:\\/\\/[-a-z]{4,}\\.org[-.][-a-z0-9]{2,}\\.[a-z]{2,6}\\/","requestDomains":["bid","cc","cfd","cyou","icu","live","online","shop","top","vip","win","world","xin"],"resourceTypes":["main_frame"]},"id":131,"priority":10},{"action":{"type":"block"},"condition":{"regexFilter":"^https?:\\/\\/(?:[-a-z]{4,}\\.)?gov[-.][-a-z0-9]{2,}\\.[a-z]{2,6}\\/","requestDomains":["bid","cc","cfd","cyou","icu","live","online","shop","top","vip","win","world","xin"],"resourceTypes":["main_frame"]},"id":132,"priority":10},{"action":{"type":"block"},"condition":{"isUrlFilterCaseSensitive":true,"regexFilter":"^https?:\\/\\/[-a-z]{4,}\\.(?:com|org)[-.][-a-z]{2,}\\.(?:cc|top|vip|world|xin)\\/pay\\b","requestDomains":["cc","top","vip","world","xin"],"resourceTypes":["main_frame"]},"id":133,"priority":10},{"action":{"type":"block"},"condition":{"isUrlFilterCaseSensitive":true,"regexFilter":"^https?:\\/\\/[-a-z]{4,}\\.(?:com|org)[-.][-a-z]{2,}\\.(?:cc|top|vip|world|xin)\\/us\\b","requestDomains":["cc","top","vip","world","xin"],"resourceTypes":["main_frame"]},"id":134,"priority":10},{"action":{"type":"block"},"condition":{"excludedRequestDomains":["booking.com"],"regexFilter":"^https:\\/\\/booking(-[a-z]{3,}){2}\\.(?:baby|lat|lol|xyz)\\/","requestDomains":["baby","lat","lol","xyz"],"resourceTypes":["main_frame"]},"id":135,"priority":10},{"action":{"type":"block"},"condition":{"regexFilter":"\\.(?:cc|com|top|vip)\\/index\\/index\\/lang\\/[a-z]{2}-[a-z]{2}\\b","requestDomains":["cc","com","top","vip"],"resourceTypes":["main_frame"]},"id":136,"priority":10},{"action":{"type":"block"},"condition":{"excludedRequestDomains":["facebook.com"],"isUrlFilterCaseSensitive":true,"regexFilter":"\\.(?:click|pages\\.dev|surge\\.sh)\\/help\\/contact\\/\\d{14,19}\\b","requestDomains":["click","pages.dev","surge.sh"],"resourceTypes":["main_frame"]},"id":137,"priority":10},{"action":{"type":"block"},"condition":{"regexFilter":"^https:\\/\\/([a-z]-){10,15}[a-z]\\.(?:com|net|org)\\.tr\\/","requestDomains":["com.tr","net.tr","org.tr"],"resourceTypes":["main_frame"]},"id":138,"priority":10},{"action":{"type":"block"},"condition":{"excludedRequestDomains":["reddit.com"],"regexFilter":"^https?:\\/\\/reddit-\\d{1,2}\\.[a-z]{4}\\.(?:net|org|pw)\\/","requestDomains":["net","org","pw"],"resourceTypes":["main_frame"]},"id":139,"priority":10},{"action":{"type":"block"},"condition":{"excludedRequestDomains":["wetransfer.com"],"regexFilter":"^https?:\\/\\/wettransfer\\d{2}\\.[a-z]{4}\\.(?:net|org|pw)\\/","requestDomains":["net","org","pw"],"resourceTypes":["main_frame"]},"id":140,"priority":10},{"action":{"type":"block"},"condition":{"isUrlFilterCaseSensitive":true,"regexFilter":"\\/[0-9a-f]{32}\\/maq\\/$","requestDomains":["com","top"],"resourceTypes":["main_frame"]},"id":141,"priority":10},{"action":{"type":"block"},"condition":{"regexFilter":"^https?:\\/\\/icloud\\.apple\\.[a-z]{6,}\\.[a-z]+","requestDomains":["cn","co"],"resourceTypes":["main_frame"]},"id":142,"priority":10},{"action":{"type":"block"},"condition":{"excludedRequestDomains":["facebook.com"],"isUrlFilterCaseSensitive":true,"regexFilter":"\\.(?:boats|cfd)\\/contract\\/\\d{14,19}\\b","requestDomains":["boats","cfd"],"resourceTypes":["main_frame"]},"id":143,"priority":10},{"action":{"type":"block"},"condition":{"regexFilter":"\\.(?:pages\\.dev|vercel\\.app)\\/appeal_case_id\\b","requestDomains":["pages.dev","vercel.app"],"resourceTypes":["main_frame"]},"id":144,"priority":10},{"action":{"type":"block"},"condition":{"excludedRequestDomains":["usps.com"],"regexFilter":"^https:\\/\\/usps\\.[-a-z]{6,}\\.(?:com|top)\\/(?:address\\.html|information|verify)\\b","requestDomains":["com","top"],"resourceTypes":["main_frame"]},"id":145,"priority":10},{"action":{"type":"block"},"condition":{"isUrlFilterCaseSensitive":true,"regexFilter":"^https:\\/\\/[a-z]{6,19}\\.(?:com|net)\\/(?:static_)?file\\/\\?t=[_a-z0-9]+&ns=[a-z]{2}$","requestDomains":["com","net"],"resourceTypes":["main_frame"]},"id":146,"priority":10},{"action":{"type":"block"},"condition":{"regexFilter":"^https:\\/\\/[a-z]{2,3}\\d\\.biz\\/go\\/[0-9a-z]{15,18}$","requestDomains":["biz"],"resourceTypes":["main_frame"]},"id":147,"priority":10},{"action":{"type":"block"},"condition":{"regexFilter":"^https:\\/\\/serch\\d{2}\\.biz\\/\\?p=","requestDomains":["biz"],"resourceTypes":["main_frame"]},"id":148,"priority":10},{"action":{"type":"block"},"condition":{"isUrlFilterCaseSensitive":true,"regexFilter":"^http:\\/\\/[a-z]{5}\\.[a-z]{5}\\.com\\/[a-z]{10}\\.apk$","requestDomains":["com"],"resourceTypes":["main_frame"]},"id":149,"priority":10},{"action":{"type":"block"},"condition":{"regexFilter":"^https:\\/\\/vietg[a-z]v[0-9]*\\.cc\\/","requestDomains":["cc"],"resourceTypes":["main_frame"]},"id":150,"priority":10},{"action":{"type":"block"},"condition":{"isUrlFilterCaseSensitive":true,"regexFilter":"^https?:\\/\\/server\\.[a-z0-9]{4}\\.com\\/invite\\/\\d+\\b","requestDomains":["com"],"resourceTypes":["main_frame"]},"id":151,"priority":10},{"action":{"type":"block"},"condition":{"isUrlFilterCaseSensitive":true,"regexFilter":"^https:\\/\\/[a-z0-9]{3,}\\.[a-z]{8,10}\\.ru\\/[a-zA-Z0-9]{6,8}\\/#[A-Z][a-z]{5,}@[a-z]+\\.com$","requestDomains":["ru"],"resourceTypes":["main_frame"]},"id":152,"priority":10},{"action":{"type":"block"},"condition":{"regexFilter":"^https:\\/\\/[a-z]{40,}\\.pages\\.dev\\/","requestDomains":["pages.dev"],"resourceTypes":["main_frame"]},"id":153,"priority":10},{"action":{"type":"block"},"condition":{"excludedRequestDomains":["ee.co.uk"],"regexFilter":"^https:\\/\\/ee(?:-[a-z]{5,}){1,2}\\.web\\.app\\/","requestDomains":["web.app"],"resourceTypes":["main_frame"]},"id":154,"priority":10},{"action":{"type":"block"},"condition":{"excludedRequestDomains":["ee.co.uk"],"regexFilter":"^https:\\/\\/ee(?:-[a-z]{5,}){1,2}\\.firebaseapp\\.com\\/","requestDomains":["firebaseapp.com"],"resourceTypes":["main_frame"]},"id":155,"priority":10},{"action":{"type":"block"},"condition":{"excludedRequestDomains":["ourtime.com"],"regexFilter":"^https:\\/\\/ourtime\\.[a-z]+-[a-z]+\\.workers\\.dev\\/","requestDomains":["workers.dev"],"resourceTypes":["main_frame"]},"id":156,"priority":10},{"action":{"type":"block"},"condition":{"regexFilter":"^https:\\/\\/(?:[-a-z0-9]+\\.){2}workers\\.dev\\/v3\\/(?:forgotpassword|security|signup)\\b","requestDomains":["workers.dev"],"resourceTypes":["main_frame"]},"id":157,"priority":10},{"action":{"type":"block"},"condition":{"excludedRequestDomains":["booking.com"],"regexFilter":"^https:\\/\\/(?:[a-z]+\\.)?hotel-(?:id)?\\d{3,8}\\.eu\\/","requestDomains":["eu"],"resourceTypes":["main_frame"]},"id":158,"priority":10},{"action":{"type":"block"},"condition":{"excludedRequestDomains":["booking.com"],"regexFilter":"^https:\\/\\/(?:[a-z]+\\.)?hotel-(?:id)?\\d{3,8}\\.com\\/","requestDomains":["com"],"resourceTypes":["main_frame"]},"id":159,"priority":10},{"action":{"type":"block"},"condition":{"excludedRequestDomains":["booking.com"],"regexFilter":"^https:\\/\\/hotels-\\d{6}\\.eu\\/","requestDomains":["eu"],"resourceTypes":["main_frame"]},"id":160,"priority":10},{"action":{"type":"block"},"condition":{"excludedRequestDomains":["booking.com"],"regexFilter":"^https:\\/\\/booking\\.[a-z]{3,}-(?:id)?\\d{3,8}\\.eu\\/","requestDomains":["eu"],"resourceTypes":["main_frame"]},"id":161,"priority":10},{"action":{"type":"block"},"condition":{"regexFilter":"^https?:\\/\\/([a-z]{4,}\\.)?support-\\d{1,2}\\.ru\\/","requestDomains":["ru"],"resourceTypes":["main_frame"]},"id":162,"priority":10},{"action":{"type":"block"},"condition":{"regexFilter":"^https?:\\/\\/web\\.t(el)?gram[a-z][a-z][a-z]?\\.top\\/","requestDomains":["top"],"resourceTypes":["main_frame"]},"id":163,"priority":10},{"action":{"type":"block"},"condition":{"regexFilter":"^https?:\\/\\/web\\.tegr[a-z][a-z][a-z]\\.top\\/","requestDomains":["top"],"resourceTypes":["main_frame"]},"id":164,"priority":10},{"action":{"type":"block"},"condition":{"excludedRequestDomains":["amendes.gouv.fr"],"isUrlFilterCaseSensitive":true,"regexFilter":"\\.codeanyapp\\.com\\/.+\\/(?:3dsece?|infospage|paiement)\\.php\\b","requestDomains":["codeanyapp.com"],"resourceTypes":["main_frame"]},"id":165,"priority":10},{"action":{"type":"block"},"condition":{"excludedRequestDomains":["mbbank.com.vn"],"regexFilter":"^https:\\/\\/mbdk\\d+\\.com\\/","requestDomains":["com"],"resourceTypes":["main_frame"]},"id":166,"priority":10},{"action":{"type":"block"},"condition":{"excludedRequestDomains":["facebook.com"],"isUrlFilterCaseSensitive":true,"regexFilter":"^https:\\/\\/business\\.[a-z]+confii?rm\\.com\\/meta-community-standard\\d{14,15}[^\\d]?","requestDomains":["com"],"resourceTypes":["main_frame"]},"id":167,"priority":10},{"action":{"type":"block"},"condition":{"excludedRequestDomains":["facebook.com"],"regexFilter":"^https:\\/\\/business-component\\.[a-z]+(-[a-z]+){2}\\.com\\/","requestDomains":["com"],"resourceTypes":["main_frame"]},"id":168,"priority":10},{"action":{"type":"block"},"condition":{"excludedRequestDomains":["facebook.com"],"regexFilter":"\\.workers\\.dev\\/help\\/\\d{14,19}\\b","requestDomains":["workers.dev"],"resourceTypes":["main_frame"]},"id":169,"priority":10},{"action":{"type":"block"},"condition":{"excludedRequestDomains":["facebook.com"],"regexFilter":"^https:\\/\\/(?:appeal|contact|page)\\.[a-z]{15,}\\.com\\/appeal_case_id\\b","requestDomains":["com"],"resourceTypes":["main_frame"]},"id":170,"priority":10},{"action":{"type":"block"},"condition":{"regexFilter":"^https:\\/\\/h5\\.[a-z0-9]{4}\\.com\\/","requestDomains":["com"],"resourceTypes":["main_frame"]},"id":171,"priority":10},{"action":{"type":"block"},"condition":{"excludedRequestDomains":["facebook.com"],"isUrlFilterCaseSensitive":true,"regexFilter":"^https?:\\/\\/[-a-z]{12,}\\.vercel\\.app\\/[^.]+?g_ep=?EgoyMDI","requestDomains":["vercel.app"],"resourceTypes":["main_frame"]},"id":172,"priority":10},{"action":{"type":"block"},"condition":{"excludedRequestDomains":["facebook.com"],"isUrlFilterCaseSensitive":true,"regexFilter":"^https?:\\/\\/[-a-z]{12,}\\.vercel\\.app\\/[^.]+?=D400e","requestDomains":["vercel.app"],"resourceTypes":["main_frame"]},"id":173,"priority":10},{"action":{"type":"block"},"condition":{"excludedRequestDomains":["shopee.vn"],"regexFilter":"^https:\\/\\/sp\\d{2,3}88(?:vn)?\\.com\\/","requestDomains":["com"],"resourceTypes":["main_frame"]},"id":174,"priority":10},{"action":{"type":"block"},"condition":{"excludedRequestDomains":["steamcommunity.com","szentkoronaradio.com"],"regexFilter":"^https:\\/\\/s[cfntz]y?[ace][acemnu][a-z]{1,4}or?[mn][a-z]{4,8}[iy][a-z]?\\.com\\/","requestDomains":["com"],"resourceTypes":["main_frame"]},"id":175,"priority":10},{"action":{"type":"block"},"condition":{"regexFilter":"^https:\\/\\/s[cfntz]y?[ace][acemnu][a-z]{1,4}or?[mn][a-z]{4,8}[iy][a-z]?\\.cc\\/","requestDomains":["cc"],"resourceTypes":["main_frame"]},"id":176,"priority":10},{"action":{"type":"block"},"condition":{"excludedRequestDomains":["steamcommunity.com"],"regexFilter":"^https:\\/\\/steam\\.(?:community)?workshop-?[a-z]+\\.com\\/","requestDomains":["com"],"resourceTypes":["main_frame"]},"id":177,"priority":10},{"action":{"type":"block"},"condition":{"regexFilter":"^https:\\/\\/[a-z]{14}\\.azureedge\\.net\\/\\d{4}j\\b","requestDomains":["azureedge.net"],"resourceTypes":["main_frame"]},"id":178,"priority":10},{"action":{"type":"block"},"condition":{"regexFilter":"^https:\\/\\/[-a-z]{4,}\\.dogfriendlytahoe\\.com\\/","requestDomains":["dogfriendlytahoe.com"],"resourceTypes":["main_frame"]},"id":179,"priority":10},{"action":{"type":"block"},"condition":{"excludedRequestDomains":["telegram.org"],"regexFilter":"^https:\\/\\/www\\.telegram[a-z][a-z]\\.com\\/","requestDomains":["com"],"resourceTypes":["main_frame"]},"id":180,"priority":10},{"action":{"type":"block"},"condition":{"excludedRequestDomains":["telegram.org"],"regexFilter":"^https:\\/\\/telegram-[a-z]{3,4}\\.com\\/","requestDomains":["com"],"resourceTypes":["main_frame"]},"id":181,"priority":10},{"action":{"type":"block"},"condition":{"excludedRequestDomains":["usps.com"],"regexFilter":"^https:\\/\\/transporta[a-z]{8,9}pro\\.top\\/i\\b","requestDomains":["top"],"resourceTypes":["main_frame"]},"id":182,"priority":10},{"action":{"type":"block"},"condition":{"domainType":"thirdParty","excludedRequestDomains":["edu","gov"],"regexFilter":"^https:\\/\\/[a-z]{10,}\\.[a-z]{3,4}\\/(?:engine|track)-[a-f0-9]{8}\\.js$","resourceTypes":["script"],"responseHeaders":[{"header":"vary","values":["referer,accept-encoding*"]}]},"id":183,"priority":10},{"action":{"type":"block"},"condition":{"excludedRequestDomains":["usps.com"],"regexFilter":"^https:\\/\\/[a-z]\\.[a-z]{10,}\\.top\\/l(?:\\/|$)","requestDomains":["top"],"resourceTypes":["main_frame"]},"id":184,"priority":10},{"action":{"type":"block"},"condition":{"regexFilter":"^https:\\/\\/(?:[a-z0-9]{2,}-)+10\\d{4}\\.weeblysite\\.com\\/","requestDomains":["weeblysite.com"],"resourceTypes":["main_frame"]},"id":185,"priority":10},{"action":{"type":"block"},"condition":{"isUrlFilterCaseSensitive":true,"regexFilter":"^https:\\/\\/api\\.[a-z]{2,}\\.[a-z]{2,}\\/\\?[a-z]{2,3}=[0-9a-f]{32}$","resourceTypes":["main_frame"]},"id":186,"priority":10},{"action":{"type":"block"},"condition":{"regexFilter":"^https:\\/\\/[^.]+\\.codeanyapp\\.com\\/wp-content\\/.+\\/spo[a-z]{2}i\\/","requestDomains":["codeanyapp.com"],"resourceTypes":["main_frame"]},"id":187,"priority":10},{"action":{"type":"block"},"condition":{"excludedRequestDomains":["coinbase.com"],"regexFilter":"^https:\\/\\/(?:[^.]+\\.)?\\d{6}-coinbase\\.com\\/","requestDomains":["com"],"resourceTypes":["main_frame"]},"id":188,"priority":10},{"action":{"type":"block"},"condition":{"excludedRequestDomains":["pancakeswap.finance"],"regexFilter":"^https:\\/\\/pancake(?:dro|swa)pclick\\d+\\.vercel\\.app\\/","requestDomains":["vercel.app"],"resourceTypes":["main_frame"]},"id":189,"priority":10},{"action":{"type":"block"},"condition":{"excludedRequestDomains":["dienmayxanh.com"],"regexFilter":"^https?:\\/\\/dienmayxanh[-a-z0-9]+\\.com\\/","requestDomains":["com"],"resourceTypes":["main_frame"]},"id":190,"priority":10},{"action":{"type":"block"},"condition":{"regexFilter":"^https:\\/\\/dich-vu(?:-[a-z0-9]+){2,3}\\.com\\/","requestDomains":["com"],"resourceTypes":["main_frame"]},"id":191,"priority":10},{"action":{"type":"block"},"condition":{"excludedRequestDomains":["tiki.vn"],"regexFilter":"^https:\\/\\/zla\\d{3}\\.top\\/","requestDomains":["top"],"resourceTypes":["main_frame"]},"id":192,"priority":10},{"action":{"type":"block"},"condition":{"regexFilter":"^https?:\\/\\/[a-f0-9]{29,}\\.[a-z]{7}\\.sbs\\b","requestDomains":["sbs"],"resourceTypes":["main_frame"]},"id":193,"priority":10},{"action":{"type":"block"},"condition":{"excludedRequestDomains":["tiki.vn"],"regexFilter":"^https:\\/\\/tdk[det]0[0-9]\\.com\\/","requestDomains":["com"],"resourceTypes":["main_frame"]},"id":194,"priority":10},{"action":{"type":"block"},"condition":{"excludedRequestDomains":["shopee.vn"],"regexFilter":"^https:\\/\\/(www\\.)?sp\\d{4,5}p\\.com\\/","requestDomains":["com"],"resourceTypes":["main_frame"]},"id":195,"priority":10},{"action":{"type":"block"},"condition":{"isUrlFilterCaseSensitive":true,"regexFilter":"^https?:\\/\\/[a-z0-9]{6,7}\\.lat\\/[A-Z0-9]{5}$","requestDomains":["lat"],"resourceTypes":["main_frame"]},"id":196,"priority":10},{"action":{"type":"block"},"condition":{"regexFilter":"^https:\\/\\/amazon[a-z]\\d\\.com\\/","requestDomains":["com"],"resourceTypes":["main_frame"]},"id":197,"priority":10},{"action":{"type":"block"},"condition":{"excludedRequestDomains":["giaohangtietkiem.vn"],"regexFilter":"^https:\\/\\/giaohangtietkiem\\w+\\.com\\/","requestDomains":["com"],"resourceTypes":["main_frame"]},"id":198,"priority":10},{"action":{"type":"block"},"condition":{"excludedRequestDomains":["amazon.com"],"regexFilter":"^https?:\\/\\/amazo[a-z]{2}\\d\\.com\\/","requestDomains":["com"],"resourceTypes":["main_frame"]},"id":199,"priority":10},{"action":{"type":"block"},"condition":{"excludedRequestDomains":["x.com"],"regexFilter":"^https:\\/\\/help\\.[a-z]{3,}-x-[a-z]{3,}\\.com\\/","requestDomains":["com"],"resourceTypes":["main_frame"]},"id":200,"priority":10},{"action":{"type":"block"},"condition":{"isUrlFilterCaseSensitive":true,"regexFilter":"^https?:\\/\\/[-a-z0-9]{8,}\\.ru\\/\\?load=[a-zA-Z0-9]+(-[a-zA-Z0-9]+)+$","requestDomains":["ru"],"resourceTypes":["main_frame"]},"id":201,"priority":10},{"action":{"type":"block"},"condition":{"regexFilter":"^https:\\/\\/online\\.[a-z]{7,}\\.top\\/","requestDomains":["top"],"resourceTypes":["main_frame"]},"id":202,"priority":10},{"action":{"type":"block"},"condition":{"excludedRequestDomains":["air-up.com"],"regexFilter":"^https:\\/\\/www\\.air-?up-?[a-z]{2,}\\.com\\/","requestDomains":["com"],"resourceTypes":["main_frame"]},"id":203,"priority":10},{"action":{"type":"block"},"condition":{"excludedRequestDomains":["air-up.com"],"regexFilter":"^https:\\/\\/www\\.xn--airup[a-z]{5,6}-[a-z0-9]{3}\\.com\\/","requestDomains":["com"],"resourceTypes":["main_frame"]},"id":204,"priority":10},{"action":{"type":"block"},"condition":{"excludedRequestDomains":["facebook.com"],"regexFilter":"^https:\\/\\/help-\\d{8}\\.[a-z0-9]{6}-\\d{2}\\.click\\/","requestDomains":["click"],"resourceTypes":["main_frame"]},"id":205,"priority":10},{"action":{"type":"block"},"condition":{"isUrlFilterCaseSensitive":true,"regexFilter":"^https:\\/\\/[a-z]{7,8}\\.com\\/\\?s=[0-9a-z]{13}&q=","requestDomains":["com"],"resourceTypes":["main_frame"]},"id":206,"priority":10},{"action":{"type":"block"},"condition":{"regexFilter":"_dating\\d\\/index\\.html\\?aref=","resourceTypes":["main_frame"]},"id":207,"priority":10},{"action":{"type":"block"},"condition":{"regexFilter":"^https?:\\/\\/instagram-[a-z]{5,}\\.[a-z]{2,4}\\/","requestDomains":["cc","help","top"],"resourceTypes":["main_frame"]},"id":208,"priority":10},{"action":{"type":"block"},"condition":{"regexFilter":"^https?:\\/\\/(?:www\\.)?swan[0-9]\\.[ctv][cio]p?\\/","requestDomains":["cc","top","vip"],"resourceTypes":["main_frame"]},"id":209,"priority":10},{"action":{"type":"block"},"condition":{"isUrlFilterCaseSensitive":true,"regexFilter":"\\/accounts\\/19[56]\\d{3}\\/messages\\/\\d{1,2}\\/clicks\\/\\d{4,5}\\/\\d{1,2}\\b","resourceTypes":["main_frame"]},"id":210,"priority":10},{"action":{"type":"block"},"condition":{"excludedRequestDomains":["edu","gov","jio.com"],"isUrlFilterCaseSensitive":true,"regexFilter":"\\/recharge\\d?\\.(?:html|php)\\?mobile=\\d{10}\\b","resourceTypes":["main_frame"]},"id":211,"priority":10},{"action":{"type":"block"},"condition":{"excludedRequestDomains":["edu","gov","jio.com"],"isUrlFilterCaseSensitive":true,"regexFilter":"\\/offer\\.(?:html|php)\\?(?:mobile|rechargenumber)=\\d{10}\\b","resourceTypes":["main_frame"]},"id":212,"priority":10},{"action":{"type":"block"},"condition":{"excludedRequestDomains":["edu","gov","gov.vn","tpb.vn"],"regexFilter":"^https:\\/\\/tpbank\\.[-a-z0-9]{5,}\\.[a-z]{3}(?:\\.vn)?\\/","resourceTypes":["main_frame"]},"id":213,"priority":10},{"action":{"type":"block"},"condition":{"excludedRequestDomains":["facebook.com"],"isUrlFilterCaseSensitive":true,"regexFilter":"\\/contract\\/support-case-id=\\d{14,19}\\b","resourceTypes":["main_frame"]},"id":214,"priority":10},{"action":{"type":"block"},"condition":{"regexFilter":"\\.com(\\.[a-z]{2})?\\/wp-includes\\/images\\/smilies\\/images?\\/smili?es\\/[a-z]{25,35}\\.html","resourceTypes":["main_frame"]},"id":215,"priority":10},{"action":{"type":"block"},"condition":{"excludedRequestDomains":["com","edu","gov","net","org","telegram.org"],"regexFilter":"^https:\\/\\/telegram-[a-z]{2}\\.[a-z]{2,3}\\/","resourceTypes":["main_frame"]},"id":216,"priority":10},{"action":{"type":"block"},"condition":{"excludedRequestDomains":["edu","gov","gov.gr"],"regexFilter":"^https:\\/\\/gov\\.[^.]*gr\\.[a-z]{2,6}","resourceTypes":["main_frame"]},"id":217,"priority":10},{"action":{"type":"block"},"condition":{"excludedRequestDomains":["com","edu","gov","net","org"],"isUrlFilterCaseSensitive":true,"regexFilter":"\\.[a-z]{3,}\\/a\\.aspx\\?cid=","resourceTypes":["main_frame"]},"id":218,"priority":10},{"action":{"type":"block"},"condition":{"excludedRequestDomains":["com","edu","gov","net","org"],"isUrlFilterCaseSensitive":true,"regexFilter":"\\.[a-z]{3,}\\/products\\.aspx\\?cname=.+&cid=","resourceTypes":["main_frame"]},"id":219,"priority":10},{"action":{"type":"block"},"condition":{"isUrlFilterCaseSensitive":true,"regexFilter":"^https?:\\/\\/[a-z]+\\.[a-z]{4,}\\/oop\\/\\d+_md(?:\\/\\d+){5}\\b","resourceTypes":["main_frame"]},"id":220,"priority":10},{"action":{"type":"block"},"condition":{"excludedRequestDomains":["thetollroads.com"],"regexFilter":"^https:\\/\\/thetollroads\\.[a-z]+-[a-z]{4}\\.[a-z]{3}\\/","resourceTypes":["main_frame"]},"id":221,"priority":10},{"action":{"type":"block"},"condition":{"excludedRequestDomains":["weebly.com"],"isUrlFilterCaseSensitive":true,"regexFilter":"^https:\\/\\/[a-z]{5,10}\\.[a-z]{5,10}\\.[a-z]{3}\\/y1\\.html$","requestDomains":["com","top"],"resourceTypes":["main_frame"]},"id":222,"priority":10},{"action":{"type":"block"},"condition":{"regexFilter":"^https?:\\/\\/gitcoin-[a-z]+\\.com\\/"},"id":223,"priority":10},{"action":{"type":"block"},"condition":{"domainType":"thirdParty","excludedRequestDomains":["edu","gov"],"isUrlFilterCaseSensitive":true,"regexFilter":"^https:\\/\\/[a-z]{7,}\\.[a-z]{3,}\\/get\\/\\?s=[a-zA-Z0-9]+=*$","resourceTypes":["script"]},"id":224,"priority":10},{"action":{"type":"block"},"condition":{"domainType":"thirdParty","excludedRequestDomains":["edu","gov"],"isUrlFilterCaseSensitive":true,"regexFilter":"^https:\\/\\/[a-z]{7,}\\.[a-z]{3,}\\/img\\/$","resourceTypes":["script"]},"id":225,"priority":10},{"action":{"type":"block"},"condition":{"regexFilter":"^https?:\\/\\/[a-z]+-gitcoin\\.com\\/"},"id":226,"priority":10},{"action":{"type":"block"},"condition":{"regexFilter":"^https:\\/\\/s[cfntz]y?[ace][acemnu][a-z]{1,4}or?[mn][a-z]{4,8}[iy][a-z]?\\.ru\\/","requestDomains":["ru"],"resourceTypes":["main_frame"]},"id":227,"priority":10},{"action":{"type":"block"},"condition":{"regexFilter":"^https?:\\/\\/qqh[0-9]\\.mom\\/","requestDomains":["mom"],"resourceTypes":["main_frame"]},"id":228,"priority":10},{"action":{"type":"block"},"condition":{"regexFilter":"^https:\\/\\/d[0-9a-z]{19}\\.[a-z]{3,4}-[a-z]{7,8}\\.[a-z]{3}\\/xm\\/xm\\d\\/\\?","requestDomains":["pro","sbs"],"resourceTypes":["main_frame"]},"id":229,"priority":10},{"action":{"type":"block"},"condition":{"regexFilter":"^https:\\/\\/blockchecker[0-9]\\.pages\\.dev\\/","requestDomains":["pages.dev"],"resourceTypes":["main_frame"]},"id":230,"priority":10}]