[
{"action":{"redirect":{"transform":{"queryTransform":{"removeParams":["dsrc"]}}},"type":"redirect"},"condition":{"requestDomains":["delfi.ee"],"resourceTypes":["image","main_frame","sub_frame","xmlhttprequest"],"urlFilter":"^dsrc="},"id":1},
{"action":{"type":"block"},"condition":{"urlFilter":"/js/ads_"},"id":2,"priority":10},
{"action":{"type":"block"},"condition":{"urlFilter":"://ads."},"id":3,"priority":10},
{"action":{"type":"block"},"condition":{"urlFilter":"://ads2."},"id":4,"priority":10},
{"action":{"type":"block"},"condition":{"urlFilter":"cdn.playapi.mtgx.tv/*/banners/"},"id":5,"priority":10},
{"action":{"type":"block"},"condition":{"urlFilter":"http://*.rr.ru"},"id":6,"priority":10},
{"action":{"type":"block"},"condition":{"urlFilter":"kalale.ee/upload/images/reklaam/"},"id":7,"priority":10},
{"action":{"type":"block"},"condition":{"urlFilter":"lounaeestlane.ee/*/banners/"},"id":8,"priority":10},
{"action":{"type":"block"},"condition":{"urlFilter":"mail.ee/banners/2.0/bx.js*"},"id":9,"priority":10},
{"action":{"type":"block"},"condition":{"urlFilter":"mallukas.com/reklaamid/"},"id":10,"priority":10},
{"action":{"type":"block"},"condition":{"urlFilter":"perekool.ee/pkfiles/adjs.php"},"id":11,"priority":10},
{"action":{"type":"block"},"condition":{"urlFilter":"soccernet.ee/img/reklaam/"},"id":12,"priority":10},
{"action":{"type":"block"},"condition":{"urlFilter":"static.kava.ee/openx"},"id":13,"priority":10},
{"action":{"type":"block"},"condition":{"urlFilter":"video.reporter.ee/files*.flv?start=0"},"id":14,"priority":10},
{"action":{"type":"block"},"condition":{"urlFilter":"whatcar.ee/ads/"},"id":15,"priority":10},
{"action":{"type":"block"},"condition":{"urlFilter":"www.ehitusfoorum.com/bannerid/www/delivery/ajs.php"},"id":16,"priority":10},
{"action":{"type":"block"},"condition":{"urlFilter":"|http://www.auto24.ee/js/auto24popup.js"},"id":17,"priority":10},
{"action":{"type":"block"},"condition":{"urlFilter":"||212.47.219.162/banners"},"id":18,"priority":10},
{"action":{"type":"block"},"condition":{"urlFilter":"||admin.naistemaailm.ee/upload/images/reklaam/"},"id":19,"priority":10},
{"action":{"type":"block"},"condition":{"urlFilter":"||admp-tc.delfi.ee"},"id":20,"priority":10},
{"action":{"type":"block"},"condition":{"urlFilter":"||ajaleht.ekspress.ee/*/reklaam_"},"id":21,"priority":10},
{"action":{"type":"block"},"condition":{"urlFilter":"||an.yandex.ru/system/context.js"},"id":22,"priority":10},
{"action":{"type":"block"},"condition":{"urlFilter":"||aripaev.ee/js/banners.min.js"},"id":23,"priority":10},
{"action":{"type":"block"},"condition":{"urlFilter":"||blog.tr.ee/banner"},"id":24,"priority":10},
{"action":{"type":"block"},"condition":{"urlFilter":"||bnrs.ilm.ee"},"id":25,"priority":10},
{"action":{"type":"block"},"condition":{"urlFilter":"||buduaar.ee/files/upload/banners"},"id":26,"priority":10},
{"action":{"type":"block"},"condition":{"urlFilter":"||buduaar.ee/files/upload/marketitems"},"id":27,"priority":10},
{"action":{"type":"block"},"condition":{"urlFilter":"||cherrystatic.net/banners"},"id":28,"priority":10},
{"action":{"type":"block"},"condition":{"urlFilter":"||delfi.ee/misc/cobancar/*.php"},"id":29,"priority":10},
{"action":{"type":"block"},"condition":{"urlFilter":"||harjuelu.ee/wp-content/banners/"},"id":30,"priority":10},
{"action":{"type":"block"},"condition":{"urlFilter":"||ilm24.ee/uus/ban/"},"id":31,"priority":10},
{"action":{"type":"block"},"condition":{"urlFilter":"||img.auto24.ee/banners/ox/"},"id":32,"priority":10},
{"action":{"type":"block"},"condition":{"urlFilter":"||kalale.ee/media/b2nnerid"},"id":33,"priority":10},
{"action":{"type":"block"},"condition":{"urlFilter":"||laanlane.ee/reklaam"},"id":34,"priority":10},
{"action":{"type":"block"},"condition":{"urlFilter":"||lpdigileht.epl.ee/*/reklaam_"},"id":35,"priority":10},
{"action":{"type":"block"},"condition":{"urlFilter":"||neti.ee/reklaam"},"id":36,"priority":10},
{"action":{"type":"block"},"condition":{"urlFilter":"||perefoorum.ee/banner"},"id":37,"priority":10},
{"action":{"type":"block"},"condition":{"urlFilter":"||perekool.ee/banners"},"id":38,"priority":10},
{"action":{"type":"block"},"condition":{"urlFilter":"||pmo.ee/*/banners/"},"id":39,"priority":10},
{"action":{"type":"block"},"condition":{"urlFilter":"||reklaam.kava.ee"},"id":40,"priority":10},
{"action":{"type":"block"},"condition":{"urlFilter":"||reklaam.naistemaailm.ee"},"id":41,"priority":10},
{"action":{"type":"block"},"condition":{"urlFilter":"||toidutare.ee/img/ads"},"id":42,"priority":10},
{"action":{"type":"block"},"condition":{"urlFilter":"||v.postimees.ee/proxy-ads/"},"id":43,"priority":10},
{"action":{"type":"block"},"condition":{"urlFilter":"||www.postimees.ee/newsletter/block"},"id":44,"priority":10},
{"action":{"type":"block"},"condition":{"urlFilter":"||yyr.ee/images/banners"},"id":45,"priority":10},
{"action":{"type":"allow"},"condition":{"initiatorDomains":["gmx.net","web.de"],"urlFilter":"||ui-portal.de^"},"id":46,"priority":30},
{"action":{"type":"block"},"condition":{"resourceTypes":["image"],"urlFilter":"||i.hinnavaatlus.ee/s/"},"id":47,"priority":10},
{"action":{"type":"block"},"condition":{"resourceTypes":["image"],"urlFilter":"||imgsrv.kuldnebors.ee/banners/"},"id":48,"priority":10},
{"action":{"type":"block"},"condition":{"resourceTypes":["image"],"urlFilter":"||imgsrv.kuldnebors.ee/static/banners/"},"id":49,"priority":10},
{"action":{"type":"block"},"condition":{"domainType":"thirdParty","requestDomains":["2mdn.net","ad.dumedia.ru","ad.mylook.ee","adbox.lv","adbrite.com","adbull.com","adbureau.net","adclick.co.ee","adengage.com","adform.net","adition.com","adkontekst.pl","adland.ru","adlegend.com","admeld.com","admixer.net","admulti.com","adnet.ee","adnetmedia.ee","adnxs.com","adocean.pl","adonspot.com","adonweb.ru","adreactor.com","adriver.ru","ads.ee","adserver.com","adsfac.eu","adtaily.pl","adtarget.me","adtech.de","adtechus.com","adtegrity.net","adultadvertising.net","adultfriendfinder.com","advertising.aol.com","advertising.com","advertserve.com","afilo.pl","afy11.net","ahcdns.com","aimatch.com","am10.ru","am11.ru","ap.delfi.ee","apex-ad.com","atdmt.com","axf8.net","bannerboxes.com","bannerhost.ru","bannex.ee","bbelements.com","begun.ru","bepolite.eu","bidvertiser.com","bizographics.com","bkrtx.com","blogads.com","bluekai.com","bluelithium.com","brazzers.com","budsinc.com","casalemedia.com","chartbeat.com","chartbeat.net","cherry.ee","chitika.net","collective-media.com","connextra.com","contextweb.com","cpxinteractive.com","crowdscience.com","crwdcntrl.net","cxense.com","dclick.ru","domdex.com","doubleclick.be","doubleclick.com","doubleclick.de","doubleclick.net","doublepimp.com","dowjoneson.com","dt00.net","eloqua.com","estara.com","etology.com","extreme-dm.com","fastclick.net","fastonlineusers.com","fortumo.ee","freeze.com","gemius.pl","getclicky.com","googleadservices.com","googlesyndication.com","harrenmedianetwork.com","hbmediapro.com","hitbox.com","hitfarm.com","imlive.com","impartner.lt","invitemedia.com","ixnp.com","klikivabrik.ee","klikki.com","kqzyfj.com","lekane.net","luxup.ru","magnetic.is","marketgid.com","maxtraffic.com","maxtraffic.eu","mediaindex.ee","mediaplex.com","metaffiliation.com","msads.net","neoffic.com","netaffiliation.com","netsales.pl","newrelic.com","novem.pl","olark.com","onthe.io","openx.org","overture.com","oxado.com","pakkumised.ee","pardot.com","passion.com","pay4results.ee","pcads.ru","pheedo.com","pop6.com","pro-9.com","pro-market.net","realmedia.com","reklaam.keskus.ee","reklaam.nagi.ee","relevant.fi","rmxads.com","roiservice.com","scorecardresearch.com","searchco.com","serving-sys.com","sexinyourcity.com","smartad.ee","smartadserver.com","sn00.net","specificclick.net","spring-tns.net","spylog.com","spylog.ru","starwave.com","static.chilli.ee","statistik-gallup.net","streamray.com","sweetmedia.org","tacoda.net","teasernet.com","textads.ee","tns-counter.ru","traceworks.com","trackalyzer.com","tradedoubler.com","trafficjunky.net","tribalfusion.com","trigger.ee","uimserv.net","underclick.ru","ventivmedia.com","viglink.com","way2traffic.com","webtrendslive.com","wsod.com","xgraph.net","xiti.com","xtendmedia.com","yadro.ru","yceml.net","yieldmanager.com","ytsa.net","zangocash.com","zanox-affiliate.de","zedo.com","ztod.com"]},"id":50,"priority":10},
{"action":{"type":"allow"},"condition":{"domainType":"thirdParty","initiatorDomains":["postimees.ee","tartupostimees.ee"],"urlFilter":"||emediate.se^"},"id":51,"priority":30},
{"action":{"type":"allow"},"condition":{"initiatorDomains":["duoplay.ee"],"resourceTypes":["script"],"urlFilter":"||imasdk.googleapis.com^"},"id":52,"priority":30},
{"action":{"type":"block"},"condition":{"urlFilter":"||openx.static.kava.ee^"},"id":53,"priority":10},
{"action":{"type":"block"},"condition":{"domainType":"thirdParty","excludedInitiatorDomains":["cherry.ee"],"urlFilter":"||cherrystatic.net^"},"id":54,"priority":10},
{"action":{"type":"allow"},"condition":{"urlFilter":"ado.delfi.ee/files/js/ado.js"},"id":55,"priority":30},
{"action":{"type":"allow"},"condition":{"urlFilter":"http://ads.postimees.ee/ads/list/*telecast"},"id":56,"priority":30},
{"action":{"type":"allow"},"condition":{"urlFilter":"http://ads.postimees.ee/crossdomain.xml"},"id":57,"priority":30},
{"action":{"type":"allow"},"condition":{"urlFilter":"||autonet.ee/showads.js"},"id":58,"priority":30},
{"action":{"type":"allow"},"condition":{"urlFilter":"||delfi.ee*/js/ads."},"id":59,"priority":30},
{"action":{"type":"allow"},"condition":{"initiatorDomains":["tv3play.tv3.ee"],"requestDomains":["fwmrm.net","newrelic.com"]},"id":60,"priority":30},
{"action":{"type":"allow"},"condition":{"urlFilter":"||kinnistuportaal.rik.ee/kaep/media/img/logos/exchange_banner_idkaart.gif"},"id":61,"priority":30},
{"action":{"type":"allow"},"condition":{"urlFilter":"||tv3play.tv3.ee/ad/banner/"},"id":62,"priority":30},
{"action":{"type":"block"},"condition":{"domainType":"thirdParty","excludedInitiatorDomains":["city24.postimees.ee"],"urlFilter":"||city24.ee^"},"id":63,"priority":10},
{"action":{"type":"allow"},"condition":{"initiatorDomains":["play.tv3.ee"],"resourceTypes":["image"],"urlFilter":"||play.tv3.ee/static/scripts/trackdb/events.gif"},"id":64,"priority":30},
{"action":{"type":"allow"},"condition":{"initiatorDomains":["delfi.ee"],"resourceTypes":["script"],"urlFilter":"||adform.net/banners/scripts/adx.js"},"id":65,"priority":30},
{"action":{"type":"block"},"condition":{"domainType":"thirdParty","excludedInitiatorDomains":["tv3.ee","tv3play.ee"],"urlFilter":"||fwmrm.net^"},"id":66,"priority":10},
{"action":{"type":"allow"},"condition":{"initiatorDomains":["play.tv3.ee"],"resourceTypes":["script"],"urlFilter":"||mssl.fwmrm.net/libs/adm/"},"id":67,"priority":30},
{"action":{"type":"allow"},"condition":{"initiatorDomains":["play.tv3.ee"],"resourceTypes":["script"],"urlFilter":"||play.tv3.ee/static/scripts/ima3.js"},"id":68,"priority":30},
{"action":{"type":"allow"},"condition":{"initiatorDomains":["play.tv3.ee"],"resourceTypes":["xmlhttprequest"],"urlFilter":"||static.go3.tv/file/go3/resources/scripts/tv3play/onetrust/lv/onetrust.html"},"id":69,"priority":30},
{"action":{"type":"block"},"condition":{"domainType":"thirdParty","excludedInitiatorDomains":["gmx.com","mail.com"],"urlFilter":"||ui-portal.de^"},"id":70,"priority":10},
{"action":{"type":"allow"},"condition":{"urlFilter":"||auth-delfi-ee.tinypass.com^"},"id":71,"priority":30},
{"action":{"type":"block"},"condition":{"urlFilter":"||v.postimees.ee/reklaam/"},"id":72,"priority":10}
]
