[
{"action":{"type":"block"},"condition":{"initiatorDomains":["aamuposti.fi","helsinginuutiset.fi","karkkilalainen.fi","keski-uusimaa.fi","lansi-uusimaa.fi","lansivayla.fi","lappeenrannanuutiset.fi","lopenlehti.fi","loviisansanomat.fi","mantsalanuutiset.fi","nurmijarvenuutiset.fi","pyhtaanlehti.fi","sipoonsanomat.fi","tamperelainen.fi","turkulainen.fi","uusimaa.fi","vantaansanomat.fi","vihdinuutiset.fi"],"resourceTypes":["script"],"urlFilter":"||ap-online.media.fi/scripts/eneo*.dll"},"id":1,"priority":10},
{"action":{"type":"block"},"condition":{"domainType":"thirdParty","requestDomains":["ad.citycdn.fi","ad.ilcdn.fi","adsdk.bing.net","affiliate.guts.com","auto1.fi","celtra.com","expekt.com","hintaopas.fi","honestpartners.com","improveads.fi","kake.fi","nayadaya.com","rantapallo.fi","revimages.motouutiset.fi"]},"id":2,"priority":10},
{"action":{"type":"block"},"condition":{"initiatorDomains":["aland.com","alandstidningen.ax","enontekionsanomat.fi","inarilainen.fi","kainuunsanomat.fi","kittilalehti.fi","kotilappi.fi","kuhmolainen.fi","levinyt.fi","luoteis-lappi.fi","saariselansanomat.fi","sompio.fi","sotkamolehti.fi","ylakainuu.fi"],"urlFilter":"||deals.innocode.no/api/public/v1/widgets"},"id":3,"priority":10},
{"action":{"type":"allow"},"condition":{"initiatorDomains":["arvopaperi.fi","kauppalehti.fi","mikrobitti.fi","talouselama.fi","tekniikkatalous.fi","tivi.fi","uusisuomi.fi"],"resourceTypes":["script"],"urlFilter":"||googletagmanager.com/gtm.js"},"id":4,"priority":30},
{"action":{"type":"block"},"condition":{"initiatorDomains":["akaanseutu.fi","lvs.fi","orivedensanomat.fi","radiosun.fi","shl.fi","ylojarvenuutiset.fi"],"resourceTypes":["script"],"urlFilter":"||menyt.azurewebsites.net/public/js/omamainos-widget"},"id":5,"priority":10},
{"action":{"type":"block"},"condition":{"initiatorDomains":["futisfani.com","kiekkofani.com","omalahio.fi","penkkiurheilu.com","uutisankka.com"],"resourceTypes":["image"],"urlFilter":"/*-mainos-"},"id":6,"priority":10},
{"action":{"type":"block"},"condition":{"initiatorDomains":["futisfani.com","kiekkofani.com","penkkiurheilu.com","uutisankka.com"],"urlFilter":"/wp-content/uploads/pum/"},"id":7,"priority":10},
{"action":{"type":"block"},"condition":{"initiatorDomains":["futisfani.com","kiekkofani.com","penkkiurheilu.com","uutisankka.com"],"resourceTypes":["script"],"urlFilter":"/macro.adnami.io"},"id":8,"priority":10},
{"action":{"type":"block"},"condition":{"initiatorDomains":["futisfani.com","kiekkofani.com","penkkiurheilu.com","uutisankka.com"],"resourceTypes":["media"],"urlFilter":"_300x300_*.mp4"},"id":9,"priority":10},
{"action":{"type":"block"},"condition":{"initiatorDomains":["pkank.fi","sv24.fi","ulvilanseutu.fi","uutisrauma.fi"],"urlFilter":"/neoproxy.dll"},"id":10,"priority":10},
{"action":{"type":"block"},"condition":{"initiatorDomains":["episodi.fi","rumba.fi","tilt.fi"],"resourceTypes":["script"],"urlFilter":"/pop_media_*_fi_inarticle"},"id":11,"priority":10},
{"action":{"type":"block"},"condition":{"domainType":"thirdParty","requestDomains":["c1.hinta.fi","nostemedia.bbvms.com","strongbox.nostemedia.fi"],"resourceTypes":["script"]},"id":12,"priority":10},
{"action":{"type":"block"},"condition":{"initiatorDomains":["mtv.fi","mtvuutiset.fi"],"resourceTypes":["image"],"urlFilter":"||cloudfront.net/creatives/assets/"},"id":13,"priority":10},
{"action":{"type":"block"},"condition":{"initiatorDomains":["alibi.fi","hymy.fi"],"resourceTypes":["image"],"urlFilter":"/wp-content/uploads/*/hymyalibi*_300x300_"},"id":14,"priority":10},
{"action":{"type":"block"},"condition":{"initiatorDomains":["gekkonen.net","hevosurheilu.fi"],"resourceTypes":["script"],"urlFilter":"||cdn.bluebillywig.com/apps/player/"},"id":15,"priority":10},
{"action":{"type":"block"},"condition":{"initiatorDomains":["10kysymysta.fi","alypaa.com"],"resourceTypes":["script"],"urlFilter":"||sf.nm-ovp.nelonenmedia.fi/player/games/ruutu-player-loader.js"},"id":16,"priority":10},
{"action":{"type":"allow"},"condition":{"initiatorDomains":["mtv.fi","mtvuutiset.fi"],"urlFilter":"||fi-mtv3.videoplaza.tv/proxy/distributor"},"id":17,"priority":30},
{"action":{"type":"allow"},"condition":{"initiatorDomains":["oma.posti.fi","service.force.com"],"urlFilter":"||salesforceliveagent.com^"},"id":18,"priority":30},
{"action":{"type":"block"},"condition":{"initiatorDomains":["ykkoslohja.fi"],"resourceTypes":["image"],"urlFilter":"||storage.googleapis.com/mcanism-prod/advert/"},"id":19,"priority":10},
{"action":{"type":"block"},"condition":{"initiatorDomains":["mtv.fi","mtvuutiset.fi"],"resourceTypes":["xmlhttprequest"],"urlFilter":"||fi-mtv3.videoplaza.tv/proxy/distributor/*&xpb=1"},"id":20,"priority":40},
{"action":{"type":"allow"},"condition":{"initiatorDomains":["mtv.fi","mtvuutiset.fi"],"resourceTypes":["xmlhttprequest"],"urlFilter":"||fwmrm.net/ad/g/*mtv"},"id":21,"priority":30},
{"action":{"type":"block"},"condition":{"initiatorDomains":["projektiuutiset.fi"],"resourceTypes":["image"],"urlFilter":"||projektiuutiset.fi/*banner"},"id":22,"priority":10},
{"action":{"type":"block"},"condition":{"initiatorDomains":["gamereactor.fi"],"urlFilter":"/prerolls/*.mp4"},"id":23,"priority":10},
{"action":{"type":"block"},"condition":{"initiatorDomains":["kalastuslehti.fi"],"resourceTypes":["sub_frame"],"urlFilter":"||kalastuslehti.fi/?_dnid="},"id":24,"priority":10},
{"action":{"type":"block"},"condition":{"initiatorDomains":["tekniikanmaailma.fi"],"urlFilter":"||kotiliesi.fi/upotukset/hintaopas/"},"id":25,"priority":10},
{"action":{"type":"block"},"condition":{"initiatorDomains":["lbaanijakuva.fi"],"urlFilter":"||lbaanijakuva.fi/test/*?template=prisjakt"},"id":26,"priority":10},
{"action":{"type":"block"},"condition":{"initiatorDomains":["matkaendurot.net"],"urlFilter":"||matkaendurot.net/images/*banner"},"id":27,"priority":10},
{"action":{"type":"block"},"condition":{"initiatorDomains":["totalvene.fi"],"resourceTypes":["image","media"],"urlFilter":"||totalvene.fi/images/banners/"},"id":28,"priority":10},
{"action":{"type":"block"},"condition":{"initiatorDomains":["seksitreffit.fi"],"urlFilter":"||seksitreffit.fi/banners/"},"id":29,"priority":10},
{"action":{"type":"block"},"condition":{"initiatorDomains":["moottori.fi"],"urlFilter":"||tori.fi/*banner"},"id":30,"priority":10},
{"action":{"type":"block"},"condition":{"initiatorDomains":["apteekkari.fi"],"resourceTypes":["image"],"urlFilter":"/a-ylabannerit"},"id":31,"priority":10},
{"action":{"type":"block"},"condition":{"initiatorDomains":["apteekkari.fi"],"resourceTypes":["image"],"urlFilter":"/b-suurbannerit-uutisvirrassa"},"id":32,"priority":10},
{"action":{"type":"block"},"condition":{"initiatorDomains":["blogit.fi"],"resourceTypes":["image"],"urlFilter":"||blogit.fi/ext/"},"id":33,"priority":10},
{"action":{"type":"block"},"condition":{"initiatorDomains":["caravan-lehti.fi"],"resourceTypes":["image"],"urlFilter":"||caravan-lehti.fi/media/carado-matkailuauto."},"id":34,"priority":10},
{"action":{"type":"block"},"condition":{"initiatorDomains":["urbaanisanakirja.com"],"resourceTypes":["image"],"urlFilter":"||dropbox.com/*usbanner.gif"},"id":35,"priority":10},
{"action":{"type":"block"},"condition":{"initiatorDomains":["elmotv.com"],"resourceTypes":["image"],"urlFilter":"||elmotv.com/wp-content/uploads/*/stake-banneri-"},"id":36,"priority":10},
{"action":{"type":"block"},"condition":{"initiatorDomains":["hymy.fi"],"resourceTypes":["image"],"urlFilter":"||hymy.fi/wp-content/uploads/2023/05/nicorette2023_4_300x300.jpg"},"id":37,"priority":10},
{"action":{"type":"block"},"condition":{"initiatorDomains":["is.fi"],"resourceTypes":["image"],"urlFilter":"||is.fi/kampanjat/taloussanomat/startel_600x300px.jpg"},"id":38,"priority":10},
{"action":{"type":"block"},"condition":{"initiatorDomains":["kaasujalka.fi"],"resourceTypes":["image"],"urlFilter":"||kaasujalka.fi/assets/banners/"},"id":39,"priority":10},
{"action":{"type":"block"},"condition":{"initiatorDomains":["karjalainen.fi"],"resourceTypes":["image"],"urlFilter":"||karjalainen.fi/images/banners/kiinnostuitko"},"id":40,"priority":10},
{"action":{"redirect":{"extensionPath":"/web_accessible_resources/noop-0.1s.mp3"},"type":"redirect"},"condition":{"initiatorDomains":["ruutu.fi"],"requestDomains":["freewheel-jitt.sanoma.fi","sanoma-prod.integration-x.com"],"resourceTypes":["media"]},"id":41,"priority":11},
{"action":{"type":"block"},"condition":{"initiatorDomains":["keskustelu.pakkotoisto.com"],"resourceTypes":["image"],"urlFilter":"||keskustelu.pakkotoisto.com/bannerit/"},"id":42,"priority":10},
{"action":{"type":"block"},"condition":{"initiatorDomains":["kinuskikissa.fi"],"resourceTypes":["image"],"urlFilter":"||kinuskikissa.fi/wp-content/uploads/*kumppani_*.gif"},"id":43,"priority":10},
{"action":{"type":"block"},"condition":{"initiatorDomains":["kiuruvesilehti.fi"],"resourceTypes":["image"],"urlFilter":"||kiuruvesilehti.fi/wp-content/uploads/*kampanja_banneri.png"},"id":44,"priority":10},
{"action":{"type":"block"},"condition":{"initiatorDomains":["koeajolle.com"],"resourceTypes":["image"],"urlFilter":"||koeajolle.com/wp-content/uploads/*/blue-billboard-*.jpg"},"id":45,"priority":10},
{"action":{"type":"block"},"condition":{"initiatorDomains":["koeajolle.com"],"resourceTypes":["image"],"urlFilter":"||koeajolle.com/wp-content/uploads/*/blue-rect-*.jpg"},"id":46,"priority":10},
{"action":{"type":"block"},"condition":{"initiatorDomains":["koeajolle.com"],"resourceTypes":["image"],"urlFilter":"||koeajolle.com/wp-content/uploads/*/pop-vakuutus-alennuskoodi.png"},"id":47,"priority":10},
{"action":{"type":"block"},"condition":{"initiatorDomains":["laitilansanomat.fi"],"resourceTypes":["image"],"urlFilter":"||laitilansanomat.fi^*/gallery/mainos*/"},"id":48,"priority":10},
{"action":{"type":"block"},"condition":{"initiatorDomains":["mobiili.fi"],"resourceTypes":["image"],"urlFilter":"||mobiili.fi/wp-content/uploads/2019/08/bms_2019_980x120.jpg"},"id":49,"priority":10},
{"action":{"type":"block"},"condition":{"initiatorDomains":["mvlehti.net"],"resourceTypes":["image"],"urlFilter":"||mvlehti.net/image/adv.jpg"},"id":50,"priority":10},
{"action":{"type":"block"},"condition":{"initiatorDomains":["mvlehti.net"],"resourceTypes":["image"],"urlFilter":"||mvlehti.net/uploads/2021/06/halvinlaina-otsikko.jpg"},"id":51,"priority":10},
{"action":{"type":"block"},"condition":{"initiatorDomains":["sijoittaja.fi"],"resourceTypes":["image"],"urlFilter":"||no-cache.hubspot.com/cta/"},"id":52,"priority":10},
{"action":{"redirect":{"extensionPath":"/web_accessible_resources/noop-0.1s.mp3"},"type":"redirect"},"condition":{"initiatorDomains":["mtv.fi","mtvuutiset.fi"],"resourceTypes":["media"],"urlFilter":"||cloudfront.net/creatives/assets/*.mp4"},"id":53,"priority":11},
{"action":{"type":"block"},"condition":{"initiatorDomains":["rakentaja.fi"],"resourceTypes":["image"],"urlFilter":"||rakentaja.fi/kuvat/esitykset/bannerit/*_keittiomaailma-schibsted-*-kampanja"},"id":54,"priority":10},
{"action":{"type":"block"},"condition":{"initiatorDomains":["retkilehti.fi"],"resourceTypes":["image"],"urlFilter":"||retkilehti.fi^*/calazo_banner_"},"id":55,"priority":10},
{"action":{"type":"block"},"condition":{"initiatorDomains":["riistalehti.fi"],"resourceTypes":["image"],"urlFilter":"||riistalehti.fi^*/haix-nature-camo-"},"id":56,"priority":10},
{"action":{"type":"block"},"condition":{"initiatorDomains":["riistalehti.fi"],"resourceTypes":["image"],"urlFilter":"||riistalehti.fi^*_banner_retki_nature_camo_"},"id":57,"priority":10},
{"action":{"type":"block"},"condition":{"initiatorDomains":["tiketti.fi"],"resourceTypes":["image"],"urlFilter":"||tiketti.fi/tiedostot/*/tiketti*_paraati_"},"id":58,"priority":10},
{"action":{"type":"block"},"condition":{"initiatorDomains":["vau.fi"],"resourceTypes":["script"],"urlFilter":"||apps.sandviks.com/apix?x-method=elementservice.selectadvertiserelement"},"id":59,"priority":10},
{"action":{"type":"block"},"condition":{"initiatorDomains":["telsu.fi"],"resourceTypes":["script"],"urlFilter":"||fundingchoicesmessages.google.com^"},"id":60,"priority":10},
{"action":{"type":"block"},"condition":{"initiatorDomains":["gamereactor.fi"],"resourceTypes":["script"],"urlFilter":"||gamereactor.fi^*/videojs.ads.js"},"id":61,"priority":10},
{"action":{"type":"block"},"condition":{"initiatorDomains":["kuvake.net"],"resourceTypes":["script"],"urlFilter":"||kuvake.net/js/bannerloader.js"},"id":62,"priority":10},
{"action":{"type":"block"},"condition":{"initiatorDomains":["ilkkapohjalainen.fi"],"resourceTypes":["script"],"urlFilter":"||nyt.tassa.fi/ctxwidget/ipctxwidget.js"},"id":63,"priority":10},
{"action":{"type":"block"},"condition":{"initiatorDomains":["proshop.fi"],"resourceTypes":["script"],"urlFilter":"||proshop.fi/content/*/leadfamly.bundle.js"},"id":64,"priority":10},
{"action":{"type":"block"},"condition":{"initiatorDomains":["iltalehti.fi"],"resourceTypes":["script"],"urlFilter":"||script.ilcdn.fi/etua-lainalaskuri/etua-lainalaskuri.min.js"},"id":65,"priority":10},
{"action":{"type":"block"},"condition":{"initiatorDomains":["seksitreffit.fi"],"resourceTypes":["script"],"urlFilter":"||seksitreffit.fi/*popunder.js"},"id":66,"priority":10},
{"action":{"type":"block"},"condition":{"initiatorDomains":["ts.fi"],"resourceTypes":["script"],"urlFilter":"||ts.fi/adframe.js"},"id":67,"priority":10},
{"action":{"type":"block"},"condition":{"initiatorDomains":["vauva.fi"],"resourceTypes":["script"],"urlFilter":"||vauva.fi/modules/custom/vauva_cts/modules/vauva_cts_native/js/vauva_cts_native.js"},"id":68,"priority":10},
{"action":{"type":"block"},"condition":{"initiatorDomains":["vertaa.fi"],"resourceTypes":["script"],"urlFilter":"||vertaa.fi^*/showads.js"},"id":69,"priority":10},
{"action":{"type":"block"},"condition":{"initiatorDomains":["seutumajakka.fi"],"resourceTypes":["xmlhttprequest"],"urlFilter":"/common-column-ads"},"id":70,"priority":10},
{"action":{"redirect":{"extensionPath":"/web_accessible_resources/noop-0.1s.mp3"},"type":"redirect"},"condition":{"initiatorDomains":["ruutu.fi","supla.fi"],"resourceTypes":["media"],"urlFilter":"||nelonenmedia-pmd-ads-*.nm-stream.nelonenmedia.fi^"},"id":71,"priority":11},
{"action":{"redirect":{"transform":{"queryTransform":{"removeParams":["browser"]}}},"type":"redirect"},"condition":{"initiatorDomains":["mtv.fi","mtvuutiset.fi"],"resourceTypes":["xmlhttprequest"],"urlFilter":"&browser=mozillafirefox"},"id":72},
{"action":{"type":"block"},"condition":{"initiatorDomains":["keskustelu.kaksplus.fi"],"resourceTypes":["xmlhttprequest"],"urlFilter":"||kaksplus.fi/wp-json/feeds/ad-feed"},"id":73,"priority":10},
{"action":{"type":"block"},"condition":{"initiatorDomains":["kotikarjala.fi"],"resourceTypes":["xmlhttprequest"],"urlFilter":"||kotikarjala.fi/eneo?tem=ndap_ilmoitus&"},"id":74,"priority":10},
{"action":{"redirect":{"extensionPath":"/web_accessible_resources/noop.txt"},"type":"redirect"},"condition":{"initiatorDomains":["telsu.fi"],"resourceTypes":["xmlhttprequest"],"urlFilter":"||adservice.google.com/adsid/integrator.js"},"id":75,"priority":11},
{"action":{"redirect":{"extensionPath":"/web_accessible_resources/noop.txt"},"type":"redirect"},"condition":{"initiatorDomains":["puhekupla.com"],"resourceTypes":["xmlhttprequest"],"urlFilter":"||doubleclick.net^"},"id":76,"priority":11},
{"action":{"type":"block"},"condition":{"initiatorDomains":["is.fi"],"resourceTypes":["sub_frame"],"urlFilter":"||kampanjat.is.fi/alennuskoodit-promo/index.html"},"id":77,"priority":10},
{"action":{"redirect":{"extensionPath":"/web_accessible_resources/noop-0.1s.mp3"},"type":"redirect"},"condition":{"initiatorDomains":["totalvene.fi"],"resourceTypes":["media"],"urlFilter":"/adverts/*.mp4"},"id":78,"priority":11},
{"action":{"type":"block"},"condition":{"initiatorDomains":["ampparit.com"],"resourceTypes":["sub_frame"],"urlFilter":"||nettiauto.com/en/ampparitbanner*.php"},"id":79,"priority":10},
{"action":{"type":"allow"},"condition":{"initiatorDomains":["oma.posti.fi"],"urlFilter":"||service.force.com^"},"id":80,"priority":30},
{"action":{"redirect":{"transform":{"queryTransform":{"removeParams":["caid"]}}},"type":"redirect"},"condition":{"resourceTypes":["image","main_frame","sub_frame","xmlhttprequest"],"urlFilter":"||v.fwmrm.net/ad/g/1*^caid="},"id":81},
{"action":{"type":"block"},"condition":{"initiatorDomains":["huuto.net"],"resourceTypes":["script"],"urlFilter":"||scripts.claspo.io^"},"id":82,"priority":10},
{"action":{"type":"allow"},"condition":{"initiatorDomains":["www.seurakuntalainen.fi"],"urlFilter":"||consent.cookiebot.com/uc.js"},"id":83,"priority":30},
{"action":{"type":"allow"},"condition":{"initiatorDomains":["www.seurakuntalainen.fi"],"urlFilter":"||consent.cookiebot.com/*/cc.js?renew=true"},"id":84,"priority":30},
{"action":{"type":"allow"},"condition":{"initiatorDomains":["www.seurakuntalainen.fi"],"urlFilter":"||consent.cookiebot.com/logconsent.ashx"},"id":85,"priority":30},
{"action":{"type":"allow"},"condition":{"initiatorDomains":["pohjanmaanhyvinvointi.fi"],"urlFilter":"||googletagmanager.com/gtm.js"},"id":86,"priority":30},
{"action":{"redirect":{"extensionPath":"/web_accessible_resources/noop.js"},"type":"redirect"},"condition":{"initiatorDomains":["telsu.fi"],"resourceTypes":["xmlhttprequest"],"urlFilter":"||adform.net^"},"id":87,"priority":11},
{"action":{"type":"allow"},"condition":{"initiatorDomains":["www.netrauta.fi"],"resourceTypes":["image"],"urlFilter":"/media/banners/"},"id":88,"priority":30},
{"action":{"type":"allow"},"condition":{"initiatorDomains":["elisa.fi"],"resourceTypes":["script"],"urlFilter":"||conductrics.com^"},"id":89,"priority":30},
{"action":{"type":"allow"},"condition":{"initiatorDomains":["verkkopalvelu.turva.fi"],"resourceTypes":["script"],"urlFilter":"||adobedtm.com^"},"id":90,"priority":30},
{"action":{"type":"allow"},"condition":{"initiatorDomains":["telsu.fi"],"resourceTypes":["script"],"urlFilter":"||securepubads.g.doubleclick.net/pagead/managed/js/gpt/*/pubads_impl.js"},"id":91,"priority":30},
{"action":{"type":"allow"},"condition":{"initiatorDomains":["www.tek.fi"],"resourceTypes":["script"],"urlFilter":"/eu_cookie_compliance.min.js"},"id":92,"priority":30},
{"action":{"type":"allow"},"condition":{"initiatorDomains":["verkkouutiset.fi"],"resourceTypes":["xmlhttprequest"],"urlFilter":"||adserve.adcoin.com/display/ad_block/"},"id":93,"priority":30},
{"action":{"type":"allow"},"condition":{"initiatorDomains":["power.fi"],"resourceTypes":["xmlhttprequest"],"urlFilter":"||power.fi/umbraco/api/tracking/trackorder"},"id":94,"priority":30},
{"action":{"type":"allow"},"condition":{"initiatorDomains":["elisa.fi"],"resourceTypes":["xmlhttprequest"],"urlFilter":"||publish.ne.cision.com/"},"id":95,"priority":30},
{"action":{"type":"allow"},"condition":{"initiatorDomains":["seiska.fi"],"resourceTypes":["media"],"urlFilter":"||seiska.b-cdn.net/mainos.mp4"},"id":96,"priority":30},
{"action":{"type":"allow"},"condition":{"initiatorDomains":["track.adform.net"],"resourceTypes":["main_frame"],"urlFilter":"||track.adform.net/*dna.fi/"},"id":97,"priority":30},
{"action":{"type":"allow"},"condition":{"initiatorDomains":["clk.tradedoubler.com"],"resourceTypes":["main_frame"],"urlFilter":"||clk.tradedoubler.com/click*cdon.fi"},"id":98,"priority":30},
{"action":{"type":"allow"},"condition":{"initiatorDomains":["ad.doubleclick.net"],"resourceTypes":["main_frame"],"urlFilter":"||ad.doubleclick.net/ddm/clk/*coolshop.fi/tuote/"},"id":99,"priority":30},
{"action":{"type":"allow"},"condition":{"domainType":"thirdParty","initiatorDomains":["elisa.fi"],"urlFilter":"||googletagmanager.com/gtm.js?"},"id":100,"priority":30},
{"action":{"type":"block"},"condition":{"urlFilter":"/bannercounter.php"},"id":101,"priority":10},
{"action":{"type":"block"},"condition":{"urlFilter":"/js/spring.js"},"id":102,"priority":10},
{"action":{"type":"block"},"condition":{"urlFilter":"/karuselli/js/agadcarousel"},"id":103,"priority":10},
{"action":{"type":"block"},"condition":{"urlFilter":"/mainokset."},"id":104,"priority":10},
{"action":{"type":"block"},"condition":{"urlFilter":"/mainokset/"},"id":105,"priority":10},
{"action":{"type":"block"},"condition":{"urlFilter":"/mainokset_"},"id":106,"priority":10},
{"action":{"type":"block"},"condition":{"urlFilter":"/mainos."},"id":107,"priority":10},
{"action":{"type":"block"},"condition":{"urlFilter":"/mainos/"},"id":108,"priority":10},
{"action":{"type":"block"},"condition":{"urlFilter":"/mainos_"},"id":109,"priority":10},
{"action":{"type":"block"},"condition":{"urlFilter":"/mainosbanneri."},"id":110,"priority":10},
{"action":{"type":"block"},"condition":{"urlFilter":"/mainosbanneri/"},"id":111,"priority":10},
{"action":{"type":"block"},"condition":{"urlFilter":"/mainosbanneri_"},"id":112,"priority":10},
{"action":{"type":"block"},"condition":{"urlFilter":"/mainosbannerit."},"id":113,"priority":10},
{"action":{"type":"block"},"condition":{"urlFilter":"/mainosbannerit/"},"id":114,"priority":10},
{"action":{"type":"block"},"condition":{"urlFilter":"/mainosbannerit_"},"id":115,"priority":10},
{"action":{"type":"block"},"condition":{"urlFilter":"/mainoskaruselli."},"id":116,"priority":10},
{"action":{"type":"block"},"condition":{"urlFilter":"/mainoskaruselli/"},"id":117,"priority":10},
{"action":{"type":"block"},"condition":{"urlFilter":"/mainoskaruselli_yli"},"id":118,"priority":10},
{"action":{"type":"block"},"condition":{"urlFilter":"/sponsorit."},"id":119,"priority":10},
{"action":{"type":"block"},"condition":{"urlFilter":"/sponsorit/"},"id":120,"priority":10},
{"action":{"type":"block"},"condition":{"urlFilter":"/sponsorit_"},"id":121,"priority":10},
{"action":{"type":"block"},"condition":{"urlFilter":"/yhteistyokumppanit."},"id":122,"priority":10},
{"action":{"type":"block"},"condition":{"urlFilter":"/yhteistyokumppanit/"},"id":123,"priority":10},
{"action":{"type":"block"},"condition":{"urlFilter":"/yhteistyokumppanit_"},"id":124,"priority":10},
{"action":{"type":"block"},"condition":{"urlFilter":"/yhteistyossa."},"id":125,"priority":10},
{"action":{"type":"block"},"condition":{"urlFilter":"/yhteistyossa/"},"id":126,"priority":10},
{"action":{"type":"block"},"condition":{"urlFilter":"/yhteistyossa_"},"id":127,"priority":10},
{"action":{"type":"block"},"condition":{"urlFilter":"_mainos."},"id":128,"priority":10},
{"action":{"type":"block"},"condition":{"urlFilter":"_mainosnappi."},"id":129,"priority":10},
{"action":{"type":"block"},"condition":{"urlFilter":"||kaksplus.fi/upotukset/hintaopas^"},"id":130,"priority":10},
{"action":{"type":"block"},"condition":{"urlFilter":"||dwk14raokkwxv.cloudfront.net/sanomafi/media/*.mp4"},"id":131,"priority":10},
{"action":{"type":"block"},"condition":{"urlFilter":"||mobiili.fi/wp-content/themes/mobiilitheme/images/small-loading.gif"},"id":132,"priority":10},
{"action":{"type":"block"},"condition":{"resourceTypes":["image"],"urlFilter":"/mainosmokkula/"},"id":133,"priority":10},
{"action":{"type":"block"},"condition":{"resourceTypes":["image"],"urlFilter":"||aamuset.fi/content/app/img/latkaliiga_banneri.jpg"},"id":134,"priority":10},
{"action":{"type":"block"},"condition":{"resourceTypes":["image"],"urlFilter":"||alibi.fi/wp-content/uploads/2018/03/al_sivupalkin_myyntiviesti2.jpg"},"id":135,"priority":10},
{"action":{"type":"block"},"condition":{"resourceTypes":["image"],"urlFilter":"||bittiraha.fi/app/themes/bittiraha-theme/assets/images/bittiraha_coinmotion_banner"},"id":136,"priority":10},
{"action":{"type":"block"},"condition":{"resourceTypes":["image"],"urlFilter":"||bittiraha.fi/app/uploads/*/bittimaatti*_banner"},"id":137,"priority":10},
{"action":{"type":"block"},"condition":{"resourceTypes":["image"],"urlFilter":"||etn.fi/images/banners/"},"id":138,"priority":10},
{"action":{"type":"block"},"condition":{"resourceTypes":["image"],"urlFilter":"||hifimaailma.fi/neodirect/static/*/karuselli"},"id":139,"priority":10},
{"action":{"type":"block"},"condition":{"resourceTypes":["image"],"urlFilter":"||hymy.fi/wp-content/uploads/2018/03/hy_sivupalkin_myyntiviesti2.jpg"},"id":140,"priority":10},
{"action":{"type":"block"},"condition":{"resourceTypes":["image"],"urlFilter":"||hymy.fi/wp-content/uploads/2022/11/nicorette_hymy.jpg"},"id":141,"priority":10},
{"action":{"type":"block"},"condition":{"resourceTypes":["image"],"urlFilter":"||ig.fi/bannerit/koronabanneri.png"},"id":142,"priority":10},
{"action":{"type":"block"},"condition":{"resourceTypes":["image"],"urlFilter":"||io-tech.fi/images/*_290x290px.png"},"id":143,"priority":10},
{"action":{"type":"block"},"condition":{"resourceTypes":["image"],"urlFilter":"||juomaposti.fi/wp-content/uploads/*/paraatibanner-mobiili.jpg"},"id":144,"priority":10},
{"action":{"type":"block"},"condition":{"resourceTypes":["image"],"urlFilter":"||media.power-cdn.net/images/pages/orderpage/*-power-huippudiili-*.jpg"},"id":145,"priority":10},
{"action":{"type":"block"},"condition":{"resourceTypes":["image"],"urlFilter":"||media.toimitilat.kauppalehti.fi/image.aspx?f=/banners/"},"id":146,"priority":10},
{"action":{"type":"block"},"condition":{"resourceTypes":["image"],"urlFilter":"||testeri.fi/inc/museokortti.png"},"id":147,"priority":10},
{"action":{"type":"block"},"condition":{"resourceTypes":["image"],"urlFilter":"||tohtorille.fi/content/img/op-banners/"},"id":148,"priority":10},
{"action":{"type":"block"},"condition":{"resourceTypes":["image"],"urlFilter":"||urbaanisanakirja.com/static/img/portsaad.png"},"id":149,"priority":10},
{"action":{"type":"block"},"condition":{"resourceTypes":["script"],"urlFilter":"||cloudfront.net/poppartners/"},"id":150,"priority":10},
{"action":{"type":"block"},"condition":{"resourceTypes":["script"],"urlFilter":"||otavamedia.fi/ad/"},"id":151,"priority":10},
{"action":{"type":"block"},"condition":{"resourceTypes":["image"],"urlFilter":"||ykkoslohja.fi/wp-content/uploads/*/ksupermarket"},"id":152,"priority":10},
{"action":{"type":"block"},"condition":{"resourceTypes":["sub_frame"],"urlFilter":"||feed.autotalli.com/bannerdata/html/*.html"},"id":153,"priority":10},
{"action":{"type":"block"},"condition":{"resourceTypes":["sub_frame"],"urlFilter":"||feed.etuovi.com/etuovi/html/*.html"},"id":154,"priority":10},
{"action":{"type":"block"},"condition":{"resourceTypes":["sub_frame"],"urlFilter":"||hintaseuranta.fi/*/tripsteri_boxes/"},"id":155,"priority":10},
{"action":{"type":"block"},"condition":{"resourceTypes":["image"],"urlFilter":"||ykkoslohja.fi/wp-content/uploads/*/lainaaverkossa"},"id":156,"priority":10},
{"action":{"type":"block"},"condition":{"resourceTypes":["sub_frame"],"urlFilter":"||testeri.fi/ext_telsu"},"id":157,"priority":10},
{"action":{"type":"block"},"condition":{"resourceTypes":["sub_frame"],"urlFilter":"||vg.is.fi/autotie-is-*/"},"id":158,"priority":10},
{"action":{"type":"block"},"condition":{"resourceTypes":["sub_frame"],"urlFilter":"||recommendations.asunnot.oikotie.fi^"},"id":159,"priority":10},
{"action":{"type":"block"},"condition":{"resourceTypes":["media"],"urlFilter":"||com-wakedynamite-production-publish.s3.amazonaws.com/publish/"},"id":160,"priority":10},
{"action":{"type":"block"},"condition":{"resourceTypes":["media"],"urlFilter":"||nelonenmedia-pmd-ads-*.nm-stream.nelonenmedia.fi^"},"id":161,"priority":10},
{"action":{"type":"block"},"condition":{"resourceTypes":["media"],"urlFilter":"||freewheel-jitt.sanoma.fi^"},"id":162,"priority":10},
{"action":{"type":"block"},"condition":{"domainType":"thirdParty","urlFilter":"||cloudfront.net/images/backgroundimages/backgroundimage^"},"id":163,"priority":10},
{"action":{"type":"block"},"condition":{"domainType":"thirdParty","resourceTypes":["xmlhttprequest"],"urlFilter":"||etuovi.com^"},"id":164,"priority":10},
{"action":{"type":"allow"},"condition":{"urlFilter":"||tags.tiqcdn.com/utag/sanoma-fi/*/utag.js"},"id":165,"priority":30},
{"action":{"type":"allow"},"condition":{"resourceTypes":["script"],"urlFilter":"||srk.fi/*/cookielaw.js"},"id":166,"priority":30},
{"action":{"type":"allow"},"condition":{"resourceTypes":["xmlhttprequest"],"urlFilter":"||sf.nm-ovp.nelonenmedia.fi/logger/logger-ini.json"},"id":167,"priority":30},
{"action":{"type":"allow"},"condition":{"domainType":"firstParty","urlFilter":"||click.redditmail.com^"},"id":168,"priority":30},
{"action":{"type":"block"},"condition":{"initiatorDomains":["stadissa.fi"],"urlFilter":"||stadissa.fi/ads/slider-scripts/"},"id":169,"priority":10},
{"action":{"type":"block"},"condition":{"initiatorDomains":["stadissa.fi"],"resourceTypes":["image"],"urlFilter":"||stadissa.fi/images/stadissa/ads/*-980-200.jpg"},"id":170,"priority":10},
{"action":{"type":"block"},"condition":{"initiatorDomains":["stadissa.fi"],"resourceTypes":["image"],"urlFilter":"||stadissa.fi/images/stadissa/ads/*-desktop.jpg"},"id":171,"priority":10},
{"action":{"type":"block"},"condition":{"initiatorDomains":["stadissa.fi"],"resourceTypes":["image"],"urlFilter":"||stadissa.fi/images/stadissa/ads/*.gif"},"id":172,"priority":10},
{"action":{"type":"block"},"condition":{"initiatorDomains":["stadissa.fi"],"resourceTypes":["image"],"urlFilter":"||stadissa.fi/images/stadissa/ads/*_900.jpg"},"id":173,"priority":10},
{"action":{"type":"block"},"condition":{"initiatorDomains":["stadissa.fi"],"resourceTypes":["image"],"urlFilter":"||stadissa.fi/images/stadissa/ads/*_980x200.jpg"},"id":174,"priority":10},
{"action":{"type":"block"},"condition":{"initiatorDomains":["stadissa.fi"],"resourceTypes":["image"],"urlFilter":"||stadissa.fi/images/stadissa/ads/*_desk.jpg"},"id":175,"priority":10},
{"action":{"type":"block"},"condition":{"initiatorDomains":["koeajolle.com"],"resourceTypes":["script"],"urlFilter":"||aff.carvertical.com/sdk.js"},"id":176,"priority":10},
{"action":{"type":"allow"},"condition":{"urlFilter":"||teliafi-chat.lekane.net^"},"id":177,"priority":30},
{"action":{"type":"block"},"condition":{"resourceTypes":["image"],"urlFilter":"||etn.fi//images/banners/"},"id":178,"priority":10},
{"action":{"type":"block"},"condition":{"initiatorDomains":["superpesis.fi"],"resourceTypes":["image"],"urlFilter":"||datocms-assets.com/*banneri"},"id":179,"priority":10},
{"action":{"type":"block"},"condition":{"initiatorDomains":["superpesis.fi"],"resourceTypes":["image"],"urlFilter":"||datocms-assets.com/*980x400"},"id":180,"priority":10},
{"action":{"type":"block"},"condition":{"initiatorDomains":["superpesis.fi"],"resourceTypes":["image"],"urlFilter":"||datocms-assets.com/*600x600"},"id":181,"priority":10}
]
